0;0;0;0;land;false;unknown;0
1;183;37;1;land;true;forest;7
2;178;43;1;land;false;forest;7
3;183;41;1;land;false;hills;7
4;226;17;1;land;true;forest;7
5;245;20;1;land;true;forest;7
6;243;28;1;land;false;hills;7
7;242;32;1;land;true;forest;7
8;229;46;1;land;true;hills;7
9;178;42;1;land;false;plains;7
10;184;12;1;land;false;hills;7
11;178;45;1;land;false;plains;7
12;211;20;1;land;true;forest;7
13;133;75;1;land;false;plains;7
14;103;83;1;land;false;hills;7
15;113;106;1;land;false;hills;7
16;176;148;1;land;false;hills;7
17;113;124;1;land;false;hills;7
18;138;122;1;land;false;hills;7
19;167;108;1;land;false;hills;7
20;142;122;1;land;false;hills;7
21;145;134;1;land;false;plains;7
22;179;76;1;land;false;mountain;7
23;118;127;1;land;false;plains;7
24;117;82;1;land;false;hills;7
25;130;73;1;land;false;plains;7
26;133;83;1;land;false;hills;7
27;174;132;1;land;false;mountain;7
28;231;50;1;land;false;hills;7
29;204;96;1;land;false;hills;7
30;212;106;1;land;true;mountain;7
31;184;102;1;land;true;hills;7
32;174;46;1;land;false;hills;7
33;242;44;1;land;false;hills;7
34;234;75;1;land;false;hills;7
35;236;43;1;land;true;mountain;7
36;240;105;1;land;true;mountain;7
37;193;84;1;land;false;mountain;7
38;235;119;1;land;false;mountain;7
39;231;93;1;land;true;mountain;7
40;175;89;1;land;false;hills;7
41;220;64;1;land;true;mountain;7
42;52;185;1;land;true;hills;7
43;23;234;1;land;true;hills;7
44;79;237;1;land;true;hills;7
45;28;80;1;land;false;plains;7
46;36;66;1;land;false;plains;7
47;43;71;1;land;false;hills;7
48;23;113;1;land;false;hills;7
49;42;72;1;land;false;plains;7
50;78;112;1;land;false;plains;7
51;29;98;1;land;false;plains;7
52;50;120;1;land;false;hills;7
53;63;83;1;land;false;plains;7
54;41;109;1;land;false;plains;7
55;59;46;1;land;false;plains;7
56;69;115;1;land;false;plains;7
57;57;79;1;land;false;plains;7
58;63;114;1;land;false;plains;7
59;37;92;1;land;false;plains;7
60;81;62;1;land;false;plains;7
61;87;119;1;land;false;plains;7
62;83;93;1;land;false;plains;7
63;36;122;1;land;false;plains;7
64;94;103;1;land;false;plains;7
65;97;89;1;land;false;plains;7
66;61;98;1;land;false;plains;7
67;82;84;1;land;false;plains;7
68;77;67;1;land;false;hills;7
69;45;49;1;land;false;plains;7
70;82;64;1;land;false;plains;7
71;28;44;1;land;false;plains;7
72;49;110;1;land;false;plains;7
73;71;86;1;land;false;plains;7
74;40;105;1;land;false;plains;7
75;42;85;1;land;false;plains;7
76;72;101;1;land;false;plains;7
77;28;49;1;land;false;plains;7
78;65;46;1;land;false;plains;7
79;44;77;1;land;false;hills;7
80;39;113;1;land;false;plains;7
81;25;106;1;land;false;hills;7
82;50;89;1;land;false;plains;7
83;69;77;1;land;false;plains;7
84;61;89;1;land;false;plains;7
85;93;99;1;land;false;plains;7
86;92;85;1;land;false;plains;7
87;38;59;1;land;false;hills;7
88;95;107;1;land;false;plains;7
89;38;67;1;land;false;plains;7
90;24;91;1;land;false;plains;7
91;78;67;1;land;false;plains;7
92;152;35;1;land;false;plains;7
93;143;14;1;land;false;plains;7
94;132;42;1;land;false;plains;7
95;136;30;1;land;false;plains;7
96;101;53;1;land;false;plains;7
97;136;83;1;land;false;plains;7
98;134;75;1;land;false;hills;7
99;152;72;1;land;false;plains;7
100;129;22;1;land;false;plains;7
101;139;77;1;land;false;plains;7
102;112;20;1;land;false;plains;7
103;142;35;1;land;false;plains;7
104;141;39;1;land;false;plains;7
105;136;29;1;land;false;plains;7
106;145;90;1;land;false;plains;7
107;161;31;1;land;false;plains;7
108;108;80;1;land;false;plains;7
109;136;67;1;land;false;plains;7
110;146;87;1;land;false;plains;7
111;130;15;1;land;false;plains;7
112;100;79;1;land;false;plains;7
113;149;69;1;land;false;plains;7
114;147;22;1;land;false;plains;7
115;106;38;1;land;false;plains;7
116;149;49;1;land;false;plains;7
117;212;171;1;land;false;hills;7
118;232;179;1;land;false;hills;7
119;220;182;1;land;false;plains;7
120;205;190;1;land;false;hills;7
121;195;31;1;land;false;desert;7
122;210;40;1;land;false;hills;7
123;251;73;1;land;false;hills;7
124;213;33;1;land;false;desert;7
125;219;15;1;land;false;desert;7
126;205;18;1;land;false;desert;7
127;193;69;1;land;false;hills;7
128;235;20;1;land;false;hills;7
129;238;56;1;land;false;hills;7
130;201;91;1;land;false;desert;7
131;200;60;1;land;false;hills;7
132;205;45;1;land;false;desert;7
133;85;193;1;land;true;forest;7
134;93;208;1;land;true;forest;7
135;104;174;1;land;false;forest;7
136;108;144;1;land;false;hills;7
137;45;183;1;land;false;forest;7
138;105;208;1;land;false;mountain;7
139;84;192;1;land;false;hills;7
140;87;167;1;land;false;hills;7
141;106;188;1;land;false;hills;7
142;96;155;1;land;false;mountain;7
143;78;162;1;land;false;hills;7
144;64;197;1;land;false;hills;7
145;92;192;1;land;false;hills;7
146;74;139;1;land;true;mountain;7
147;99;144;1;land;false;mountain;7
148;67;201;1;land;true;mountain;7
149;76;201;1;land;false;mountain;7
150;61;156;1;land;true;forest;7
151;56;147;1;land;true;mountain;7
152;106;150;1;land;false;forest;7
153;90;187;1;land;false;mountain;7
154;93;181;1;land;false;forest;7
155;64;143;1;land;false;hills;7
156;63;196;1;land;false;hills;7
157;76;192;1;land;true;mountain;7
158;82;159;1;land;false;forest;7
159;100;187;1;land;false;mountain;7
160;68;213;1;land;false;hills;7
161;67;166;1;land;false;forest;7
162;91;148;1;land;true;plains;7
163;55;183;1;land;true;mountain;7
164;90;157;1;land;false;mountain;7
165;166;97;1;land;false;hills;7
166;129;63;1;land;false;desert;7
167;180;76;1;land;false;mountain;7
168;153;21;1;land;false;plains;7
169;163;81;1;land;false;desert;7
170;127;25;1;land;false;hills;7
171;163;46;1;land;false;plains;7
172;174;96;1;land;false;mountain;7
173;147;90;1;land;false;hills;7
174;153;97;1;land;false;plains;7
175;162;21;1;land;false;plains;7
176;175;56;1;land;false;plains;7
177;118;36;1;land;false;desert;7
178;125;40;1;land;false;plains;7
179;127;99;1;land;false;hills;7
180;191;95;1;land;false;plains;7
181;120;55;1;land;false;hills;7
182;180;71;1;land;false;plains;7
183;165;23;1;land;false;hills;7
184;117;81;1;land;false;plains;7
185;158;70;1;land;false;plains;7
186;139;42;1;land;false;plains;7
187;109;164;1;land;false;hills;7
188;96;190;1;land;false;hills;7
189;131;214;1;land;false;hills;7
190;142;158;1;land;false;plains;7
191;111;163;1;land;false;plains;7
192;102;200;1;land;false;hills;7
193;127;176;1;land;false;plains;7
194;127;174;1;land;false;plains;7
195;104;161;1;land;false;plains;7
196;127;156;1;land;false;hills;7
197;113;212;1;land;false;hills;7
198;144;161;1;land;false;plains;7
199;77;157;1;land;true;hills;7
200;130;163;1;land;false;hills;7
201;97;148;1;land;false;plains;7
202;80;161;1;land;false;hills;7
203;143;187;1;land;false;hills;7
204;88;193;1;land;false;hills;7
205;44;35;1;land;false;hills;7
206;67;72;1;land;false;hills;7
207;44;58;1;land;false;hills;7
208;43;58;1;land;false;hills;7
209;88;36;1;land;false;hills;7
210;44;37;1;land;false;hills;7
211;51;73;1;land;false;hills;7
212;97;0;1;land;false;hills;7
213;182;32;1;land;false;hills;7
214;216;76;1;land;true;mountain;7
215;197;6;1;land;true;hills;7
216;170;0;1;land;false;plains;7
217;185;11;1;land;false;plains;7
218;204;25;1;land;false;hills;7
219;185;10;1;land;true;hills;7
220;209;37;1;land;true;hills;7
221;210;25;1;land;false;hills;7
222;156;36;1;land;false;plains;7
223;159;70;1;land;true;plains;7
224;216;66;1;land;true;mountain;7
225;152;47;1;land;false;mountain;7
226;217;32;1;land;true;hills;7
227;155;45;1;land;true;hills;7
228;174;21;1;land;true;hills;7
229;141;34;1;land;false;mountain;7
230;242;8;1;land;false;plains;7
231;218;33;1;land;false;plains;7
232;251;19;1;land;false;plains;7
233;212;38;1;land;false;plains;7
234;220;30;1;land;false;hills;7
235;248;35;1;land;false;forest;7
236;224;45;1;land;false;forest;7
237;227;44;1;land;false;plains;7
238;229;13;1;land;false;hills;7
239;245;10;1;land;false;forest;7
240;242;45;1;land;false;hills;7
241;253;16;1;land;false;plains;7
242;213;37;1;land;false;hills;7
243;249;9;1;land;false;plains;7
244;245;26;1;land;false;plains;7
245;238;5;1;land;false;plains;7
246;165;94;1;land;false;hills;7
247;173;146;1;land;false;mountain;7
248;183;140;1;land;false;mountain;7
249;196;109;1;land;false;mountain;7
250;208;103;1;land;false;mountain;7
251;226;132;1;land;false;mountain;7
252;201;120;1;land;false;mountain;7
253;149;204;1;land;false;hills;7
254;126;199;1;land;false;hills;7
255;178;221;1;land;false;hills;7
256;157;204;1;land;false;hills;7
257;158;236;1;land;false;hills;7
258;160;218;1;land;false;hills;7
259;196;211;1;land;false;hills;7
260;189;204;1;land;false;hills;7
261;174;232;1;land;false;hills;7
262;135;216;1;land;false;hills;7
263;115;139;1;land;false;hills;7
264;134;90;1;land;false;hills;7
265;106;67;1;land;false;hills;7
266;100;142;1;land;false;hills;7
267;147;73;1;land;false;hills;7
268;153;95;1;land;true;hills;7
269;144;108;1;land;false;hills;7
270;106;69;1;land;false;mountain;7
271;131;109;1;land;false;hills;7
272;143;105;1;land;true;hills;7
273;130;100;1;land;true;hills;7
274;119;105;1;land;false;hills;7
275;162;79;1;land;false;hills;7
276;150;129;1;land;false;forest;7
277;158;103;1;land;false;forest;7
278;219;165;1;land;false;plains;7
279;217;160;1;land;false;plains;7
280;223;147;1;land;false;plains;7
281;252;159;1;land;false;plains;7
282;225;202;1;land;false;plains;7
283;217;200;1;land;false;plains;7
284;228;165;1;land;false;plains;7
285;194;132;1;land;false;plains;7
286;228;133;1;land;false;plains;7
287;193;133;1;land;false;plains;7
288;250;183;1;land;false;plains;7
289;241;133;1;land;false;plains;7
290;252;147;1;land;false;hills;7
291;195;197;1;land;false;plains;7
292;253;201;1;land;false;plains;7
293;45;75;1;land;true;hills;7
294;93;28;1;land;false;hills;7
295;111;42;1;land;true;hills;7
296;97;39;1;land;false;forest;7
297;86;71;1;land;false;plains;7
298;82;45;1;land;false;plains;7
299;77;59;1;land;true;forest;7
300;75;134;1;land;false;desert;7
301;66;168;1;land;false;hills;7
302;86;207;1;land;false;hills;7
303;39;177;1;land;false;hills;7
304;39;140;1;land;false;desert;7
305;85;209;1;land;false;hills;7
306;52;148;1;land;false;hills;7
307;96;143;1;land;false;desert;7
308;182;15;1;land;false;plains;7
309;157;63;1;land;false;plains;7
310;184;4;1;land;false;hills;7
311;146;10;1;land;false;hills;7
312;189;61;1;land;false;plains;7
313;198;4;1;land;false;plains;7
314;210;1;1;land;false;plains;7
315;158;4;1;land;false;plains;7
316;163;1;1;land;false;plains;7
317;182;2;1;land;false;plains;7
318;150;2;1;land;false;plains;7
319;170;49;1;land;false;hills;7
320;163;2;1;land;false;plains;7
321;155;22;1;land;false;hills;7
322;194;18;1;land;false;forest;7
323;162;35;1;land;false;plains;7
324;170;37;1;land;false;hills;7
325;189;22;1;land;false;plains;7
326;156;19;1;land;false;hills;7
327;148;36;1;land;false;hills;7
328;242;24;1;land;true;mountain;7
329;239;17;1;land;false;hills;7
330;224;24;1;land;false;hills;7
331;239;7;1;land;false;hills;7
332;230;3;1;land;true;mountain;7
333;223;0;1;land;true;mountain;7
334;217;16;1;land;false;hills;7
335;226;26;1;land;false;hills;7
336;220;22;1;land;false;mountain;7
337;252;43;1;land;false;mountain;7
338;219;16;1;land;false;mountain;7
339;243;34;1;land;false;mountain;7
340;240;36;1;land;false;mountain;7
341;246;35;1;land;true;forest;7
342;228;10;1;land;true;mountain;7
343;228;3;1;land;false;forest;7
344;227;124;1;land;true;hills;7
345;215;153;1;land;false;hills;7
346;238;124;1;land;false;plains;7
347;216;158;1;land;false;plains;7
348;226;114;1;land;false;hills;7
349;215;162;1;land;false;hills;7
350;217;112;1;land;false;hills;7
351;240;166;1;land;false;hills;7
352;220;138;1;land;false;hills;7
353;222;147;1;land;false;hills;7
354;214;165;1;land;true;plains;7
355;249;160;1;land;false;plains;7
356;222;136;1;land;false;plains;7
357;248;123;1;land;true;hills;7
358;239;137;1;land;false;hills;7
359;116;1;1;land;false;plains;7
360;125;51;1;land;false;plains;7
361;102;28;1;land;false;plains;7
362;93;10;1;land;false;plains;7
363;101;18;1;land;false;plains;7
364;88;15;1;land;false;hills;7
365;111;21;1;land;false;plains;7
366;132;0;1;land;false;hills;7
367;107;44;1;land;false;hills;7
368;143;17;1;land;false;plains;7
369;76;9;1;land;false;hills;7
370;80;16;1;land;false;plains;7
371;84;4;1;land;false;plains;7
372;68;32;1;land;false;plains;7
373;99;28;1;land;false;hills;7
374;78;16;1;land;false;plains;7
375;136;40;1;land;false;plains;7
376;115;17;1;land;false;plains;7
377;79;0;1;land;false;plains;7
378;113;0;1;land;false;plains;7
379;92;23;1;land;false;hills;7
380;118;20;1;land;false;hills;7
381;62;77;1;land;false;hills;7
382;58;126;1;land;false;mountain;7
383;90;80;1;land;false;hills;7
384;48;147;1;land;false;hills;7
385;88;87;1;land;false;hills;7
386;78;145;1;land;false;hills;7
387;101;124;1;land;false;forest;7
388;31;116;1;land;false;hills;7
389;183;219;1;land;true;mountain;7
390;156;230;1;land;false;hills;7
391;190;213;1;land;false;hills;7
392;176;203;1;land;true;plains;7
393;203;199;1;land;false;mountain;7
394;206;235;1;land;false;hills;7
395;189;211;1;land;false;plains;7
396;153;197;1;land;true;mountain;7
397;137;197;1;land;false;plains;7
398;181;222;1;land;false;mountain;7
399;172;243;1;land;false;hills;7
400;168;251;1;land;false;mountain;7
401;136;94;1;land;false;hills;7
402;135;95;1;land;false;hills;7
403;188;140;1;land;false;plains;7
404;188;113;1;land;false;hills;7
405;157;95;1;land;false;plains;7
406;196;100;1;land;false;plains;7
407;207;128;1;land;false;hills;7
408;180;102;1;land;false;plains;7
409;193;138;1;land;false;hills;7
410;167;96;1;land;false;hills;7
411;185;148;1;land;false;hills;7
412;144;132;1;land;false;plains;7
413;170;133;1;land;false;plains;7
414;152;123;1;land;false;hills;7
415;59;94;1;land;true;mountain;7
416;98;115;1;land;true;plains;7
417;80;131;1;land;true;mountain;7
418;67;68;1;land;false;mountain;7
419;71;117;1;land;true;mountain;7
420;61;65;1;land;false;hills;7
421;68;95;1;land;true;mountain;7
422;66;60;1;land;true;mountain;7
423;103;57;1;land;true;mountain;7
424;73;129;1;land;true;mountain;7
425;119;72;1;land;false;mountain;7
426;108;96;1;land;true;mountain;7
427;100;93;1;land;false;hills;7
428;216;198;1;land;false;hills;7
429;202;192;1;land;false;forest;7
430;219;211;1;land;false;forest;7
431;187;229;1;land;false;hills;7
432;174;205;1;land;false;forest;7
433;179;184;1;land;false;hills;7
434;224;241;1;land;false;forest;7
435;192;185;1;land;false;hills;7
436;170;195;1;land;false;forest;7
437;181;219;1;land;false;forest;7
438;159;198;1;land;false;forest;7
439;182;237;1;land;false;forest;7
440;217;179;1;land;false;forest;7
441;1;63;1;land;false;plains;7
442;19;101;1;land;false;plains;7
443;49;133;1;land;false;plains;7
444;7;120;1;land;false;plains;7
445;15;117;1;land;false;plains;7
446;40;95;1;land;false;plains;7
447;19;111;1;land;false;plains;7
448;38;79;1;land;false;plains;7
449;7;86;1;land;false;plains;7
450;197;34;1;land;false;hills;7
451;153;44;1;land;false;hills;7
452;171;57;1;land;false;mountain;7
453;216;89;1;land;false;hills;7
454;153;35;1;land;false;hills;7
455;211;47;1;land;false;hills;7
456;195;61;1;land;false;hills;7
457;151;47;1;land;false;hills;7
458;186;31;1;land;false;hills;7
459;173;90;1;land;false;hills;7
460;178;66;1;land;false;hills;7
461;183;53;1;land;false;hills;7
462;159;46;1;land;false;hills;7
463;211;37;1;land;false;hills;7
464;179;109;1;land;false;plains;7
465;185;90;1;land;false;hills;7
466;169;55;1;land;false;hills;7
467;219;71;1;land;false;forest;7
468;217;37;1;land;false;hills;7
469;170;85;1;land;false;hills;7
470;156;80;1;land;false;desert;7
471;220;70;1;land;false;hills;7
472;209;60;1;land;false;hills;7
473;59;195;1;land;false;hills;7
474;24;152;1;land;false;plains;7
475;41;225;1;land;false;plains;7
476;62;220;1;land;false;hills;7
477;12;214;1;land;false;plains;7
478;29;217;1;land;false;hills;7
479;1;153;1;land;false;plains;7
480;54;195;1;land;false;mountain;7
481;26;216;1;land;false;plains;7
482;2;223;1;land;false;mountain;7
483;69;175;1;land;false;plains;7
484;23;224;1;land;false;plains;7
485;33;227;1;land;false;plains;7
486;34;183;1;land;false;desert;7
487;70;230;1;land;false;hills;7
488;64;163;1;land;false;hills;7
489;52;229;1;land;false;plains;7
490;38;191;1;land;false;plains;7
491;36;153;1;land;false;desert;7
492;15;152;1;land;false;plains;7
493;36;202;1;land;false;hills;7
494;40;171;1;land;false;hills;7
495;63;189;1;land;false;hills;7
496;14;195;1;land;false;hills;7
497;183;22;1;land;true;plains;7
498;222;50;1;land;true;plains;7
499;228;26;1;land;true;plains;7
500;203;35;1;land;true;hills;7
501;194;61;1;land;true;plains;7
502;136;115;1;land;true;plains;7
503;154;109;1;land;true;plains;7
504;148;121;1;land;true;hills;7
505;112;7;1;land;true;plains;7
506;215;52;1;land;false;forest;7
507;178;70;1;land;false;plains;7
508;171;105;1;land;false;forest;7
509;195;96;1;land;false;plains;7
510;165;59;1;land;false;plains;7
511;175;33;1;land;false;forest;7
512;216;68;1;land;false;plains;7
513;174;52;1;land;false;forest;7
514;211;81;1;land;false;plains;7
515;228;33;1;land;false;plains;7
516;173;240;1;land;true;hills;7
517;199;236;1;land;true;hills;7
518;171;172;1;land;false;hills;7
519;160;176;1;land;true;hills;7
520;157;209;1;land;false;hills;7
521;156;182;1;land;true;hills;7
522;188;188;1;land;true;plains;7
523;188;197;1;land;true;plains;7
524;223;223;1;land;false;plains;7
525;169;244;1;land;false;hills;7
526;170;182;1;land;true;plains;7
527;187;242;1;land;false;hills;7
528;168;177;1;land;true;plains;7
529;224;173;1;land;true;desert;7
530;161;234;1;land;false;hills;7
531;48;49;1;land;false;hills;7
532;60;104;1;land;false;hills;7
533;42;57;1;land;false;hills;7
534;3;91;1;land;false;hills;7
535;80;38;1;land;false;mountain;7
536;87;48;1;land;false;plains;7
537;78;32;1;land;false;plains;7
538;90;38;1;land;false;plains;7
539;121;42;1;land;false;plains;7
540;97;42;1;land;false;plains;7
541;115;74;1;land;false;plains;7
542;139;19;1;land;false;plains;7
543;77;9;1;land;false;plains;7
544;108;16;1;land;false;plains;7
545;114;30;1;land;false;plains;7
546;104;20;1;land;false;plains;7
547;77;84;1;land;false;hills;7
548;129;69;1;land;false;plains;7
549;120;50;1;land;false;hills;7
550;91;5;1;land;false;hills;7
551;112;13;1;land;false;hills;7
552;142;41;1;land;false;plains;7
553;130;53;1;land;false;plains;7
554;145;37;1;land;false;plains;7
555;94;52;1;land;false;plains;7
556;93;58;1;land;false;plains;7
557;118;70;1;land;false;plains;7
558;126;6;1;land;false;hills;7
559;74;55;1;land;false;plains;7
560;144;61;1;land;false;plains;7
561;82;61;1;land;false;plains;7
562;147;8;1;land;false;plains;7
563;123;52;1;land;false;plains;7
564;138;20;1;land;false;hills;7
565;147;47;1;land;false;plains;7
566;145;50;1;land;false;mountain;7
567;117;21;1;land;false;plains;7
568;145;191;1;land;true;plains;7
569;144;217;1;land;true;plains;7
570;88;147;1;land;false;plains;7
571;107;152;1;land;true;plains;7
572;79;211;1;land;true;hills;7
573;74;181;1;land;true;hills;7
574;76;145;1;land;true;hills;7
575;68;218;1;land;true;hills;7
576;98;194;1;land;true;plains;7
577;144;153;1;land;true;hills;7
578;217;21;1;land;false;hills;7
579;212;50;1;land;false;hills;7
580;245;15;1;land;false;hills;7
581;197;48;1;land;false;hills;7
582;249;73;1;land;false;hills;7
583;216;13;1;land;false;hills;7
584;202;21;1;land;false;hills;7
585;185;65;1;land;false;hills;7
586;193;60;1;land;false;hills;7
587;248;74;1;land;false;hills;7
588;226;57;1;land;false;hills;7
589;247;71;1;land;false;hills;7
590;221;45;1;land;false;hills;7
591;180;72;1;land;false;hills;7
592;179;13;1;land;false;hills;7
593;211;14;1;land;false;hills;7
594;224;65;1;land;false;hills;7
595;184;24;1;land;false;hills;7
596;209;73;1;land;false;hills;7
597;212;23;1;land;false;hills;7
598;243;44;1;land;false;hills;7
599;35;179;1;land;false;hills;7
600;46;158;1;land;true;mountain;7
601;8;140;1;land;false;hills;7
602;57;183;1;land;false;mountain;7
603;13;126;1;land;true;mountain;7
604;32;173;1;land;false;mountain;7
605;16;156;1;land;true;forest;7
606;4;138;1;land;false;hills;7
607;131;17;1;land;false;forest;7
608;96;19;1;land;false;hills;7
609;125;17;1;land;true;forest;7
610;141;53;1;land;false;forest;7
611;170;28;1;land;true;hills;7
612;107;1;1;land;true;forest;7
613;122;34;1;land;false;forest;7
614;136;33;1;land;false;forest;7
615;107;0;1;land;false;forest;7
616;144;39;1;land;true;forest;7
617;164;16;1;land;true;hills;7
618;166;54;1;land;true;forest;7
619;164;33;1;land;false;forest;7
620;97;23;1;land;false;forest;7
621;96;8;1;land;false;hills;7
622;102;7;1;land;false;forest;7
623;139;51;1;land;true;mountain;7
624;110;14;1;land;false;hills;7
625;147;19;1;land;false;forest;7
626;93;98;1;land;false;hills;7
627;90;132;1;land;false;hills;7
628;96;109;1;land;false;hills;7
629;120;116;1;land;false;hills;7
630;77;131;1;land;false;plains;7
631;122;153;1;land;false;hills;7
632;125;138;1;land;false;plains;7
633;94;152;1;land;false;hills;7
634;105;163;1;land;false;plains;7
635;65;164;1;land;false;hills;7
636;124;115;1;land;false;hills;7
637;177;240;1;land;false;hills;7
638;227;247;1;land;false;plains;7
639;240;206;1;land;false;hills;7
640;231;247;1;land;false;hills;7
641;195;210;1;land;false;hills;7
642;227;242;1;land;false;forest;7
643;229;254;1;land;false;hills;7
644;224;253;1;land;false;hills;7
645;186;233;1;land;false;hills;7
646;167;223;1;land;false;hills;7
647;208;249;1;land;false;plains;7
648;185;244;1;land;false;hills;7
649;236;242;1;land;false;hills;7
650;168;224;1;land;false;plains;7
651;224;229;1;land;false;forest;7
652;238;206;1;land;false;hills;7
653;214;91;1;land;true;hills;7
654;192;141;1;land;true;jungle;7
655;232;125;1;land;true;forest;7
656;159;113;1;land;true;hills;7
657;187;149;1;land;true;jungle;7
658;160;100;1;land;true;hills;7
659;230;157;1;land;true;plains;7
660;113;100;1;land;false;plains;7
661;136;136;1;land;false;plains;7
662;112;151;1;land;false;plains;7
663;86;141;1;land;false;hills;7
664;145;151;1;land;false;plains;7
665;99;133;1;land;false;plains;7
666;123;167;1;land;false;plains;7
667;118;157;1;land;false;plains;7
668;87;143;1;land;false;plains;7
669;87;115;1;land;false;plains;7
670;109;129;1;land;false;hills;7
671;136;148;1;land;false;plains;7
672;149;144;1;land;false;hills;7
673;162;147;1;land;false;plains;7
674;99;172;1;land;false;plains;7
675;104;97;1;land;false;plains;7
676;95;99;1;land;false;plains;7
677;89;109;1;land;false;plains;7
678;204;139;1;land;false;hills;7
679;220;153;1;land;false;plains;7
680;196;171;1;land;false;forest;7
681;190;131;1;land;false;hills;7
682;247;106;1;land;false;plains;7
683;206;97;1;land;false;plains;7
684;251;133;1;land;false;plains;7
685;217;139;1;land;false;hills;7
686;202;137;1;land;false;hills;7
687;197;176;1;land;false;plains;7
688;193;176;1;land;false;plains;7
689;246;167;1;land;false;forest;7
690;225;152;1;land;false;hills;7
691;71;13;1;land;false;mountain;7
692;81;18;1;land;false;hills;7
693;46;32;1;land;false;mountain;7
694;94;27;1;land;false;desert;7
695;57;35;1;land;false;mountain;7
696;47;27;1;land;false;mountain;7
697;48;2;1;land;false;mountain;7
698;102;20;1;land;false;mountain;7
699;85;4;1;land;false;mountain;7
700;53;3;1;land;false;hills;7
701;68;16;1;land;false;mountain;7
702;110;204;1;land;true;plains;7
703;160;254;1;land;true;plains;7
704;173;206;1;land;true;hills;7
705;163;187;1;land;false;plains;7
706;179;190;1;land;true;hills;7
707;139;115;1;land;true;forest;7
708;115;126;1;land;true;forest;7
709;251;242;1;land;true;hills;7
710;248;241;1;land;true;mountain;7
711;247;227;1;land;false;plains;7
712;245;251;1;land;true;hills;7
713;216;218;1;land;true;forest;7
714;227;200;1;land;true;mountain;7
715;214;216;1;land;true;forest;7
716;221;192;1;land;false;mountain;7
717;248;250;1;land;false;mountain;7
718;221;231;1;land;true;mountain;7
719;192;45;1;land;true;plains;7
720;209;69;1;land;false;forest;7
721;196;87;1;land;false;plains;7
722;202;108;1;land;false;forest;7
723;199;46;1;land;true;forest;7
724;237;88;1;land;false;forest;7
725;188;43;1;land;true;forest;7
726;242;49;1;land;false;plains;7
727;195;84;1;land;true;plains;7
728;209;55;1;land;true;hills;7
729;240;85;1;land;true;forest;7
730;214;76;1;land;false;plains;7
731;49;104;1;land;false;hills;7
732;50;88;1;land;false;plains;7
733;54;76;1;land;false;desert;7
734;43;93;1;land;false;plains;7
735;87;93;1;land;false;plains;7
736;83;62;1;land;false;hills;7
737;80;120;1;land;false;plains;7
738;55;45;1;land;false;hills;7
739;95;43;1;land;false;plains;7
740;98;107;1;land;false;desert;7
741;67;49;1;land;false;desert;7
742;78;76;1;land;false;plains;7
743;103;42;1;land;false;desert;7
744;32;43;1;land;false;plains;7
745;56;95;1;land;false;plains;7
746;38;70;1;land;false;plains;7
747;61;92;1;land;false;desert;7
748;65;105;1;land;false;plains;7
749;98;53;1;land;false;hills;7
750;101;98;1;land;false;plains;7
751;196;185;1;land;true;plains;7
752;151;196;1;land;true;hills;7
753;133;67;1;land;false;mountain;7
754;133;71;1;land;false;mountain;7
755;167;37;1;land;false;mountain;7
756;140;53;1;land;false;hills;7
757;111;63;1;land;false;plains;7
758;123;65;1;land;false;mountain;7
759;136;41;1;land;false;hills;7
760;124;88;1;land;false;plains;7
761;94;62;1;land;false;mountain;7
762;156;16;1;land;false;mountain;7
763;239;86;1;land;false;plains;7
764;251;74;1;land;true;hills;7
765;207;29;1;land;false;hills;7
766;251;40;1;land;false;hills;7
767;248;30;1;land;false;hills;7
768;228;87;1;land;false;hills;7
769;227;59;1;land;false;hills;7
770;249;88;1;land;false;hills;7
771;229;27;1;land;true;plains;7
772;224;43;1;land;false;hills;7
773;232;54;1;land;false;plains;7
774;227;34;1;land;false;mountain;7
775;244;44;1;land;false;hills;7
776;239;75;1;land;true;plains;7
777;201;48;1;land;false;plains;7
778;213;90;1;land;true;plains;7
779;254;75;1;land;false;plains;7
780;208;44;1;land;false;hills;7
781;214;31;1;land;false;mountain;7
782;254;90;1;land;false;hills;7
783;202;76;1;land;false;plains;7
784;250;81;1;land;true;plains;7
785;203;84;1;land;false;plains;7
786;206;40;1;land;false;hills;7
787;231;77;1;land;true;plains;7
788;208;93;1;land;false;hills;7
789;225;27;1;land;false;hills;7
790;230;93;1;land;false;hills;7
791;219;52;1;land;false;mountain;7
792;102;169;1;land;false;mountain;7
793;112;214;1;land;false;hills;7
794;42;106;1;land;false;plains;7
795;83;139;1;land;true;mountain;7
796;35;113;1;land;false;hills;7
797;14;139;1;land;false;plains;7
798;24;125;1;land;false;hills;7
799;66;101;1;land;true;mountain;7
800;59;139;1;land;false;plains;7
801;28;76;1;land;false;plains;7
802;36;128;1;land;false;hills;7
803;20;132;1;land;false;mountain;7
804;73;125;1;land;false;plains;7
805;41;126;1;land;false;mountain;7
806;40;110;1;land;false;plains;7
807;80;142;1;land;false;plains;7
808;54;117;1;land;false;hills;7
809;65;113;1;land;false;mountain;7
810;69;128;1;land;false;hills;7
811;42;126;1;land;false;plains;7
812;36;118;1;land;true;plains;7
813;54;77;1;land;true;mountain;7
814;38;223;1;land;false;mountain;7
815;28;231;1;land;true;mountain;7
816;60;228;1;land;false;hills;7
817;39;226;1;land;true;forest;7
818;24;238;1;land;true;forest;7
819;48;224;1;land;false;forest;7
820;38;235;1;land;false;forest;7
821;58;219;1;land;false;mountain;7
822;46;254;1;land;false;hills;7
823;44;220;1;land;false;forest;7
824;28;241;1;land;false;hills;7
825;71;208;1;land;false;hills;7
826;18;225;1;land;true;forest;7
827;76;233;1;land;false;hills;7
828;40;226;1;land;false;hills;7
829;16;239;1;land;false;hills;7
830;62;228;1;land;false;hills;7
831;47;214;1;land;true;hills;7
832;56;220;1;land;false;forest;7
833;7;214;1;land;false;hills;7
834;38;253;1;land;false;mountain;7
835;74;235;1;land;false;forest;7
836;36;239;1;land;true;forest;7
837;41;214;1;land;false;hills;7
838;49;242;1;land;false;hills;7
839;8;216;1;land;false;hills;7
840;33;213;1;land;true;jungle;7
841;75;229;1;land;true;mountain;7
842;5;228;1;land;false;hills;7
843;38;244;1;land;false;hills;7
844;55;249;1;land;false;hills;7
845;57;211;1;land;true;mountain;7
846;37;223;1;land;false;forest;7
847;29;244;1;land;false;mountain;7
848;11;212;1;land;true;mountain;7
849;113;108;1;land;false;hills;7
850;180;74;1;land;false;hills;7
851;191;84;1;land;false;plains;7
852;167;90;1;land;false;forest;7
853;170;77;1;land;false;hills;7
854;135;122;1;land;false;hills;7
855;157;121;1;land;false;forest;7
856;224;109;1;land;false;forest;7
857;188;73;1;land;false;forest;7
858;224;104;1;land;false;forest;7
859;186;61;1;land;false;forest;7
860;204;44;1;land;false;forest;7
861;216;56;1;land;false;forest;7
862;214;69;1;land;false;forest;7
863;211;86;1;land;false;hills;7
864;235;100;1;land;false;forest;7
865;249;55;1;land;false;forest;7
866;223;102;1;land;false;forest;7
867;182;41;1;land;false;forest;7
868;216;57;1;land;false;forest;7
869;254;115;1;land;false;hills;7
870;236;42;1;land;false;forest;7
871;215;252;1;land;false;plains;7
872;201;244;1;land;true;hills;7
873;253;249;1;land;false;hills;7
874;234;180;1;land;false;plains;7
875;209;216;1;land;false;plains;7
876;178;232;1;land;false;plains;7
877;183;210;1;land;false;plains;7
878;234;208;1;land;false;plains;7
879;202;247;1;land;false;hills;7
880;227;214;1;land;false;plains;7
881;222;206;1;land;true;mountain;7
882;238;204;1;land;false;plains;7
883;43;114;1;land;false;hills;7
884;78;52;1;land;false;mountain;7
885;109;75;1;land;true;hills;7
886;157;64;1;land;false;plains;7
887;169;58;1;land;false;hills;7
888;108;47;1;land;false;hills;7
889;106;46;1;land;false;plains;7
890;139;56;1;land;false;plains;7
891;165;60;1;land;false;plains;7
892;136;37;1;land;false;hills;7
893;136;74;1;land;false;plains;7
894;153;159;1;land;true;mountain;7
895;98;207;1;land;false;hills;7
896;146;227;1;land;false;forest;7
897;123;230;1;land;false;forest;7
898;160;225;1;land;false;hills;7
899;122;204;1;land;false;hills;7
900;133;206;1;land;false;forest;7
901;151;231;1;land;true;forest;7
902;154;221;1;land;false;plains;7
903;168;169;1;land;false;hills;7
904;142;202;1;land;false;hills;7
905;124;186;1;land;false;hills;7
906;119;207;1;land;false;forest;7
907;61;30;1;land;false;hills;7
908;43;22;1;land;false;hills;7
909;95;25;1;land;false;hills;7
910;80;9;1;land;false;hills;7
911;81;23;1;land;false;hills;7
912;39;56;1;land;false;hills;7
913;81;32;1;land;false;hills;7
914;45;24;1;land;false;hills;7
915;28;20;1;land;false;hills;7
916;23;30;1;land;false;hills;7
917;92;48;1;land;false;hills;7
918;160;177;1;land;false;hills;7
919;180;38;1;land;false;plains;7
920;138;66;1;land;false;plains;7
921;178;16;1;land;false;plains;7
922;163;40;1;land;false;plains;7
923;175;54;1;land;false;hills;7
924;210;33;1;land;false;plains;7
925;199;16;1;land;false;plains;7
926;172;63;1;land;false;plains;7
927;178;50;1;land;false;hills;7
928;149;60;1;land;false;plains;7
929;195;43;1;land;false;plains;7
930;211;53;1;land;false;plains;7
931;135;9;1;land;false;plains;7
932;188;31;1;land;false;plains;7
933;205;66;1;land;false;plains;7
934;6;120;1;land;false;forest;7
935;49;121;1;land;false;hills;7
936;6;180;1;land;false;hills;7
937;0;164;1;land;false;forest;7
938;40;175;1;land;false;plains;7
939;25;167;1;land;false;forest;7
940;31;126;1;land;false;forest;7
941;46;141;1;land;false;hills;7
942;32;134;1;land;false;plains;7
943;23;154;1;land;false;forest;7
944;30;140;1;land;false;hills;7
945;20;189;1;land;false;plains;7
946;47;164;1;land;false;mountain;7
947;53;111;1;land;false;hills;7
948;30;183;1;land;false;hills;7
949;58;185;1;land;false;hills;7
950;26;174;1;land;false;hills;7
951;9;111;1;land;false;plains;7
952;4;187;1;land;false;hills;7
953;42;156;1;land;false;hills;7
954;10;115;1;land;false;mountain;7
955;245;229;1;land;false;hills;7
956;224;222;1;land;false;hills;7
957;204;239;1;land;false;hills;7
958;253;231;1;land;false;hills;7
959;249;228;1;land;false;hills;7
960;250;252;1;land;false;hills;7
961;78;140;1;land;false;plains;7
962;111;145;1;land;false;plains;7
963;87;144;1;land;false;hills;7
964;74;92;1;land;false;hills;7
965;104;156;1;land;false;plains;7
966;118;125;1;land;false;plains;7
967;115;103;1;land;false;plains;7
968;55;132;1;land;false;plains;7
969;101;140;1;land;false;plains;7
970;92;157;1;land;false;hills;7
971;57;152;1;land;false;mountain;7
972;114;150;1;land;false;plains;7
973;126;145;1;land;false;plains;7
974;77;31;1;land;true;plains;7
975;218;114;1;land;false;plains;7
976;186;120;1;land;false;hills;7
977;235;160;1;land;false;plains;7
978;168;89;1;land;false;hills;7
979;204;128;1;land;false;hills;7
980;196;107;1;land;false;hills;7
981;182;138;1;land;false;plains;7
982;199;131;1;land;false;plains;7
983;208;149;1;land;false;desert;7
984;215;92;1;land;false;hills;7
985;27;126;1;land;false;mountain;7
986;6;64;1;land;false;mountain;7
987;32;58;1;land;false;hills;7
988;132;134;1;land;false;hills;7
989;144;109;1;land;false;plains;7
990;147;127;1;land;false;hills;7
991;125;71;1;land;false;hills;7
992;156;111;1;land;false;plains;7
993;154;84;1;land;false;plains;7
994;128;133;1;land;false;hills;7
995;98;74;1;land;false;plains;7
996;120;102;1;land;false;plains;7
997;129;100;1;land;false;plains;7
998;79;85;1;land;false;hills;7
999;104;81;1;land;false;hills;7
1000;115;102;1;land;false;plains;7
1001;58;228;1;land;false;hills;7
1002;57;227;1;land;false;forest;7
1003;42;232;1;land;false;forest;7
1004;40;191;1;land;false;hills;7
1005;41;192;1;land;false;forest;7
1006;63;179;1;land;false;forest;7
1007;80;191;1;land;false;forest;7
1008;114;192;1;land;false;hills;7
1009;104;199;1;land;false;hills;7
1010;115;213;1;land;false;hills;7
1011;75;206;1;land;false;forest;7
1012;72;174;1;land;false;forest;7
1013;89;178;1;land;false;hills;7
1014;56;209;1;land;false;hills;7
1015;72;160;1;land;false;forest;7
1016;86;182;1;land;false;hills;7
1017;77;239;1;land;false;forest;7
1018;54;206;1;land;false;forest;7
1019;42;168;1;land;false;forest;7
1020;107;191;1;land;false;hills;7
1021;109;219;1;land;false;forest;7
1022;212;192;1;land;true;hills;7
1023;198;210;1;land;false;mountain;7
1024;190;224;1;land;false;hills;7
1025;222;238;1;land;true;mountain;7
1026;58;66;1;land;false;hills;7
1027;24;38;1;land;false;hills;7
1028;75;62;1;land;false;hills;7
1029;18;52;1;land;false;hills;7
1030;27;54;1;land;false;hills;7
1031;32;86;1;land;false;hills;7
1032;63;70;1;land;false;hills;7
1033;2;98;1;land;false;hills;7
1034;54;81;1;land;false;hills;7
1035;44;38;1;land;false;hills;7
1036;42;44;1;land;false;hills;7
1037;220;33;1;land;true;hills;7
1038;233;31;1;land;false;hills;7
1039;222;30;1;land;false;hills;7
1040;250;9;1;land;false;mountain;7
1041;234;21;1;land;false;mountain;7
1042;218;4;1;land;false;plains;7
1043;253;31;1;land;false;plains;7
1044;218;24;1;land;false;plains;7
1045;232;37;1;land;false;hills;7
1046;223;38;1;land;true;mountain;7
1047;249;34;1;land;false;plains;7
1048;251;7;1;land;false;hills;7
1049;236;16;1;land;false;hills;7
1050;248;18;1;land;false;mountain;7
1051;212;7;1;land;true;mountain;7
1052;239;20;1;land;false;hills;7
1053;215;19;1;land;false;plains;7
1054;222;0;1;land;false;plains;7
1055;243;5;1;land;false;plains;7
1056;217;2;1;land;false;mountain;7
1057;223;159;1;land;false;hills;7
1058;226;128;1;land;false;plains;7
1059;246;143;1;land;false;plains;7
1060;210;164;1;land;false;hills;7
1061;239;105;1;land;false;plains;7
1062;233;127;1;land;false;hills;7
1063;249;148;1;land;false;plains;7
1064;220;172;1;land;false;desert;7
1065;222;130;1;land;false;hills;7
1066;233;149;1;land;false;plains;7
1067;230;164;1;land;false;desert;7
1068;228;105;1;land;false;hills;7
1069;231;116;1;land;false;desert;7
1070;247;125;1;land;false;mountain;7
1071;213;173;1;land;false;plains;7
1072;223;164;1;land;false;hills;7
1073;208;143;1;land;false;plains;7
1074;209;165;1;land;false;desert;7
1075;238;155;1;land;false;plains;7
1076;214;172;1;land;false;plains;7
1077;225;167;1;land;false;plains;7
1078;254;103;1;land;false;mountain;7
1079;211;156;1;land;false;plains;7
1080;245;175;1;land;false;hills;7
1081;239;158;1;land;false;plains;7
1082;241;149;1;land;false;hills;7
1083;209;106;1;land;false;hills;7
1084;243;132;1;land;false;desert;7
1085;212;116;1;land;false;plains;7
1086;234;159;1;land;false;plains;7
1087;220;146;1;land;false;plains;7
1088;26;127;1;land;false;forest;7
1089;72;127;1;land;false;forest;7
1090;46;105;1;land;false;hills;7
1091;87;99;1;land;false;forest;7
1092;32;94;1;land;false;plains;7
1093;86;133;1;land;false;forest;7
1094;90;110;1;land;false;forest;7
1095;39;95;1;land;false;plains;7
1096;60;137;1;land;false;hills;7
1097;83;137;1;land;false;forest;7
1098;79;104;1;land;false;forest;7
1099;41;89;1;land;false;hills;7
1100;22;80;1;land;false;hills;7
1101;74;134;1;land;false;forest;7
1102;49;95;1;land;false;forest;7
1103;99;138;1;land;false;hills;7
1104;77;134;1;land;false;forest;7
1105;54;119;1;land;false;forest;7
1106;64;79;1;land;false;forest;7
1107;94;71;1;land;false;hills;7
1108;25;119;1;land;false;hills;7
1109;42;95;1;land;false;forest;7
1110;54;84;1;land;false;hills;7
1111;176;241;1;land;false;hills;7
1112;182;197;1;land;false;desert;7
1113;165;230;1;land;false;hills;7
1114;155;200;1;land;false;hills;7
1115;196;222;1;land;false;desert;7
1116;183;248;1;land;false;hills;7
1117;201;248;1;land;false;desert;7
1118;196;246;1;land;false;desert;7
1119;138;84;1;land;false;hills;7
1120;174;79;1;land;false;hills;7
1121;183;81;1;land;false;hills;7
1122;146;132;1;land;false;hills;7
1123;169;74;1;land;false;hills;7
1124;195;101;1;land;false;hills;7
1125;165;107;1;land;false;hills;7
1126;33;214;1;land;false;plains;7
1127;13;230;1;land;false;hills;7
1128;3;251;1;land;false;plains;7
1129;50;236;1;land;false;plains;7
1130;40;215;1;land;false;plains;7
1131;15;249;1;land;false;hills;7
1132;51;254;1;land;false;hills;7
1133;20;229;1;land;false;hills;7
1134;10;230;1;land;false;plains;7
1135;36;203;1;land;false;plains;7
1136;46;198;1;land;false;hills;7
1137;35;216;1;land;false;hills;7
1138;53;215;1;land;false;plains;7
1139;114;208;1;land;false;hills;7
1140;98;168;1;land;false;hills;7
1141;83;221;1;land;false;hills;7
1142;67;240;1;land;false;hills;7
1143;55;192;1;land;false;hills;7
1144;115;218;1;land;false;hills;7
1145;105;172;1;land;false;hills;7
1146;55;226;1;land;false;forest;7
1147;50;230;1;land;false;plains;7
1148;121;206;1;land;false;hills;7
1149;80;231;1;land;false;hills;7
1150;117;199;1;land;false;forest;7
1151;75;225;1;land;false;hills;7
1152;106;163;1;land;false;hills;7
1153;19;169;1;land;false;mountain;7
1154;4;154;1;land;true;mountain;7
1155;34;143;1;land;true;mountain;7
1156;34;197;1;land;true;mountain;7
1157;16;154;1;land;true;mountain;7
1158;31;199;1;land;true;plains;7
1159;12;196;1;land;true;forest;7
1160;24;55;1;land;false;hills;7
1161;15;34;1;land;false;plains;7
1162;0;33;1;land;false;hills;7
1163;20;85;1;land;false;desert;7
1164;26;69;1;land;false;hills;7
1165;20;94;1;land;false;hills;7
1166;25;17;1;land;false;plains;7
1167;11;70;1;land;false;hills;7
1168;1;35;1;land;false;hills;7
1169;4;77;1;land;false;hills;7
1170;22;83;1;land;false;hills;7
1171;26;40;1;land;false;hills;7
1172;2;41;1;land;false;plains;7
1173;18;25;1;land;false;desert;7
1174;140;149;1;land;false;hills;7
1175;80;180;1;land;false;hills;7
1176;86;156;1;land;false;hills;7
1177;102;165;1;land;false;hills;7
1178;142;217;1;land;false;hills;7
1179;76;159;1;land;false;mountain;7
1180;121;170;1;land;false;hills;7
1181;104;165;1;land;false;plains;7
1182;147;185;1;land;false;hills;7
1183;110;200;1;land;false;hills;7
1184;75;190;1;land;false;hills;7
1185;135;183;1;land;false;hills;7
1186;132;154;1;land;false;hills;7
1187;130;159;1;land;false;hills;7
1188;74;157;1;land;false;hills;7
1189;141;143;1;land;false;hills;7
1190;139;214;1;land;false;plains;7
1191;167;39;1;land;false;hills;7
1192;177;68;1;land;false;hills;7
1193;147;59;1;land;false;hills;7
1194;141;58;1;land;false;forest;7
1195;152;77;1;land;false;plains;7
1196;204;53;1;land;false;hills;7
1197;49;184;1;land;false;jungle;7
1198;61;173;1;land;false;hills;7
1199;62;167;1;land;false;hills;7
1200;26;158;1;land;false;hills;7
1201;0;203;1;land;false;jungle;7
1202;18;202;1;land;false;hills;7
1203;17;151;1;land;false;hills;7
1204;65;215;1;land;false;hills;7
1205;37;158;1;land;false;hills;7
1206;64;219;1;land;false;jungle;7
1207;28;71;1;land;false;forest;7
1208;44;73;1;land;false;hills;7
1209;34;101;1;land;false;hills;7
1210;63;60;1;land;false;hills;7
1211;56;60;1;land;false;plains;7
1212;41;62;1;land;false;mountain;7
1213;61;83;1;land;true;plains;7
1214;51;52;1;land;false;forest;7
1215;14;48;1;land;false;plains;7
1216;49;42;1;land;false;hills;7
1217;47;25;1;land;false;plains;7
1218;21;38;1;land;false;plains;7
1219;17;95;1;land;false;mountain;7
1220;41;37;1;land;false;plains;7
1221;54;39;1;land;false;plains;7
1222;63;94;1;land;true;plains;7
1223;50;53;1;land;true;plains;7
1224;51;32;1;land;false;hills;7
1225;31;91;1;land;false;hills;7
1226;14;32;1;land;false;hills;7
1227;24;49;1;land;false;plains;7
1228;36;87;1;land;false;hills;7
1229;62;83;1;land;false;mountain;7
1230;31;57;1;land;false;hills;7
1231;10;32;1;land;false;hills;7
1232;37;62;1;land;false;plains;7
1233;0;46;1;land;false;forest;7
1234;41;87;1;land;true;mountain;7
1235;24;53;1;land;false;forest;7
1236;16;90;1;land;false;plains;7
1237;22;27;1;land;false;mountain;7
1238;120;158;1;land;false;hills;7
1239;165;163;1;land;false;mountain;7
1240;100;195;1;land;false;hills;7
1241;146;158;1;land;false;hills;7
1242;117;164;1;land;false;hills;7
1243;109;156;1;land;false;hills;7
1244;136;215;1;land;false;hills;7
1245;175;201;1;land;false;hills;7
1246;115;23;1;land;false;hills;7
1247;79;15;1;land;false;hills;7
1248;64;30;1;land;false;plains;7
1249;68;21;1;land;false;hills;7
1250;205;171;1;land;false;hills;7
1251;166;151;1;land;false;hills;7
1252;226;129;1;land;false;hills;7
1253;21;177;1;land;false;desert;7
1254;50;146;1;land;false;plains;7
1255;76;148;1;land;false;hills;7
1256;29;130;1;land;false;plains;7
1257;73;187;1;land;false;plains;7
1258;54;159;1;land;true;hills;7
1259;36;156;1;land;true;hills;7
1260;56;140;1;land;true;hills;7
1261;79;144;1;land;true;hills;7
1262;27;22;1;land;false;mountain;7
1263;45;19;1;land;false;hills;7
1264;50;21;1;land;false;mountain;7
1265;54;41;1;land;true;hills;7
1266;15;32;1;land;false;plains;7
1267;26;7;1;land;false;hills;7
1268;42;22;1;land;true;hills;7
1269;36;20;1;land;false;hills;7
1270;50;10;1;land;false;plains;7
1271;32;16;1;land;false;mountain;7
1272;8;33;1;land;true;plains;7
1273;14;18;1;land;false;hills;7
1274;15;23;1;land;false;hills;7
1275;13;38;1;land;true;mountain;7
1276;48;39;1;land;true;hills;7
1277;54;5;1;land;false;mountain;7
1278;38;11;1;land;false;hills;7
1279;2;14;1;land;true;plains;7
1280;34;41;1;land;true;hills;7
1281;54;9;1;land;false;hills;7
1282;41;14;1;land;false;hills;7
1283;8;21;1;land;true;plains;7
1284;24;26;1;land;true;hills;7
1285;5;15;1;land;true;plains;7
1286;1;28;1;land;false;mountain;7
1287;9;41;1;land;true;plains;7
1288;18;10;1;land;false;mountain;7
1289;92;116;1;land;false;desert;7
1290;142;95;1;land;false;hills;7
1291;100;99;1;land;false;hills;7
1292;163;135;1;land;false;hills;7
1293;91;131;1;land;false;hills;7
1294;132;132;1;land;false;hills;7
1295;157;133;1;land;false;hills;7
1296;128;103;1;land;false;hills;7
1297;152;128;1;land;false;hills;7
1298;128;155;1;land;false;hills;7
1299;111;153;1;land;false;hills;7
1300;129;167;1;land;false;hills;7
1301;180;239;1;land;true;mountain;7
1302;219;238;1;land;true;mountain;7
1303;152;213;1;land;true;mountain;7
1304;206;219;1;land;false;plains;7
1305;193;234;1;land;false;plains;7
1306;167;246;1;land;true;mountain;7
1307;7;131;1;land;false;plains;7
1308;67;140;1;land;false;desert;7
1309;45;98;1;land;false;plains;7
1310;23;99;1;land;false;plains;7
1311;10;123;1;land;false;hills;7
1312;26;102;1;land;false;desert;7
1313;3;100;1;land;false;desert;7
1314;121;108;1;land;false;hills;7
1315;119;104;1;land;false;hills;7
1316;126;133;1;land;false;hills;7
1317;148;101;1;land;false;hills;7
1318;125;131;1;land;false;hills;7
1319;123;79;1;land;false;hills;7
1320;182;104;1;land;true;mountain;7
1321;128;128;1;land;false;mountain;7
1322;162;121;1;land;false;hills;7
1323;140;132;1;land;false;hills;7
1324;173;132;1;land;false;mountain;7
1325;133;74;1;land;false;hills;7
1326;110;73;1;land;false;mountain;7
1327;169;121;1;land;false;hills;7
1328;127;76;1;land;false;hills;7
1329;107;76;1;land;false;mountain;7
1330;152;135;1;land;false;hills;7
1331;150;94;1;land;false;hills;7
1332;101;67;1;land;true;hills;7
1333;113;56;1;land;true;hills;7
1334;114;56;1;land;false;forest;7
1335;122;66;1;land;false;hills;7
1336;118;76;1;land;false;hills;7
1337;103;56;1;land;true;forest;7
1338;119;6;1;land;true;forest;7
1339;119;70;1;land;false;hills;7
1340;119;17;1;land;true;forest;7
1341;124;59;1;land;true;hills;7
1342;67;43;1;land;false;mountain;7
1343;89;66;1;land;false;hills;7
1344;121;14;1;land;false;hills;7
1345;89;22;1;land;false;hills;7
1346;124;70;1;land;true;forest;7
1347;119;0;1;land;true;forest;7
1348;100;71;1;land;false;hills;7
1349;140;63;1;land;false;forest;7
1350;120;39;1;land;true;hills;7
1351;121;26;1;land;false;hills;7
1352;126;58;1;land;false;hills;7
1353;128;213;1;land;true;forest;7
1354;96;166;1;land;true;plains;7
1355;92;168;1;land;true;hills;7
1356;92;154;1;land;true;hills;7
1357;108;173;1;land;false;hills;7
1358;134;154;1;land;true;plains;7
1359;78;182;1;land;false;hills;7
1360;141;186;1;land;true;hills;7
1361;68;186;1;land;true;hills;7
1362;78;152;1;land;true;plains;7
1363;63;141;1;land;true;hills;7
1364;130;151;1;land;false;plains;7
1365;185;128;1;land;false;plains;7
1366;48;35;1;land;false;hills;7
1367;34;42;1;land;false;hills;7
1368;59;19;1;land;false;hills;7
1369;18;13;1;land;false;plains;7
1370;27;2;1;land;true;hills;7
1371;3;25;1;land;false;hills;7
1372;23;46;1;land;false;mountain;7
1373;34;28;1;land;true;mountain;7
1374;34;45;1;land;false;hills;7
1375;31;180;1;land;true;plains;7
1376;50;130;1;land;false;plains;7
1377;11;182;1;land;true;hills;7
1378;11;157;1;land;true;hills;7
1379;30;175;1;land;false;hills;7
1380;29;181;1;land;false;hills;7
1381;22;149;1;land;true;hills;7
1382;16;144;1;land;true;hills;7
1383;30;128;1;land;true;hills;7
1384;52;154;1;land;false;hills;7
1385;101;36;1;land;true;forest;7
1386;158;5;1;land;false;hills;7
1387;119;27;1;land;true;forest;7
1388;146;20;1;land;true;forest;7
1389;159;34;1;land;false;hills;7
1390;104;1;1;land;true;forest;7
1391;123;42;1;land;false;hills;7
1392;153;13;1;land;true;forest;7
1393;121;40;1;land;false;hills;7
1394;167;13;1;land;false;forest;7
1395;89;29;1;land;true;jungle;7
1396;157;19;1;land;true;forest;7
1397;98;47;1;land;true;hills;7
1398;148;23;1;land;true;forest;7
1399;107;31;1;land;true;hills;7
1400;92;6;1;land;false;forest;7
1401;164;31;1;land;false;forest;7
1402;124;6;1;land;true;forest;7
1403;145;12;1;land;false;hills;7
1404;139;18;1;land;true;forest;7
1405;128;17;1;land;true;hills;7
1406;105;34;1;land;true;forest;7
1407;197;95;1;land;false;mountain;7
1408;208;136;1;land;false;plains;7
1409;174;100;1;land;false;mountain;7
1410;201;132;1;land;false;hills;7
1411;163;129;1;land;false;mountain;7
1412;192;156;1;land;false;hills;7
1413;160;90;1;land;false;hills;7
1414;156;104;1;land;false;hills;7
1415;154;82;1;land;false;hills;7
1416;166;105;1;land;false;mountain;7
1417;201;136;1;land;false;hills;7
1418;178;96;1;land;false;hills;7
1419;193;130;1;land;false;hills;7
1420;162;117;1;land;false;hills;7
1421;205;114;1;land;false;mountain;7
1422;50;211;1;land;true;hills;7
1423;10;211;1;land;true;hills;7
1424;22;212;1;land;true;plains;7
1425;15;242;1;land;true;hills;7
1426;33;217;1;land;true;hills;7
1427;17;224;1;land;false;plains;7
1428;115;222;1;land;false;plains;7
1429;150;178;1;land;false;hills;7
1430;113;214;1;land;false;hills;7
1431;84;231;1;land;false;hills;7
1432;141;190;1;land;false;hills;7
1433;121;236;1;land;false;hills;7
1434;137;195;1;land;false;desert;7
1435;137;240;1;land;false;plains;7
1436;109;248;1;land;false;hills;7
1437;77;204;1;land;false;plains;7
1438;146;195;1;land;false;plains;7
1439;107;109;1;land;true;hills;7
1440;73;63;1;land;true;plains;7
1441;138;60;1;land;true;mountain;7
1442;87;64;1;land;false;hills;7
1443;106;66;1;land;true;hills;7
1444;84;126;1;land;true;plains;7
1445;142;128;1;land;true;hills;7
1446;90;104;1;land;true;hills;7
1447;82;78;1;land;false;plains;7
1448;127;103;1;land;true;plains;7
1449;106;72;1;land;false;hills;7
1450;10;107;1;land;false;plains;7
1451;19;82;1;land;false;hills;7
1452;26;137;1;land;false;hills;7
1453;29;96;1;land;false;hills;7
1454;6;88;1;land;false;plains;7
1455;7;134;1;land;false;plains;7
1456;1;125;1;land;false;plains;7
1457;22;94;1;land;false;hills;7
1458;55;86;1;land;false;plains;7
1459;67;67;1;land;false;hills;7
1460;169;215;1;land;true;plains;7
1461;112;197;1;land;false;plains;7
1462;162;209;1;land;true;hills;7
1463;162;233;1;land;true;hills;7
1464;167;185;1;land;false;hills;7
1465;110;221;1;land;false;hills;7
1466;114;191;1;land;true;plains;7
1467;121;76;1;land;true;hills;7
1468;121;137;1;land;false;plains;7
1469;104;141;1;land;false;plains;7
1470;164;71;1;land;false;hills;7
1471;131;77;1;land;false;hills;7
1472;101;119;1;land;true;hills;7
1473;143;136;1;land;true;mountain;7
1474;144;97;1;land;false;hills;7
1475;169;85;1;land;true;hills;7
1476;116;95;1;land;false;plains;7
1477;128;126;1;land;true;hills;7
1478;160;69;1;land;false;hills;7
1479;133;95;1;land;true;plains;7
1480;237;253;1;land;false;forest;7
1481;216;199;1;land;false;forest;7
1482;230;212;1;land;false;forest;7
1483;225;214;1;land;false;forest;7
1484;231;183;1;land;false;hills;7
1485;245;247;1;land;false;forest;7
1486;237;43;1;land;false;plains;7
1487;199;102;1;land;false;hills;7
1488;171;68;1;land;false;plains;7
1489;203;34;1;land;false;plains;7
1490;224;84;1;land;false;hills;7
1491;218;64;1;land;false;plains;7
1492;174;35;1;land;false;plains;7
1493;186;41;1;land;false;plains;7
1494;184;62;1;land;false;plains;7
1495;226;110;1;land;false;plains;7
1496;238;36;1;land;false;plains;7
1497;206;78;1;land;false;plains;7
1498;187;62;1;land;false;plains;7
1499;189;76;1;land;false;hills;7
1500;186;73;1;land;false;plains;7
1501;235;35;1;land;false;plains;7
1502;207;77;1;land;false;hills;7
1503;245;108;1;land;false;plains;7
1504;243;57;1;land;false;plains;7
1505;249;90;1;land;false;plains;7
1506;196;40;1;land;false;hills;7
1507;201;96;1;land;false;plains;7
1508;200;96;1;land;false;plains;7
1509;211;63;1;land;false;plains;7
1510;208;78;1;land;false;plains;7
1511;201;104;1;land;false;plains;7
1512;223;48;1;land;false;plains;7
1513;182;56;1;land;false;plains;7
1514;208;84;1;land;false;plains;7
1515;94;193;1;land;true;hills;7
1516;50;191;1;land;true;hills;7
1517;67;170;1;land;false;hills;7
1518;24;212;1;land;true;hills;7
1519;55;176;1;land;false;hills;7
1520;75;217;1;land;true;plains;7
1521;51;172;1;land;false;plains;7
1522;90;164;1;land;false;plains;7
1523;35;161;1;land;true;hills;7
1524;172;190;1;land;false;hills;7
1525;170;181;1;land;false;hills;7
1526;134;180;1;land;false;hills;7
1527;138;167;1;land;false;hills;7
1528;153;228;1;land;false;hills;7
1529;111;29;1;land;false;mountain;7
1530;123;29;1;land;false;mountain;7
1531;114;34;1;land;false;hills;7
1532;147;35;1;land;false;hills;7
1533;97;55;1;land;true;plains;7
1534;150;50;1;land;false;hills;7
1535;97;58;1;land;false;plains;7
1536;116;32;1;land;true;plains;7
1537;102;9;1;land;false;mountain;7
1538;209;160;1;land;false;hills;7
1539;229;172;1;land;false;desert;7
1540;222;159;1;land;false;desert;7
1541;239;138;1;land;false;desert;7
1542;213;158;1;land;false;plains;7
1543;236;129;1;land;false;hills;7
1544;249;200;1;land;false;plains;7
1545;241;191;1;land;false;plains;7
1546;250;184;1;land;false;hills;7
1547;246;126;1;land;false;plains;7
1548;234;188;1;land;false;mountain;7
1549;247;162;1;land;false;desert;7
1550;238;133;1;land;false;desert;7
1551;229;153;1;land;false;plains;7
1552;194;47;1;land;false;forest;7
1553;221;18;1;land;false;forest;7
1554;204;66;1;land;false;forest;7
1555;249;64;1;land;false;hills;7
1556;227;18;1;land;false;forest;7
1557;197;30;1;land;false;hills;7
1558;229;25;1;land;false;hills;7
1559;252;84;1;land;false;forest;7
1560;223;70;1;land;false;hills;7
1561;206;77;1;land;false;forest;7
1562;234;57;1;land;false;hills;7
1563;218;49;1;land;false;forest;7
1564;196;85;1;land;false;forest;7
1565;228;51;1;land;false;forest;7
1566;128;25;1;land;false;hills;7
1567;173;58;1;land;false;hills;7
1568;138;16;1;land;false;mountain;7
1569;166;43;1;land;false;hills;7
1570;173;1;1;land;false;hills;7
1571;150;39;1;land;false;mountain;7
1572;168;9;1;land;false;hills;7
1573;113;39;1;land;false;hills;7
1574;144;53;1;land;false;hills;7
1575;163;54;1;land;false;hills;7
1576;7;107;1;land;true;hills;7
1577;2;122;1;land;false;plains;7
1578;17;120;1;land;false;hills;7
1579;41;134;1;land;false;plains;7
1580;27;174;1;land;false;plains;7
1581;36;158;1;land;false;plains;7
1582;28;107;1;land;false;hills;7
1583;2;173;1;land;true;mountain;7
1584;9;151;1;land;false;plains;7
1585;5;155;1;land;true;mountain;7
1586;21;145;1;land;false;plains;7
1587;1;118;1;land;true;hills;7
1588;3;135;1;land;true;hills;7
1589;11;105;1;land;true;mountain;7
1590;21;152;1;land;false;plains;7
1591;2;125;1;land;false;plains;7
1592;15;143;1;land;false;plains;7
1593;12;118;1;land;true;mountain;7
1594;29;145;1;land;true;plains;7
1595;19;127;1;land;true;hills;7
1596;3;111;1;land;false;plains;7
1597;17;103;1;land;false;hills;7
1598;4;101;1;land;false;plains;7
1599;15;119;1;land;false;plains;7
1600;9;131;1;land;false;plains;7
1601;21;142;1;land;false;hills;7
1602;1;130;1;land;false;plains;7
1603;26;157;1;land;false;plains;7
1604;194;58;1;land;false;desert;7
1605;181;72;1;land;false;hills;7
1606;249;94;1;land;false;plains;7
1607;188;34;1;land;false;plains;7
1608;208;95;1;land;false;hills;7
1609;250;73;1;land;false;plains;7
1610;222;112;1;land;false;hills;7
1611;213;84;1;land;false;desert;7
1612;232;34;1;land;false;desert;7
1613;62;153;1;land;false;plains;7
1614;7;196;1;land;false;plains;7
1615;42;167;1;land;false;plains;7
1616;35;165;1;land;false;plains;7
1617;119;30;1;land;false;forest;7
1618;164;67;1;land;false;hills;7
1619;137;53;1;land;false;forest;7
1620;153;52;1;land;false;forest;7
1621;148;58;1;land;false;hills;7
1622;128;189;1;land;false;hills;7
1623;124;221;1;land;false;mountain;7
1624;117;165;1;land;false;hills;7
1625;163;216;1;land;false;hills;7
1626;113;208;1;land;false;mountain;7
1627;91;194;1;land;false;hills;7
1628;95;198;1;land;false;mountain;7
1629;137;175;1;land;false;hills;7
1630;153;156;1;land;false;hills;7
1631;120;189;1;land;false;mountain;7
1632;102;177;1;land;false;hills;7
1633;154;207;1;land;false;hills;7
1634;151;188;1;land;false;mountain;7
1635;206;14;1;land;true;forest;7
1636;249;36;1;land;false;forest;7
1637;207;69;1;land;false;hills;7
1638;251;81;1;land;false;hills;7
1639;199;66;1;land;false;mountain;7
1640;218;50;1;land;true;mountain;7
1641;250;24;1;land;false;mountain;7
1642;218;11;1;land;false;forest;7
1643;250;14;1;land;true;forest;7
1644;243;20;1;land;false;hills;7
1645;235;25;1;land;false;forest;7
1646;201;84;1;land;false;forest;7
1647;201;45;1;land;true;hills;7
1648;232;49;1;land;true;forest;7
1649;209;66;1;land;true;forest;7
1650;241;83;1;land;false;hills;7
1651;249;11;1;land;false;forest;7
1652;231;36;1;land;false;hills;7
1653;250;11;1;land;true;mountain;7
1654;216;74;1;land;false;forest;7
1655;253;81;1;land;false;plains;7
1656;212;37;1;land;true;forest;7
1657;201;77;1;land;false;hills;7
1658;219;75;1;land;true;forest;7
1659;206;63;1;land;true;hills;7
1660;199;39;1;land;true;forest;7
1661;204;88;1;land;false;mountain;7
1662;205;23;1;land;true;forest;7
1663;250;39;1;land;true;plains;7
1664;252;20;1;land;false;hills;7
1665;220;52;1;land;false;mountain;7
1666;242;48;1;land;true;forest;7
1667;218;84;1;land;false;hills;7
1668;232;55;1;land;false;hills;7
1669;234;15;1;land;false;forest;7
1670;241;88;1;land;true;forest;7
1671;222;192;1;land;true;plains;7
1672;189;123;1;land;true;plains;7
1673;189;166;1;land;true;plains;7
1674;167;179;1;land;true;hills;7
1675;162;143;1;land;true;plains;7
1676;174;124;1;land;true;forest;7
1677;197;162;1;land;true;hills;7
1678;190;148;1;land;true;plains;7
1679;73;25;1;land;true;hills;7
1680;30;19;1;land;true;hills;7
1681;84;52;1;land;false;plains;7
1682;36;25;1;land;false;mountain;7
1683;51;8;1;land;false;hills;7
1684;54;12;1;land;false;mountain;7
1685;30;51;1;land;true;mountain;7
1686;17;24;1;land;true;plains;7
1687;89;28;1;land;false;plains;7
1688;19;19;1;land;true;hills;7
1689;66;11;1;land;false;mountain;7
1690;67;33;1;land;false;plains;7
1691;39;1;1;land;false;plains;7
1692;63;162;1;land;false;jungle;7
1693;54;168;1;land;false;jungle;7
1694;17;132;1;land;false;forest;7
1695;76;182;1;land;false;hills;7
1696;43;196;1;land;false;hills;7
1697;56;161;1;land;false;jungle;7
1698;27;146;1;land;false;forest;7
1699;16;124;1;land;false;jungle;7
1700;73;164;1;land;false;hills;7
1701;52;128;1;land;false;plains;7
1702;31;165;1;land;false;jungle;7
1703;34;117;1;land;false;forest;7
1704;79;196;1;land;false;hills;7
1705;62;159;1;land;false;jungle;7
1706;29;168;1;land;false;forest;7
1707;86;118;1;land;false;plains;7
1708;86;173;1;land;false;forest;7
1709;82;158;1;land;false;jungle;7
1710;15;164;1;land;false;jungle;7
1711;69;127;1;land;false;jungle;7
1712;85;128;1;land;false;plains;7
1713;146;110;1;land;false;hills;7
1714;124;120;1;land;true;mountain;7
1715;100;108;1;land;true;mountain;7
1716;81;163;1;land;true;hills;7
1717;136;100;1;land;false;mountain;7
1718;200;227;1;land;false;hills;7
1719;212;235;1;land;false;plains;7
1720;214;226;1;land;false;hills;7
1721;218;215;1;land;false;hills;7
1722;233;231;1;land;false;hills;7
1723;193;222;1;land;false;plains;7
1724;206;227;1;land;false;mountain;7
1725;217;225;1;land;false;hills;7
1726;190;233;1;land;false;hills;7
1727;185;217;1;land;false;plains;7
1728;190;243;1;land;false;hills;7
1729;94;223;1;land;false;plains;7
1730;72;230;1;land;false;hills;7
1731;42;222;1;land;false;hills;7
1732;37;238;1;land;false;plains;7
1733;37;252;1;land;false;hills;7
1734;52;225;1;land;false;hills;7
1735;223;12;1;land;false;plains;7
1736;244;9;1;land;false;hills;7
1737;216;34;1;land;false;plains;7
1738;235;32;1;land;false;plains;7
1739;250;23;1;land;false;plains;7
1740;229;31;1;land;false;plains;7
1741;235;5;1;land;false;plains;7
1742;220;38;1;land;false;plains;7
1743;230;19;1;land;false;plains;7
1744;241;19;1;land;false;plains;7
1745;242;17;1;land;false;plains;7
1746;252;34;1;land;false;hills;7
1747;217;29;1;land;false;plains;7
1748;223;29;1;land;false;plains;7
1749;235;11;1;land;false;hills;7
1750;231;4;1;land;false;plains;7
1751;246;130;1;land;true;hills;7
1752;253;159;1;land;false;mountain;7
1753;247;157;1;land;true;hills;7
1754;217;168;1;land;false;hills;7
1755;214;120;1;land;true;mountain;7
1756;77;26;1;land;false;hills;7
1757;104;17;1;land;false;mountain;7
1758;101;29;1;land;false;mountain;7
1759;87;2;1;land;false;hills;7
1760;65;34;1;land;false;plains;7
1761;61;117;1;land;false;hills;7
1762;43;129;1;land;false;plains;7
1763;27;115;1;land;false;hills;7
1764;89;121;1;land;false;desert;7
1765;33;135;1;land;false;desert;7
1766;89;132;1;land;false;desert;7
1767;76;84;1;land;false;plains;7
1768;81;95;1;land;false;plains;7
1769;47;129;1;land;false;desert;7
1770;62;72;1;land;false;desert;7
1771;94;107;1;land;false;desert;7
1772;188;82;1;land;false;plains;7
1773;151;74;1;land;false;desert;7
1774;151;73;1;land;false;desert;7
1775;199;126;1;land;false;desert;7
1776;177;87;1;land;false;desert;7
1777;243;94;1;land;true;forest;7
1778;218;44;1;land;false;plains;7
1779;202;82;1;land;true;plains;7
1780;203;98;1;land;true;plains;7
1781;237;116;1;land;false;plains;7
1782;252;96;1;land;true;plains;7
1783;252;99;1;land;false;plains;7
1784;98;49;1;land;false;hills;7
1785;90;82;1;land;false;plains;7
1786;121;121;1;land;false;hills;7
1787;96;47;1;land;false;plains;7
1788;83;58;1;land;true;plains;7
1789;60;78;1;land;false;hills;7
1790;100;74;1;land;false;hills;7
1791;96;115;1;land;false;hills;7
1792;73;59;1;land;false;hills;7
1793;99;66;1;land;false;plains;7
1794;98;122;1;land;false;hills;7
1795;120;79;1;land;false;plains;7
1796;63;115;1;land;false;hills;7
1797;115;63;1;land;false;plains;7
1798;56;77;1;land;false;hills;7
1799;95;112;1;land;false;plains;7
1800;220;194;1;land;true;mountain;7
1801;228;166;1;land;true;plains;7
1802;158;184;1;land;false;plains;7
1803;231;205;1;land;true;hills;7
1804;226;188;1;land;true;hills;7
1805;183;214;1;land;true;plains;7
1806;203;191;1;land;true;mountain;7
1807;9;168;1;land;false;plains;7
1808;6;163;1;land;false;plains;7
1809;30;213;1;land;false;plains;7
1810;26;145;1;land;false;plains;7
1811;33;210;1;land;false;plains;7
1812;36;184;1;land;false;plains;7
1813;43;145;1;land;false;plains;7
1814;29;174;1;land;false;plains;7
1815;17;60;1;land;false;mountain;7
1816;19;75;1;land;false;mountain;7
1817;25;63;1;land;false;hills;7
1818;42;24;1;land;false;mountain;7
1819;40;40;1;land;false;hills;7
1820;13;46;1;land;false;mountain;7
1821;24;32;1;land;false;mountain;7
1822;10;87;1;land;false;mountain;7
1823;144;205;1;land;false;hills;7
1824;119;148;1;land;false;hills;7
1825;97;210;1;land;false;hills;7
1826;80;193;1;land;false;hills;7
1827;130;147;1;land;false;hills;7
1828;139;144;1;land;false;hills;7
1829;121;138;1;land;false;mountain;7
1830;135;189;1;land;false;hills;7
1831;100;185;1;land;false;hills;7
1832;79;113;1;land;false;hills;7
1833;83;89;1;land;true;hills;7
1834;61;100;1;land;false;hills;7
1835;69;116;1;land;true;mountain;7
1836;52;117;1;land;false;plains;7
1837;98;80;1;land;false;hills;7
1838;67;112;1;land;false;desert;7
1839;65;86;1;land;false;plains;7
1840;65;132;1;land;false;hills;7
1841;34;124;1;land;false;hills;7
1842;54;91;1;land;false;hills;7
1843;71;82;1;land;false;hills;7
1844;82;130;1;land;false;desert;7
1845;88;74;1;land;false;plains;7
1846;42;218;1;land;true;hills;7
1847;46;225;1;land;true;plains;7
1848;35;208;1;land;true;hills;7
1849;80;225;1;land;true;hills;7
1850;50;223;1;land;false;plains;7
1851;64;254;1;land;true;hills;7
1852;88;238;1;land;true;hills;7
1853;45;253;1;land;false;plains;7
1854;47;212;1;land;false;hills;7
1855;42;253;1;land;true;mountain;7
1856;43;230;1;land;true;plains;7
1857;82;228;1;land;false;hills;7
1858;53;216;1;land;false;hills;7
1859;60;208;1;land;true;hills;7
1860;88;254;1;land;true;plains;7
1861;218;63;1;land;false;plains;7
1862;243;69;1;land;false;plains;7
1863;230;88;1;land;false;plains;7
1864;240;80;1;land;false;plains;7
1865;207;58;1;land;false;plains;7
1866;243;115;1;land;false;plains;7
1867;230;48;1;land;false;hills;7
1868;211;119;1;land;false;hills;7
1869;215;44;1;land;false;plains;7
1870;250;71;1;land;false;plains;7
1871;216;86;1;land;false;plains;7
1872;245;100;1;land;false;plains;7
1873;223;114;1;land;false;plains;7
1874;235;47;1;land;false;plains;7
1875;241;47;1;land;false;plains;7
1876;221;59;1;land;false;plains;7
1877;229;86;1;land;false;hills;7
1878;233;88;1;land;false;plains;7
1879;246;77;1;land;false;plains;7
1880;243;74;1;land;false;hills;7
1881;55;100;1;land;false;plains;7
1882;133;51;1;land;false;plains;7
1883;99;63;1;land;false;hills;7
1884;74;105;1;land;false;plains;7
1885;79;74;1;land;false;plains;7
1886;99;117;1;land;true;mountain;7
1887;81;120;1;land;false;plains;7
1888;77;108;1;land;false;plains;7
1889;96;101;1;land;false;hills;7
1890;83;74;1;land;true;mountain;7
1891;75;118;1;land;false;plains;7
1892;81;118;1;land;false;hills;7
1893;69;87;1;land;false;plains;7
1894;87;74;1;land;false;plains;7
1895;65;112;1;land;false;plains;7
1896;20;181;1;land;false;hills;7
1897;46;203;1;land;false;hills;7
1898;63;152;1;land;false;hills;7
1899;52;191;1;land;false;mountain;7
1900;89;229;1;land;false;hills;7
1901;57;229;1;land;false;plains;7
1902;63;200;1;land;false;mountain;7
1903;43;161;1;land;false;hills;7
1904;138;43;1;land;false;plains;7
1905;161;33;1;land;false;plains;7
1906;165;49;1;land;false;hills;7
1907;187;77;1;land;false;hills;7
1908;194;65;1;land;false;plains;7
1909;140;49;1;land;false;hills;7
1910;10;47;1;land;false;hills;7
1911;27;42;1;land;false;hills;7
1912;44;43;1;land;false;forest;7
1913;32;69;1;land;true;hills;7
1914;28;47;1;land;false;hills;7
1915;2;37;1;land;true;forest;7
1916;23;80;1;land;false;forest;7
1917;7;59;1;land;false;forest;7
1918;34;70;1;land;false;forest;7
1919;8;86;1;land;false;forest;7
1920;41;80;1;land;false;hills;7
1921;15;49;1;land;true;mountain;7
1922;2;78;1;land;false;hills;7
1923;39;85;1;land;true;forest;7
1924;21;31;1;land;false;hills;7
1925;222;122;1;land;false;jungle;7
1926;234;193;1;land;false;hills;7
1927;211;194;1;land;false;plains;7
1928;236;146;1;land;false;jungle;7
1929;252;200;1;land;false;jungle;7
1930;249;196;1;land;false;forest;7
1931;192;153;1;land;false;jungle;7
1932;217;127;1;land;false;plains;7
1933;210;161;1;land;false;jungle;7
1934;231;127;1;land;false;forest;7
1935;224;178;1;land;false;jungle;7
1936;250;147;1;land;false;forest;7
1937;215;140;1;land;false;forest;7
1938;244;189;1;land;false;hills;7
1939;249;173;1;land;false;jungle;7
1940;251;190;1;land;false;plains;7
1941;197;201;1;land;false;jungle;7
1942;227;188;1;land;false;forest;7
1943;217;136;1;land;false;forest;7
1944;198;181;1;land;false;jungle;7
1945;246;144;1;land;false;plains;7
1946;213;184;1;land;false;jungle;7
1947;210;159;1;land;false;jungle;7
1948;108;46;1;land;false;hills;7
1949;76;61;1;land;false;hills;7
1950;85;145;1;land;true;hills;7
1951;102;159;1;land;true;hills;7
1952;51;193;1;land;true;hills;7
1953;113;171;1;land;false;hills;7
1954;108;157;1;land;true;plains;7
1955;102;154;1;land;true;plains;7
1956;72;131;1;land;false;hills;7
1957;83;157;1;land;false;hills;7
1958;96;183;1;land;true;hills;7
1959;83;61;1;land;true;plains;7
1960;66;24;1;land;false;plains;7
1961;84;26;1;land;false;hills;7
1962;115;1;1;land;false;plains;7
1963;104;41;1;land;true;hills;7
1964;81;63;1;land;false;plains;7
1965;106;3;1;land;false;hills;7
1966;66;36;1;land;true;hills;7
1967;75;25;1;land;false;plains;7
1968;63;49;1;land;false;plains;7
1969;189;34;1;land;false;hills;7
1970;169;57;1;land;false;hills;7
1971;220;0;1;land;false;forest;7
1972;238;1;1;land;false;forest;7
1973;189;49;1;land;false;hills;7
1974;217;51;1;land;false;hills;7
1975;176;41;1;land;false;forest;7
1976;200;17;1;land;false;forest;7
1977;233;20;1;land;false;hills;7
1978;17;97;1;land;false;hills;7
1979;55;153;1;land;false;hills;7
1980;62;101;1;land;false;plains;7
1981;4;96;1;land;false;plains;7
1982;59;154;1;land;false;hills;7
1983;0;143;1;land;false;hills;7
1984;44;132;1;land;false;plains;7
1985;32;136;1;land;false;hills;7
1986;30;131;1;land;false;plains;7
1987;60;100;1;land;false;hills;7
1988;114;3;1;land;false;mountain;7
1989;101;9;1;land;false;hills;7
1990;134;34;1;land;false;hills;7
1991;152;36;1;land;false;hills;7
1992;156;37;1;land;false;hills;7
1993;99;23;1;land;false;plains;7
1994;89;7;1;land;false;plains;7
1995;138;35;1;land;false;hills;7
1996;91;2;1;land;false;plains;7
1997;91;28;1;land;false;desert;7
1998;115;41;1;land;false;mountain;7
1999;138;130;1;land;false;plains;7
2000;137;80;1;land;false;plains;7
2001;133;146;1;land;false;plains;7
2002;166;79;1;land;false;plains;7
2003;123;122;1;land;false;plains;7
2004;124;150;1;land;false;plains;7
2005;119;140;1;land;false;plains;7
2006;88;135;1;land;false;plains;7
2007;94;143;1;land;false;plains;7
2008;110;99;1;land;false;plains;7
2009;88;99;1;land;false;plains;7
2010;150;117;1;land;false;plains;7
2011;135;148;1;land;false;plains;7
2012;133;123;1;land;false;plains;7
2013;155;104;1;land;false;plains;7
2014;129;98;1;land;false;plains;7
2015;142;126;1;land;false;plains;7
2016;99;97;1;land;false;plains;7
2017;164;124;1;land;false;plains;7
2018;156;103;1;land;false;plains;7
2019;92;139;1;land;false;plains;7
2020;122;88;1;land;false;plains;7
2021;218;227;1;land;false;hills;7
2022;215;233;1;land;false;plains;7
2023;204;229;1;land;false;hills;7
2024;215;199;1;land;false;plains;7
2025;195;215;1;land;false;plains;7
2026;161;193;1;land;false;plains;7
2027;163;198;1;land;false;plains;7
2028;172;234;1;land;false;hills;7
2029;170;206;1;land;false;plains;7
2030;199;231;1;land;false;plains;7
2031;182;240;1;land;false;hills;7
2032;194;107;1;land;true;plains;7
2033;161;65;1;land;true;plains;7
2034;30;252;1;land;false;plains;7
2035;7;202;1;land;false;plains;7
2036;17;208;1;land;false;plains;7
2037;23;88;1;land;false;mountain;7
2038;36;86;1;land;false;mountain;7
2039;48;116;1;land;false;hills;7
2040;77;79;1;land;false;hills;7
2041;31;73;1;land;false;hills;7
2042;73;75;1;land;false;hills;7
2043;48;80;1;land;false;hills;7
2044;43;61;1;land;false;hills;7
2045;61;72;1;land;false;hills;7
2046;105;184;1;land;true;jungle;7
2047;93;197;1;land;true;hills;7
2048;112;224;1;land;true;jungle;7
2049;76;216;1;land;false;hills;7
2050;136;235;1;land;false;hills;7
2051;91;207;1;land;true;hills;7
2052;123;185;1;land;true;mountain;7
2053;131;238;1;land;false;hills;7
2054;134;99;1;land;false;mountain;7
2055;75;71;1;land;true;desert;7
2056;96;20;1;land;true;hills;7
2057;89;48;1;land;true;hills;7
2058;92;71;1;land;false;desert;7
2059;112;65;1;land;false;mountain;7
2060;94;51;1;land;false;hills;7
2061;117;53;1;land;false;plains;7
2062;96;34;1;land;false;plains;7
2063;129;28;1;land;true;mountain;7
2064;136;51;1;land;true;hills;7
2065;114;31;1;land;false;plains;7
2066;142;43;1;land;false;plains;7
2067;77;34;1;land;true;mountain;7
2068;86;69;1;land;true;plains;7
2069;92;31;1;land;false;desert;7
2070;110;37;1;land;false;hills;7
2071;152;70;1;land;true;desert;7
2072;148;50;1;land;true;plains;7
2073;91;56;1;land;false;plains;7
2074;83;92;1;land;true;mountain;7
2075;95;71;1;land;true;plains;7
2076;152;86;1;land;false;hills;7
2077;114;94;1;land;false;hills;7
2078;127;50;1;land;false;plains;7
2079;116;68;1;land;false;plains;7
2080;120;70;1;land;true;desert;7
2081;116;34;1;land;false;plains;7
2082;79;56;1;land;false;hills;7
2083;75;57;1;land;true;hills;7
2084;80;52;1;land;true;plains;7
2085;151;22;1;land;false;desert;7
2086;103;48;1;land;false;plains;7
2087;186;220;1;land;true;plains;7
2088;172;169;1;land;false;mountain;7
2089;215;171;1;land;true;forest;7
2090;172;198;1;land;false;plains;7
2091;205;188;1;land;true;plains;7
2092;190;192;1;land;false;hills;7
2093;180;204;1;land;false;hills;7
2094;240;215;1;land;false;plains;7
2095;205;168;1;land;true;mountain;7
2096;244;215;1;land;false;hills;7
2097;242;174;1;land;false;hills;7
2098;188;216;1;land;false;hills;7
2099;211;215;1;land;true;plains;7
2100;229;188;1;land;true;mountain;7
2101;170;165;1;land;false;mountain;7
2102;226;166;1;land;false;hills;7
2103;210;198;1;land;false;plains;7
2104;192;197;1;land;false;hills;7
2105;193;190;1;land;true;plains;7
2106;240;195;1;land;true;mountain;7
2107;171;228;1;land;true;mountain;7
2108;208;238;1;land;false;hills;7
2109;207;172;1;land;true;plains;7
2110;10;134;1;land;false;plains;7
2111;15;100;1;land;false;hills;7
2112;22;168;1;land;false;plains;7
2113;6;168;1;land;false;hills;7
2114;2;102;1;land;false;plains;7
2115;51;146;1;land;false;plains;7
2116;50;109;1;land;false;plains;7
2117;16;145;1;land;false;hills;7
2118;10;162;1;land;false;plains;7
2119;63;10;1;land;true;hills;7
2120;4;38;1;land;false;hills;7
2121;35;31;1;land;true;hills;7
2122;2;36;1;land;false;mountain;7
2123;61;105;1;land;false;forest;7
2124;117;119;1;land;false;forest;7
2125;110;116;1;land;false;forest;7
2126;114;133;1;land;false;forest;7
2127;82;139;1;land;false;forest;7
2128;63;91;1;land;false;forest;7
2129;122;94;1;land;false;forest;7
2130;68;114;1;land;false;hills;7
2131;102;130;1;land;false;forest;7
2132;47;95;1;land;false;plains;7
2133;86;105;1;land;false;hills;7
2134;151;146;1;land;false;forest;7
2135;222;151;1;land;false;forest;7
2136;178;114;1;land;false;forest;7
2137;189;150;1;land;false;forest;7
2138;189;124;1;land;false;hills;7
2139;216;110;1;land;false;plains;7
2140;172;130;1;land;false;forest;7
2141;201;150;1;land;false;forest;7
2142;173;144;1;land;false;hills;7
2143;219;151;1;land;false;forest;7
2144;175;152;1;land;false;forest;7
2145;164;115;1;land;false;hills;7
2146;193;139;1;land;false;forest;7
2147;170;241;1;land;true;plains;7
2148;237;211;1;land;false;hills;7
2149;227;196;1;land;false;hills;7
2150;235;232;1;land;false;plains;7
2151;220;222;1;land;false;plains;7
2152;160;206;1;land;false;hills;7
2153;184;190;1;land;false;mountain;7
2154;187;222;1;land;false;hills;7
2155;211;210;1;land;false;mountain;7
2156;212;234;1;land;false;hills;7
2157;232;206;1;land;true;hills;7
2158;207;218;1;land;true;plains;7
2159;177;212;1;land;false;plains;7
2160;193;211;1;land;false;hills;7
2161;161;238;1;land;false;hills;7
2162;175;197;1;land;false;plains;7
2163;216;232;1;land;false;hills;7
2164;180;253;1;land;true;mountain;7
2165;229;234;1;land;false;hills;7
2166;173;192;1;land;false;mountain;7
2167;177;201;1;land;false;hills;7
2168;33;111;1;land;false;mountain;7
2169;40;60;1;land;false;hills;7
2170;9;101;1;land;false;hills;7
2171;7;42;1;land;false;hills;7
2172;22;44;1;land;false;hills;7
2173;30;103;1;land;false;plains;7
2174;11;165;1;land;false;hills;7
2175;32;232;1;land;false;hills;7
2176;15;234;1;land;false;plains;7
2177;49;207;1;land;false;hills;7
2178;32;170;1;land;false;hills;7
2179;112;108;1;land;false;plains;7
2180;123;108;1;land;false;plains;7
2181;95;64;1;land;false;plains;7
2182;98;94;1;land;false;plains;7
2183;137;82;1;land;false;plains;7
2184;115;56;1;land;false;plains;7
2185;72;63;1;land;false;plains;7
2186;106;95;1;land;false;plains;7
2187;84;78;1;land;false;plains;7
2188;115;87;1;land;false;forest;7
2189;134;48;1;land;false;plains;7
2190;139;73;1;land;false;hills;7
2191;77;114;1;land;false;plains;7
2192;112;66;1;land;false;plains;7
2193;107;55;1;land;false;plains;7
2194;69;63;1;land;false;plains;7
2195;140;94;1;land;false;plains;7
2196;80;102;1;land;false;plains;7
2197;131;123;1;land;false;hills;7
2198;67;46;1;land;false;plains;7
2199;103;74;1;land;false;forest;7
2200;116;52;1;land;false;plains;7
2201;125;86;1;land;false;plains;7
2202;128;68;1;land;false;forest;7
2203;116;235;1;land;false;hills;7
2204;131;184;1;land;false;desert;7
2205;138;231;1;land;false;mountain;7
2206;138;204;1;land;false;hills;7
2207;132;194;1;land;false;plains;7
2208;143;190;1;land;false;hills;7
2209;146;40;1;land;false;hills;7
2210;180;81;1;land;false;hills;7
2211;141;24;1;land;false;hills;7
2212;173;93;1;land;false;hills;7
2213;139;47;1;land;false;hills;7
2214;185;33;1;land;false;mountain;7
2215;32;41;1;land;false;plains;7
2216;8;27;1;land;false;plains;7
2217;51;43;1;land;false;plains;7
2218;37;30;1;land;false;plains;7
2219;0;22;1;land;false;plains;7
2220;27;36;1;land;false;plains;7
2221;28;87;1;land;false;plains;7
2222;37;80;1;land;false;plains;7
2223;9;75;1;land;false;forest;7
2224;59;38;1;land;false;plains;7
2225;41;54;1;land;false;plains;7
2226;16;35;1;land;false;forest;7
2227;9;48;1;land;false;plains;7
2228;206;29;1;land;true;plains;7
2229;237;40;1;land;false;plains;7
2230;216;85;1;land;true;mountain;7
2231;233;34;1;land;false;plains;7
2232;220;86;1;land;false;hills;7
2233;221;46;1;land;true;hills;7
2234;217;83;1;land;false;mountain;7
2235;199;73;1;land;true;plains;7
2236;183;92;1;land;true;hills;7
2237;227;65;1;land;false;hills;7
2238;207;34;1;land;false;hills;7
2239;189;63;1;land;false;plains;7
2240;192;96;1;land;false;plains;7
2241;226;35;1;land;true;plains;7
2242;194;97;1;land;false;hills;7
2243;183;68;1;land;true;plains;7
2244;192;63;1;land;true;plains;7
2245;205;46;1;land;false;plains;7
2246;214;94;1;land;true;plains;7
2247;228;32;1;land;false;hills;7
2248;244;169;1;land;false;mountain;7
2249;212;198;1;land;false;hills;7
2250;227;195;1;land;false;mountain;7
2251;209;185;1;land;false;hills;7
2252;232;204;1;land;false;mountain;7
2253;202;147;1;land;false;hills;7
2254;225;203;1;land;false;hills;7
2255;183;208;1;land;false;mountain;7
2256;20;27;1;land;false;plains;7
2257;85;27;1;land;false;hills;7
2258;75;52;1;land;false;plains;7
2259;72;41;1;land;false;plains;7
2260;35;104;1;land;false;plains;7
2261;69;36;1;land;false;plains;7
2262;15;55;1;land;false;plains;7
2263;83;102;1;land;false;hills;7
2264;43;73;1;land;false;plains;7
2265;87;46;1;land;false;plains;7
2266;61;82;1;land;false;plains;7
2267;48;78;1;land;false;hills;7
2268;17;34;1;land;false;plains;7
2269;17;51;1;land;false;plains;7
2270;44;39;1;land;false;plains;7
2271;19;61;1;land;false;hills;7
2272;52;86;1;land;false;hills;7
2273;102;70;1;land;false;plains;7
2274;104;14;1;land;false;plains;7
2275;90;20;1;land;false;plains;7
2276;159;73;1;land;false;plains;7
2277;110;51;1;land;false;plains;7
2278;123;69;1;land;false;plains;7
2279;101;31;1;land;false;plains;7
2280;150;6;1;land;false;hills;7
2281;109;67;1;land;false;plains;7
2282;157;25;1;land;false;plains;7
2283;137;49;1;land;false;plains;7
2284;127;34;1;land;false;hills;7
2285;88;48;1;land;false;hills;7
2286;113;17;1;land;false;plains;7
2287;108;20;1;land;false;hills;7
2288;89;32;1;land;false;plains;7
2289;95;27;1;land;false;plains;7
2290;111;34;1;land;false;hills;7
2291;110;44;1;land;false;plains;7
2292;113;37;1;land;false;plains;7
2293;107;45;1;land;false;hills;7
2294;144;62;1;land;false;plains;7
2295;126;53;1;land;false;plains;7
2296;133;129;1;land;false;hills;7
2297;135;112;1;land;false;hills;7
2298;103;129;1;land;false;plains;7
2299;112;169;1;land;false;hills;7
2300;115;164;1;land;false;plains;7
2301;138;136;1;land;false;hills;7
2302;127;181;1;land;false;plains;7
2303;129;139;1;land;false;plains;7
2304;95;135;1;land;false;hills;7
2305;139;174;1;land;false;hills;7
2306;117;179;1;land;false;hills;7
2307;149;157;1;land;false;hills;7
2308;157;124;1;land;false;hills;7
2309;149;126;1;land;false;hills;7
2310;170;151;1;land;false;plains;7
2311;109;119;1;land;false;hills;7
2312;135;154;1;land;false;hills;7
2313;62;25;1;land;false;plains;7
2314;29;7;1;land;false;plains;7
2315;24;43;1;land;false;plains;7
2316;76;36;1;land;false;plains;7
2317;64;46;1;land;false;plains;7
2318;75;7;1;land;false;plains;7
2319;65;26;1;land;false;forest;7
2320;33;26;1;land;false;plains;7
2321;6;15;1;land;false;hills;7
2322;74;25;1;land;false;plains;7
2323;46;14;1;land;false;hills;7
2324;11;39;1;land;false;forest;7
2325;14;30;1;land;false;plains;7
2326;80;31;1;land;false;forest;7
2327;54;37;1;land;false;forest;7
2328;71;30;1;land;false;forest;7
2329;163;9;1;land;false;forest;7
2330;148;14;1;land;false;hills;7
2331;110;35;1;land;false;plains;7
2332;192;246;1;land;false;plains;7
2333;244;247;1;land;false;plains;7
2334;195;226;1;land;false;plains;7
2335;248;214;1;land;false;plains;7
2336;192;228;1;land;false;plains;7
2337;215;244;1;land;false;plains;7
2338;237;240;1;land;false;hills;7
2339;226;231;1;land;false;plains;7
2340;222;248;1;land;false;plains;7
2341;17;184;1;land;false;hills;7
2342;25;188;1;land;false;hills;7
2343;45;137;1;land;false;forest;7
2344;49;151;1;land;false;hills;7
2345;21;210;1;land;false;forest;7
2346;56;212;1;land;false;hills;7
2347;13;209;1;land;false;forest;7
2348;27;176;1;land;false;forest;7
2349;7;135;1;land;false;forest;7
2350;1;208;1;land;false;forest;7
2351;47;199;1;land;false;forest;7
2352;41;138;1;land;false;forest;7
2353;11;175;1;land;false;forest;7
2354;31;152;1;land;false;forest;7
2355;25;148;1;land;false;hills;7
2356;60;203;1;land;true;forest;7
2357;7;142;1;land;true;forest;7
2358;6;144;1;land;false;hills;7
2359;49;185;1;land;false;forest;7
2360;40;174;1;land;false;hills;7
2361;47;187;1;land;false;hills;7
2362;36;157;1;land;false;forest;7
2363;1;141;1;land;false;forest;7
2364;31;177;1;land;false;hills;7
2365;29;194;1;land;false;forest;7
2366;18;143;1;land;false;hills;7
2367;37;180;1;land;false;hills;7
2368;57;189;1;land;true;hills;7
2369;17;209;1;land;false;hills;7
2370;46;162;1;land;false;forest;7
2371;57;159;1;land;false;forest;7
2372;15;146;1;land;false;hills;7
2373;46;205;1;land;true;hills;7
2374;26;155;1;land;false;hills;7
2375;45;152;1;land;false;hills;7
2376;31;135;1;land;true;forest;7
2377;37;169;1;land;false;forest;7
2378;19;209;1;land;false;forest;7
2379;57;136;1;land;false;forest;7
2380;4;181;1;land;false;forest;7
2381;11;138;1;land;false;forest;7
2382;56;185;1;land;false;hills;7
2383;57;179;1;land;false;hills;7
2384;1;192;1;land;false;forest;7
2385;25;139;1;land;false;forest;7
2386;58;151;1;land;false;hills;7
2387;11;201;1;land;false;hills;7
2388;9;16;1;land;false;hills;7
2389;35;65;1;land;false;plains;7
2390;54;2;1;land;false;plains;7
2391;35;16;1;land;true;hills;7
2392;20;32;1;land;false;plains;7
2393;5;56;1;land;true;hills;7
2394;10;34;1;land;false;plains;7
2395;31;69;1;land;false;plains;7
2396;7;35;1;land;true;hills;7
2397;8;6;1;land;true;hills;7
2398;25;48;1;land;false;plains;7
2399;51;67;1;land;true;hills;7
2400;68;69;1;land;false;hills;7
2401;35;49;1;land;false;plains;7
2402;5;47;1;land;true;plains;7
2403;58;25;1;land;false;hills;7
2404;34;61;1;land;true;plains;7
2405;17;6;1;land;true;hills;7
2406;59;60;1;land;false;plains;7
2407;15;21;1;land;false;plains;7
2408;32;60;1;land;false;plains;7
2409;6;19;1;land;false;plains;7
2410;51;37;1;land;false;hills;7
2411;56;22;1;land;true;hills;7
2412;20;45;1;land;false;plains;7
2413;50;23;1;land;true;plains;7
2414;6;22;1;land;false;plains;7
2415;45;35;1;land;false;plains;7
2416;4;67;1;land;false;plains;7
2417;66;38;1;land;false;hills;7
2418;30;46;1;land;true;plains;7
2419;109;178;1;land;false;plains;7
2420;140;175;1;land;false;forest;7
2421;161;194;1;land;false;forest;7
2422;104;194;1;land;false;forest;7
2423;90;158;1;land;false;plains;7
2424;168;53;1;land;false;hills;7
2425;114;48;1;land;false;forest;7
2426;100;30;1;land;false;forest;7
2427;113;51;1;land;false;plains;7
2428;169;40;1;land;false;plains;7
2429;140;9;1;land;false;hills;7
2430;128;49;1;land;false;hills;7
2431;159;41;1;land;false;plains;7
2432;104;13;1;land;false;plains;7
2433;153;63;1;land;false;plains;7
2434;232;13;1;land;false;hills;7
2435;211;13;1;land;false;hills;7
2436;181;19;1;land;false;plains;7
2437;215;30;1;land;false;plains;7
2438;209;21;1;land;false;plains;7
2439;205;42;1;land;false;hills;7
2440;217;11;1;land;false;hills;7
2441;211;34;1;land;false;plains;7
2442;170;13;1;land;false;hills;7
2443;212;5;1;land;false;plains;7
2444;203;22;1;land;false;plains;7
2445;217;41;1;land;false;plains;7
2446;189;37;1;land;false;plains;7
2447;186;21;1;land;false;plains;7
2448;206;28;1;land;false;plains;7
2449;241;41;1;land;false;plains;7
2450;176;14;1;land;false;plains;7
2451;226;32;1;land;false;plains;7
2452;200;38;1;land;false;plains;7
2453;200;37;1;land;false;plains;7
2454;204;41;1;land;false;plains;7
2455;246;28;1;land;false;plains;7
2456;216;27;1;land;false;plains;7
2457;196;3;1;land;false;hills;7
2458;207;42;1;land;false;hills;7
2459;236;32;1;land;false;plains;7
2460;230;18;1;land;false;plains;7
2461;169;18;1;land;false;hills;7
2462;210;43;1;land;false;hills;7
2463;220;8;1;land;false;plains;7
2464;187;5;1;land;false;plains;7
2465;238;24;1;land;false;plains;7
2466;196;9;1;land;false;hills;7
2467;233;25;1;land;false;hills;7
2468;180;34;1;land;false;plains;7
2469;45;120;1;land;true;mountain;7
2470;70;186;1;land;false;plains;7
2471;10;140;1;land;false;hills;7
2472;40;109;1;land;false;hills;7
2473;81;127;1;land;false;mountain;7
2474;11;154;1;land;false;plains;7
2475;78;115;1;land;false;hills;7
2476;78;148;1;land;false;hills;7
2477;31;162;1;land;false;hills;7
2478;42;147;1;land;false;hills;7
2479;68;12;1;land;false;hills;7
2480;55;0;1;land;false;hills;7
2481;114;147;1;land;false;plains;7
2482;81;106;1;land;false;plains;7
2483;147;93;1;land;false;plains;7
2484;131;145;1;land;false;plains;7
2485;112;82;1;land;false;plains;7
2486;78;132;1;land;false;plains;7
2487;107;150;1;land;false;plains;7
2488;90;155;1;land;false;plains;7
2489;131;196;1;land;false;hills;7
2490;143;207;1;land;false;hills;7
2491;119;204;1;land;false;hills;7
2492;138;250;1;land;false;plains;7
2493;122;202;1;land;false;hills;7
2494;111;204;1;land;true;plains;7
2495;98;230;1;land;false;hills;7
2496;148;202;1;land;false;hills;7
2497;137;212;1;land;false;plains;7
2498;155;123;1;land;false;plains;7
2499;114;113;1;land;false;hills;7
2500;105;108;1;land;false;plains;7
2501;103;94;1;land;false;plains;7
2502;100;119;1;land;false;plains;7
2503;130;92;1;land;false;plains;7
2504;122;93;1;land;false;plains;7
2505;101;56;1;land;false;plains;7
2506;122;117;1;land;false;plains;7
2507;126;88;1;land;false;hills;7
2508;169;211;1;land;false;plains;7
2509;112;183;1;land;false;hills;7
2510;135;247;1;land;false;hills;7
2511;108;203;1;land;false;hills;7
2512;162;187;1;land;false;hills;7
2513;161;199;1;land;false;plains;7
2514;154;239;1;land;false;mountain;7
2515;33;72;1;land;false;mountain;7
2516;33;114;1;land;false;hills;7
2517;81;216;1;land;false;mountain;7
2518;45;189;1;land;false;hills;7
2519;66;221;1;land;false;forest;7
2520;101;176;1;land;false;hills;7
2521;67;234;1;land;false;hills;7
2522;84;212;1;land;false;forest;7
2523;88;201;1;land;false;hills;7
2524;34;182;1;land;false;hills;7
2525;98;222;1;land;false;hills;7
2526;54;197;1;land;false;hills;7
2527;161;104;1;land;false;plains;7
2528;185;96;1;land;false;hills;7
2529;185;94;1;land;false;hills;7
2530;156;86;1;land;false;hills;7
2531;184;126;1;land;false;plains;7
2532;196;126;1;land;false;plains;7
2533;185;72;1;land;false;hills;7
2534;191;78;1;land;false;hills;7
2535;165;72;1;land;false;plains;7
2536;178;109;1;land;false;plains;7
2537;149;89;1;land;false;hills;7
2538;170;118;1;land;false;plains;7
2539;144;83;1;land;false;hills;7
2540;174;81;1;land;false;plains;7
2541;131;67;1;land;false;hills;7
2542;153;133;1;land;false;plains;7
2543;131;134;1;land;false;hills;7
2544;125;81;1;land;false;hills;7
2545;173;68;1;land;false;plains;7
2546;147;109;1;land;false;hills;7
2547;138;63;1;land;false;plains;7
2548;182;96;1;land;false;plains;7
2549;149;91;1;land;false;plains;7
2550;129;85;1;land;false;hills;7
2551;218;72;1;land;true;forest;7
2552;243;102;1;land;true;hills;7
2553;237;65;1;land;true;hills;7
2554;200;39;1;land;true;hills;7
2555;229;43;1;land;true;forest;7
2556;206;57;1;land;true;hills;7
2557;195;104;1;land;true;hills;7
2558;207;90;1;land;true;hills;7
2559;212;79;1;land;true;forest;7
2560;232;94;1;land;true;hills;7
2561;221;48;1;land;true;hills;7
2562;209;153;1;land;false;hills;7
2563;246;199;1;land;false;plains;7
2564;232;184;1;land;false;plains;7
2565;248;152;1;land;false;plains;7
2566;226;197;1;land;false;plains;7
2567;212;203;1;land;false;hills;7
2568;236;214;1;land;false;plains;7
2569;226;196;1;land;false;hills;7
2570;215;195;1;land;false;plains;7
2571;223;222;1;land;false;plains;7
2572;214;173;1;land;false;plains;7
2573;223;185;1;land;false;plains;7
2574;207;216;1;land;false;plains;7
2575;221;215;1;land;false;plains;7
2576;235;212;1;land;false;hills;7
2577;223;186;1;land;false;plains;7
2578;221;201;1;land;false;plains;7
2579;217;166;1;land;false;plains;7
2580;86;99;1;land;false;hills;7
2581;116;50;1;land;true;hills;7
2582;70;89;1;land;false;hills;7
2583;60;39;1;land;false;forest;7
2584;82;59;1;land;false;hills;7
2585;49;71;1;land;false;forest;7
2586;86;73;1;land;false;forest;7
2587;45;47;1;land;true;hills;7
2588;53;114;1;land;false;forest;7
2589;89;54;1;land;false;plains;7
2590;97;47;1;land;false;hills;7
2591;79;52;1;land;false;hills;7
2592;114;62;1;land;false;forest;7
2593;78;195;1;land;true;hills;7
2594;89;156;1;land;false;plains;7
2595;61;168;1;land;false;hills;7
2596;133;168;1;land;false;hills;7
2597;109;200;1;land;true;hills;7
2598;111;172;1;land;false;hills;7
2599;59;224;1;land;false;hills;7
2600;86;167;1;land;true;plains;7
2601;102;198;1;land;false;hills;7
2602;103;161;1;land;false;plains;7
2603;117;195;1;land;true;plains;7
2604;57;165;1;land;false;hills;7
2605;93;152;1;land;false;plains;7
2606;101;212;1;land;false;hills;7
2607;109;189;1;land;true;hills;7
2608;58;214;1;land;false;hills;7
2609;66;183;1;land;false;plains;7
2610;94;207;1;land;false;hills;7
2611;82;227;1;land;false;plains;7
2612;119;203;1;land;false;hills;7
2613;124;229;1;land;false;hills;7
2614;131;199;1;land;true;plains;7
2615;77;211;1;land;false;hills;7
2616;74;173;1;land;true;plains;7
2617;164;83;1;land;false;plains;7
2618;186;17;1;land;false;plains;7
2619;131;60;1;land;false;mountain;7
2620;122;50;1;land;false;plains;7
2621;182;39;1;land;false;plains;7
2622;187;21;1;land;false;plains;7
2623;184;58;1;land;false;plains;7
2624;162;19;1;land;false;plains;7
2625;124;9;1;land;false;plains;7
2626;187;59;1;land;false;plains;7
2627;130;44;1;land;false;hills;7
2628;174;65;1;land;false;hills;7
2629;189;47;1;land;false;plains;7
2630;13;18;1;land;true;mountain;7
2631;8;25;1;land;false;hills;7
2632;19;21;1;land;true;forest;7
2633;0;42;1;land;true;forest;7
2634;3;22;1;land;true;mountain;7
2635;39;181;1;land;false;plains;7
2636;49;178;1;land;false;plains;7
2637;44;198;1;land;false;hills;7
2638;35;202;1;land;false;plains;7
2639;29;157;1;land;false;hills;7
2640;26;134;1;land;false;plains;7
2641;10;159;1;land;false;plains;7
2642;20;153;1;land;false;hills;7
2643;10;142;1;land;false;hills;7
2644;14;151;1;land;false;plains;7
2645;29;173;1;land;false;plains;7
2646;9;194;1;land;false;hills;7
2647;155;103;1;land;false;hills;7
2648;158;172;1;land;false;hills;7
2649;157;101;1;land;false;hills;7
2650;163;234;1;land;false;hills;7
2651;97;175;1;land;false;hills;7
2652;110;236;1;land;false;hills;7
2653;98;192;1;land;false;hills;7
2654;92;211;1;land;false;hills;7
2655;170;230;1;land;false;hills;7
2656;132;218;1;land;false;mountain;7
2657;113;95;1;land;false;plains;7
2658;165;85;1;land;true;mountain;7
2659;131;46;1;land;true;plains;7
2660;112;83;1;land;true;plains;7
2661;130;38;1;land;false;hills;7
2662;181;30;1;land;false;hills;7
2663;116;58;1;land;false;plains;7
2664;123;76;1;land;false;mountain;7
2665;115;34;1;land;false;hills;7
2666;235;85;1;land;true;hills;7
2667;67;200;1;land;true;plains;7
2668;39;158;1;land;false;hills;7
2669;58;168;1;land;true;plains;7
2670;76;220;1;land;true;hills;7
2671;36;189;1;land;true;hills;7
2672;26;146;1;land;true;hills;7
2673;71;213;1;land;true;hills;7
2674;42;198;1;land;false;hills;7
2675;53;186;1;land;true;mountain;7
2676;10;195;1;land;true;plains;7
2677;62;147;1;land;true;hills;7
2678;48;168;1;land;true;mountain;7
2679;78;186;1;land;true;plains;7
2680;36;179;1;land;true;plains;7
2681;51;189;1;land;true;plains;7
2682;24;217;1;land;true;plains;7
2683;58;182;1;land;false;plains;7
2684;88;213;1;land;true;plains;7
2685;13;215;1;land;true;hills;7
2686;76;143;1;land;false;hills;7
2687;58;189;1;land;false;plains;7
2688;225;127;1;land;true;hills;7
2689;234;119;1;land;false;hills;7
2690;244;155;1;land;true;hills;7
2691;214;161;1;land;false;hills;7
2692;236;116;1;land;false;hills;7
2693;215;152;1;land;false;hills;7
2694;208;135;1;land;false;plains;7
2695;193;126;1;land;false;hills;7
2696;216;163;1;land;false;hills;7
2697;60;4;1;land;false;desert;7
2698;63;15;1;land;false;desert;7
2699;108;3;1;land;false;desert;7
2700;47;11;1;land;false;desert;7
2701;121;28;1;land;false;desert;7
2702;151;234;1;land;false;plains;7
2703;154;224;1;land;false;plains;7
2704;167;234;1;land;false;hills;7
2705;166;245;1;land;false;hills;7
2706;175;225;1;land;false;hills;7
2707;142;252;1;land;false;mountain;7
2708;168;245;1;land;false;hills;7
2709;152;209;1;land;false;hills;7
2710;136;249;1;land;false;mountain;7
2711;250;165;1;land;false;hills;7
2712;232;145;1;land;false;hills;7
2713;238;113;1;land;false;hills;7
2714;250;163;1;land;false;hills;7
2715;229;98;1;land;false;hills;7
2716;229;122;1;land;false;hills;7
2717;215;126;1;land;false;plains;7
2718;211;118;1;land;false;hills;7
2719;25;222;1;land;false;plains;7
2720;34;252;1;land;false;plains;7
2721;34;228;1;land;false;plains;7
2722;33;233;1;land;false;hills;7
2723;10;207;1;land;true;hills;7
2724;38;206;1;land;true;plains;7
2725;39;212;1;land;false;hills;7
2726;18;246;1;land;true;plains;7
2727;34;244;1;land;false;plains;7
2728;0;244;1;land;true;plains;7
2729;34;227;1;land;false;hills;7
2730;2;225;1;land;false;plains;7
2731;32;251;1;land;false;plains;7
2732;9;215;1;land;true;hills;7
2733;17;227;1;land;false;hills;7
2734;0;209;1;land;false;hills;7
2735;3;230;1;land;false;plains;7
2736;26;236;1;land;false;plains;7
2737;2;232;1;land;false;plains;7
2738;38;226;1;land;false;hills;7
2739;7;218;1;land;false;plains;7
2740;36;207;1;land;false;plains;7
2741;28;238;1;land;false;plains;7
2742;3;247;1;land;true;mountain;7
2743;37;229;1;land;false;plains;7
2744;164;109;1;land;false;forest;7
2745;202;149;1;land;false;forest;7
2746;181;172;1;land;false;hills;7
2747;168;146;1;land;false;forest;7
2748;137;103;1;land;false;forest;7
2749;196;165;1;land;false;forest;7
2750;207;148;1;land;false;plains;7
2751;209;105;1;land;false;plains;7
2752;160;101;1;land;false;hills;7
2753;150;157;1;land;false;forest;7
2754;176;161;1;land;false;forest;7
2755;144;155;1;land;false;hills;7
2756;176;134;1;land;false;forest;7
2757;182;246;1;land;false;hills;7
2758;156;246;1;land;false;plains;7
2759;149;235;1;land;false;forest;7
2760;218;218;1;land;false;hills;7
2761;172;251;1;land;false;hills;7
2762;219;219;1;land;false;hills;7
2763;150;230;1;land;false;plains;7
2764;206;222;1;land;false;hills;7
2765;173;229;1;land;false;hills;7
2766;168;223;1;land;false;hills;7
2767;166;250;1;land;false;forest;7
2768;34;253;1;land;true;forest;7
2769;31;217;1;land;false;hills;7
2770;53;240;1;land;false;hills;7
2771;36;228;1;land;false;hills;7
2772;31;225;1;land;false;forest;7
2773;46;243;1;land;false;forest;7
2774;38;227;1;land;false;mountain;7
2775;55;252;1;land;false;mountain;7
2776;50;231;1;land;true;mountain;7
2777;29;246;1;land;false;hills;7
2778;40;223;1;land;true;forest;7
2779;13;233;1;land;false;mountain;7
2780;47;246;1;land;false;hills;7
2781;28;250;1;land;false;hills;7
2782;55;248;1;land;true;hills;7
2783;35;247;1;land;true;hills;7
2784;20;248;1;land;true;jungle;7
2785;20;223;1;land;false;hills;7
2786;4;228;1;land;true;forest;7
2787;18;240;1;land;true;forest;7
2788;81;131;1;land;false;plains;7
2789;107;124;1;land;false;plains;7
2790;95;85;1;land;false;plains;7
2791;124;92;1;land;false;plains;7
2792;103;81;1;land;false;plains;7
2793;87;71;1;land;false;hills;7
2794;117;114;1;land;false;hills;7
2795;79;81;1;land;false;plains;7
2796;112;116;1;land;false;hills;7
2797;79;134;1;land;false;plains;7
2798;128;112;1;land;false;plains;7
2799;38;104;1;land;false;hills;7
2800;24;94;1;land;false;hills;7
2801;39;86;1;land;false;mountain;7
2802;31;45;1;land;false;hills;7
2803;27;49;1;land;false;hills;7
2804;18;94;1;land;false;hills;7
2805;45;105;1;land;false;hills;7
2806;27;59;1;land;false;hills;7
2807;39;104;1;land;false;hills;7
2808;39;99;1;land;false;mountain;7
2809;23;70;1;land;false;hills;7
2810;3;81;1;land;false;forest;7
2811;16;93;1;land;false;hills;7
2812;34;211;1;land;false;plains;7
2813;28;230;1;land;false;hills;7
2814;7;231;1;land;false;hills;7
2815;56;163;1;land;false;hills;7
2816;35;187;1;land;false;hills;7
2817;0;216;1;land;false;hills;7
2818;44;188;1;land;false;plains;7
2819;39;225;1;land;false;mountain;7
2820;13;189;1;land;false;hills;7
2821;35;212;1;land;false;plains;7
2822;20;224;1;land;false;forest;7
2823;82;71;1;land;false;desert;7
2824;121;118;1;land;false;plains;7
2825;80;77;1;land;false;desert;7
2826;84;81;1;land;false;hills;7
2827;93;47;1;land;false;plains;7
2828;84;69;1;land;false;hills;7
2829;139;114;1;land;false;plains;7
2830;81;47;1;land;false;desert;7
2831;92;103;1;land;false;hills;7
2832;132;79;1;land;false;hills;7
2833;89;55;1;land;false;plains;7
2834;147;115;1;land;false;hills;7
2835;86;104;1;land;false;hills;7
2836;138;118;1;land;false;desert;7
2837;142;89;1;land;false;plains;7
2838;120;111;1;land;false;mountain;7
2839;136;123;1;land;false;desert;7
2840;137;112;1;land;false;hills;7
2841;141;87;1;land;false;hills;7
2842;122;121;1;land;false;hills;7
2843;78;58;1;land;false;hills;7
2844;97;44;1;land;false;hills;7
2845;113;68;1;land;false;hills;7
2846;114;122;1;land;false;desert;7
2847;117;202;1;land;false;plains;7
2848;96;230;1;land;false;plains;7
2849;92;175;1;land;false;hills;7
2850;136;210;1;land;false;hills;7
2851;152;207;1;land;false;hills;7
2852;132;193;1;land;false;plains;7
2853;98;173;1;land;false;plains;7
2854;140;196;1;land;false;plains;7
2855;87;160;1;land;false;hills;7
2856;85;186;1;land;false;hills;7
2857;102;168;1;land;false;mountain;7
2858;84;179;1;land;false;plains;7
2859;148;164;1;land;false;hills;7
2860;161;174;1;land;false;hills;7
2861;109;206;1;land;false;hills;7
2862;109;185;1;land;false;hills;7
2863;101;210;1;land;false;plains;7
2864;202;15;1;land;false;hills;7
2865;199;86;1;land;false;hills;7
2866;219;31;1;land;false;hills;7
2867;200;67;1;land;false;hills;7
2868;211;22;1;land;false;hills;7
2869;141;15;1;land;false;hills;7
2870;192;76;1;land;false;hills;7
2871;195;30;1;land;false;hills;7
2872;183;165;1;land;false;jungle;7
2873;202;207;1;land;false;hills;7
2874;206;204;1;land;false;hills;7
2875;161;145;1;land;false;hills;7
2876;38;49;1;land;false;forest;7
2877;39;40;1;land;false;forest;7
2878;18;60;1;land;false;forest;7
2879;16;94;1;land;false;hills;7
2880;2;24;1;land;false;forest;7
2881;4;89;1;land;true;hills;7
2882;54;30;1;land;false;forest;7
2883;44;90;1;land;false;hills;7
2884;41;85;1;land;true;forest;7
2885;27;74;1;land;false;forest;7
2886;21;32;1;land;false;hills;7
2887;48;34;1;land;true;forest;7
2888;66;64;1;land;true;forest;7
2889;17;81;1;land;true;forest;7
2890;25;93;1;land;false;hills;7
2891;62;94;1;land;false;forest;7
2892;36;69;1;land;false;hills;7
2893;21;28;1;land;false;forest;7
2894;59;24;1;land;false;hills;7
2895;53;30;1;land;true;mountain;7
2896;24;47;1;land;false;forest;7
2897;203;238;1;land;true;plains;7
2898;217;230;1;land;false;plains;7
2899;209;251;1;land;false;plains;7
2900;206;251;1;land;false;hills;7
2901;205;224;1;land;false;hills;7
2902;237;218;1;land;false;forest;7
2903;232;252;1;land;false;plains;7
2904;231;222;1;land;false;hills;7
2905;234;206;1;land;true;plains;7
2906;208;234;1;land;false;plains;7
2907;246;224;1;land;true;plains;7
2908;246;223;1;land;false;hills;7
2909;217;244;1;land;false;hills;7
2910;72;145;1;land;false;mountain;7
2911;92;138;1;land;false;plains;7
2912;141;72;1;land;false;plains;7
2913;81;141;1;land;false;hills;7
2914;68;133;1;land;false;plains;7
2915;95;69;1;land;false;mountain;7
2916;82;88;1;land;false;hills;7
2917;143;143;1;land;false;forest;7
2918;122;113;1;land;false;hills;7
2919;117;115;1;land;false;hills;7
2920;87;130;1;land;false;plains;7
2921;104;133;1;land;false;plains;7
2922;189;220;1;land;false;hills;7
2923;145;197;1;land;false;plains;7
2924;190;208;1;land;false;plains;7
2925;142;235;1;land;false;plains;7
2926;167;228;1;land;false;plains;7
2927;197;218;1;land;false;plains;7
2928;135;238;1;land;false;plains;7
2929;176;108;1;land;false;hills;7
2930;168;90;1;land;false;mountain;7
2931;196;77;1;land;false;hills;7
2932;203;86;1;land;false;hills;7
2933;174;107;1;land;false;hills;7
2934;139;79;1;land;false;mountain;7
2935;6;105;1;land;true;mountain;7
2936;60;95;1;land;false;hills;7
2937;44;115;1;land;true;mountain;7
2938;51;54;1;land;true;plains;7
2939;36;104;1;land;false;hills;7
2940;10;43;1;land;false;plains;7
2941;68;209;1;land;false;plains;7
2942;57;156;1;land;false;plains;7
2943;101;189;1;land;false;plains;7
2944;60;222;1;land;false;plains;7
2945;57;221;1;land;false;plains;7
2946;105;162;1;land;false;hills;7
2947;73;227;1;land;true;plains;7
2948;77;151;1;land;false;plains;7
2949;42;155;1;land;false;plains;7
2950;101;228;1;land;false;plains;7
2951;80;196;1;land;false;hills;7
2952;89;167;1;land;false;plains;7
2953;100;214;1;land;false;plains;7
2954;193;192;1;land;true;plains;7
2955;220;160;1;land;true;hills;7
2956;221;168;1;land;false;plains;7
2957;168;191;1;land;false;plains;7
2958;211;232;1;land;true;hills;7
2959;220;196;1;land;true;plains;7
2960;179;222;1;land;false;plains;7
2961;185;232;1;land;true;plains;7
2962;195;27;1;land;false;hills;7
2963;174;89;1;land;false;forest;7
2964;200;48;1;land;false;forest;7
2965;168;52;1;land;false;hills;7
2966;182;20;1;land;false;forest;7
2967;219;85;1;land;false;forest;7
2968;222;87;1;land;false;hills;7
2969;199;45;1;land;false;forest;7
2970;213;31;1;land;false;hills;7
2971;184;73;1;land;false;hills;7
2972;231;91;1;land;false;hills;7
2973;179;30;1;land;false;forest;7
2974;206;19;1;land;false;hills;7
2975;226;77;1;land;false;hills;7
2976;233;44;1;land;false;forest;7
2977;231;89;1;land;false;hills;7
2978;209;90;1;land;false;hills;7
2979;204;76;1;land;false;plains;7
2980;193;63;1;land;false;hills;7
2981;225;71;1;land;false;hills;7
2982;195;20;1;land;false;hills;7
2983;188;59;1;land;false;mountain;7
2984;233;92;1;land;false;hills;7
2985;222;82;1;land;false;forest;7
2986;234;163;1;land;false;forest;7
2987;213;192;1;land;false;forest;7
2988;217;155;1;land;false;forest;7
2989;221;149;1;land;false;hills;7
2990;237;169;1;land;false;forest;7
2991;214;188;1;land;false;forest;7
2992;243;157;1;land;false;forest;7
2993;244;163;1;land;false;hills;7
2994;219;152;1;land;false;jungle;7
2995;249;131;1;land;false;forest;7
2996;248;203;1;land;false;forest;7
2997;221;154;1;land;false;hills;7
2998;248;130;1;land;false;hills;7
2999;229;166;1;land;false;forest;7
3000;239;196;1;land;false;hills;7
3001;231;155;1;land;false;forest;7
3002;250;172;1;land;false;hills;7
3003;240;197;1;land;false;jungle;7
3004;238;162;1;land;false;forest;7
3005;214;141;1;land;false;hills;7
3006;234;174;1;land;false;jungle;7
3007;228;126;1;land;false;mountain;7
3008;248;142;1;land;false;forest;7
3009;219;158;1;land;false;forest;7
3010;251;191;1;land;false;forest;7
3011;235;166;1;land;false;hills;7
3012;251;142;1;land;false;forest;7
3013;238;186;1;land;false;forest;7
3014;216;191;1;land;false;hills;7
3015;243;189;1;land;false;forest;7
3016;248;177;1;land;false;hills;7
3017;150;65;1;land;false;hills;7
3018;103;17;1;land;false;plains;7
3019;148;22;1;land;false;plains;7
3020;142;38;1;land;false;hills;7
3021;119;42;1;land;false;plains;7
3022;119;21;1;land;false;plains;7
3023;92;18;1;land;false;hills;7
3024;99;0;1;land;false;plains;7
3025;153;40;1;land;false;hills;7
3026;75;30;1;land;false;plains;7
3027;94;11;1;land;false;plains;7
3028;129;17;1;land;false;plains;7
3029;117;33;1;land;false;plains;7
3030;152;9;1;land;true;plains;7
3031;122;6;1;land;true;hills;7
3032;150;23;1;land;true;hills;7
3033;150;21;1;land;false;plains;7
3034;109;34;1;land;true;plains;7
3035;113;64;1;land;true;hills;7
3036;135;48;1;land;false;plains;7
3037;241;71;1;land;false;desert;7
3038;245;140;1;land;true;plains;7
3039;248;164;1;land;true;hills;7
3040;247;146;1;land;true;plains;7
3041;229;133;1;land;false;plains;7
3042;237;138;1;land;false;plains;7
3043;200;155;1;land;false;plains;7
3044;210;119;1;land;true;hills;7
3045;237;133;1;land;true;plains;7
3046;246;170;1;land;false;hills;7
3047;236;154;1;land;true;hills;7
3048;203;183;1;land;false;plains;7
3049;214;115;1;land;true;hills;7
3050;228;127;1;land;false;plains;7
3051;246;171;1;land;true;hills;7
3052;214;178;1;land;true;plains;7
3053;232;152;1;land;false;plains;7
3054;72;18;1;land;false;plains;7
3055;33;17;1;land;false;forest;7
3056;2;9;1;land;false;plains;7
3057;35;5;1;land;false;plains;7
3058;26;15;1;land;false;plains;7
3059;7;34;1;land;false;plains;7
3060;55;109;1;land;true;mountain;7
3061;25;118;1;land;false;hills;7
3062;9;153;1;land;false;mountain;7
3063;43;111;1;land;true;plains;7
3064;24;115;1;land;false;mountain;7
3065;83;117;1;land;false;mountain;7
3066;46;135;1;land;true;plains;7
3067;75;109;1;land;false;hills;7
3068;50;154;1;land;true;mountain;7
3069;8;139;1;land;false;mountain;7
3070;153;26;1;land;false;hills;7
3071;102;27;1;land;false;plains;7
3072;115;22;1;land;false;plains;7
3073;119;39;1;land;false;hills;7
3074;155;17;1;land;false;hills;7
3075;127;1;1;land;false;hills;7
3076;130;35;1;land;false;hills;7
3077;179;32;1;land;false;hills;7
3078;130;36;1;land;false;plains;7
3079;179;34;1;land;false;hills;7
3080;134;18;1;land;false;plains;7
3081;170;6;1;land;false;hills;7
3082;140;18;1;land;false;plains;7
3083;152;22;1;land;false;plains;7
3084;172;36;1;land;false;hills;7
3085;121;31;1;land;false;plains;7
3086;180;37;1;land;false;plains;7
3087;121;29;1;land;false;hills;7
3088;157;116;1;land;false;hills;7
3089;112;97;1;land;false;plains;7
3090;157;123;1;land;false;forest;7
3091;174;138;1;land;false;forest;7
3092;132;120;1;land;false;forest;7
3093;159;89;1;land;false;forest;7
3094;149;115;1;land;false;hills;7
3095;115;134;1;land;false;hills;7
3096;137;126;1;land;false;forest;7
3097;186;145;1;land;false;forest;7
3098;213;195;1;land;false;hills;7
3099;242;222;1;land;false;hills;7
3100;179;223;1;land;false;hills;7
3101;223;235;1;land;false;hills;7
3102;224;191;1;land;false;hills;7
3103;88;252;1;land;true;hills;7
3104;92;194;1;land;false;plains;7
3105;94;202;1;land;true;plains;7
3106;87;233;1;land;false;hills;7
3107;80;226;1;land;false;plains;7
3108;26;241;1;land;true;plains;7
3109;103;115;1;land;true;hills;7
3110;69;113;1;land;true;plains;7
3111;49;54;1;land;true;mountain;7
3112;63;59;1;land;false;hills;7
3113;93;114;1;land;true;mountain;7
3114;92;234;1;land;true;hills;7
3115;109;233;1;land;false;plains;7
3116;136;203;1;land;false;hills;7
3117;89;202;1;land;false;plains;7
3118;141;237;1;land;false;plains;7
3119;101;207;1;land;false;plains;7
3120;94;209;1;land;false;hills;7
3121;112;204;1;land;false;plains;7
3122;136;190;1;land;false;plains;7
3123;98;229;1;land;false;plains;7
3124;104;172;1;land;false;plains;7
3125;130;165;1;land;true;plains;7
3126;97;176;1;land;true;plains;7
3127;112;221;1;land;false;hills;7
3128;100;199;1;land;false;plains;7
3129;137;169;1;land;false;plains;7
3130;90;216;1;land;false;plains;7
3131;150;181;1;land;false;plains;7
3132;111;186;1;land;false;plains;7
3133;107;178;1;land;false;plains;7
3134;223;240;1;land;true;forest;7
3135;254;228;1;land;true;forest;7
3136;239;167;1;land;false;forest;7
3137;193;220;1;land;false;mountain;7
3138;209;220;1;land;true;mountain;7
3139;192;241;1;land;false;hills;7
3140;248;195;1;land;true;forest;7
3141;198;220;1;land;false;hills;7
3142;232;189;1;land;true;forest;7
3143;210;165;1;land;true;hills;7
3144;215;184;1;land;true;forest;7
3145;224;179;1;land;false;mountain;7
3146;229;174;1;land;true;forest;7
3147;237;181;1;land;true;forest;7
3148;244;175;1;land;true;forest;7
3149;233;49;1;land;false;plains;7
3150;226;55;1;land;false;plains;7
3151;215;36;1;land;false;plains;7
3152;251;90;1;land;false;plains;7
3153;249;67;1;land;false;hills;7
3154;243;43;1;land;false;plains;7
3155;218;55;1;land;false;hills;7
3156;229;56;1;land;false;plains;7
3157;253;94;1;land;false;plains;7
3158;244;56;1;land;false;plains;7
3159;245;84;1;land;false;plains;7
3160;213;29;1;land;false;plains;7
3161;212;44;1;land;false;hills;7
3162;201;176;1;land;false;plains;7
3163;172;104;1;land;false;plains;7
3164;183;126;1;land;false;plains;7
3165;169;128;1;land;false;plains;7
3166;201;142;1;land;false;plains;7
3167;225;146;1;land;false;plains;7
3168;172;174;1;land;false;plains;7
3169;181;152;1;land;false;plains;7
3170;229;137;1;land;false;hills;7
3171;194;124;1;land;false;plains;7
3172;211;137;1;land;false;hills;7
3173;204;135;1;land;false;plains;7
3174;200;148;1;land;false;plains;7
3175;224;132;1;land;false;plains;7
3176;159;128;1;land;false;hills;7
3177;169;166;1;land;false;plains;7
3178;198;135;1;land;false;hills;7
3179;179;120;1;land;false;plains;7
3180;198;137;1;land;false;hills;7
3181;178;240;1;land;true;hills;7
3182;210;216;1;land;true;jungle;7
3183;173;223;1;land;true;jungle;7
3184;182;231;1;land;true;forest;7
3185;163;231;1;land;true;jungle;7
3186;194;252;1;land;false;jungle;7
3187;12;145;1;land;false;hills;7
3188;67;173;1;land;false;hills;7
3189;57;127;1;land;false;hills;7
3190;70;40;1;land;false;forest;7
3191;35;12;1;land;false;forest;7
3192;32;6;1;land;false;hills;7
3193;31;15;1;land;false;forest;7
3194;28;1;1;land;false;forest;7
3195;19;10;1;land;false;plains;7
3196;36;27;1;land;false;forest;7
3197;36;13;1;land;false;hills;7
3198;48;30;1;land;false;forest;7
3199;31;36;1;land;false;forest;7
3200;71;22;1;land;false;hills;7
3201;56;40;1;land;false;forest;7
3202;22;35;1;land;false;forest;7
3203;85;31;1;land;false;forest;7
3204;65;32;1;land;false;forest;7
3205;42;4;1;land;false;forest;7
3206;82;124;1;land;false;hills;7
3207;77;92;1;land;false;hills;7
3208;127;147;1;land;false;hills;7
3209;112;98;1;land;false;hills;7
3210;138;142;1;land;false;hills;7
3211;95;100;1;land;false;hills;7
3212;97;121;1;land;false;hills;7
3213;132;113;1;land;false;mountain;7
3214;129;134;1;land;false;hills;7
3215;140;83;1;land;false;hills;7
3216;79;143;1;land;false;hills;7
3217;142;83;1;land;false;hills;7
3218;124;139;1;land;false;hills;7
3219;95;97;1;land;false;hills;7
3220;78;118;1;land;false;hills;7
3221;129;74;1;land;false;hills;7
3222;71;150;1;land;false;mountain;7
3223;102;136;1;land;false;hills;7
3224;72;95;1;land;false;hills;7
3225;254;208;1;land;true;mountain;7
3226;193;212;1;land;true;hills;7
3227;38;114;1;land;false;hills;7
3228;55;55;1;land;false;hills;7
3229;15;122;1;land;false;hills;7
3230;33;63;1;land;false;plains;7
3231;28;119;1;land;false;hills;7
3232;53;112;1;land;false;mountain;7
3233;0;71;1;land;false;hills;7
3234;27;117;1;land;false;hills;7
3235;21;93;1;land;false;hills;7
3236;64;119;1;land;false;hills;7
3237;1;111;1;land;false;hills;7
3238;52;63;1;land;false;hills;7
3239;139;204;1;land;false;forest;7
3240;160;182;1;land;false;forest;7
3241;129;184;1;land;false;plains;7
3242;180;235;1;land;false;plains;7
3243;150;237;1;land;false;plains;7
3244;151;226;1;land;false;hills;7
3245;156;176;1;land;false;hills;7
3246;172;202;1;land;false;plains;7
3247;141;211;1;land;false;plains;7
3248;123;203;1;land;false;forest;7
3249;207;139;1;land;false;hills;7
3250;181;135;1;land;false;hills;7
3251;177;154;1;land;false;hills;7
3252;220;184;1;land;false;hills;7
3253;218;157;1;land;false;mountain;7
3254;185;154;1;land;false;hills;7
3255;221;148;1;land;false;hills;7
3256;92;137;1;land;false;plains;7
3257;226;218;1;land;false;plains;7
3258;251;188;1;land;false;hills;7
3259;207;180;1;land;false;hills;7
3260;233;172;1;land;false;hills;7
3261;53;83;1;land;false;plains;7
3262;44;86;1;land;false;plains;7
3263;113;99;1;land;false;plains;7
3264;118;185;1;land;false;plains;7
3265;171;128;1;land;false;plains;7
3266;176;141;1;land;false;plains;7
3267;142;172;1;land;false;plains;7
3268;161;186;1;land;false;plains;7
3269;184;177;1;land;false;plains;7
3270;171;142;1;land;false;plains;7
3271;140;144;1;land;false;plains;7
3272;125;168;1;land;false;plains;7
3273;166;138;1;land;false;plains;7
3274;170;122;1;land;false;hills;7
3275;189;144;1;land;false;plains;7
3276;120;136;1;land;false;plains;7
3277;159;121;1;land;false;plains;7
3278;5;145;1;land;false;plains;7
3279;13;135;1;land;false;plains;7
3280;17;143;1;land;false;forest;7
3281;0;138;1;land;false;forest;7
3282;24;181;1;land;false;hills;7
3283;12;142;1;land;false;plains;7
3284;42;169;1;land;false;forest;7
3285;18;166;1;land;false;forest;7
3286;34;194;1;land;false;forest;7
3287;27;142;1;land;false;forest;7
3288;0;178;1;land;false;plains;7
3289;57;32;1;land;false;hills;7
3290;58;26;1;land;false;plains;7
3291;95;29;1;land;false;mountain;7
3292;36;34;1;land;false;mountain;7
3293;86;35;1;land;false;mountain;7
3294;80;28;1;land;false;hills;7
3295;52;7;1;land;false;plains;7
3296;30;7;1;land;false;hills;7
3297;49;10;1;land;false;hills;7
3298;39;10;1;land;false;plains;7
3299;72;19;1;land;false;mountain;7
3300;68;3;1;land;false;hills;7
3301;95;7;1;land;false;hills;7
3302;98;48;1;land;false;plains;7
3303;41;2;1;land;false;mountain;7
3304;67;29;1;land;false;hills;7
3305;65;139;1;land;false;forest;7
3306;111;129;1;land;false;hills;7
3307;71;127;1;land;false;hills;7
3308;38;87;1;land;false;forest;7
3309;61;110;1;land;false;plains;7
3310;72;107;1;land;false;forest;7
3311;111;95;1;land;false;hills;7
3312;38;116;1;land;false;hills;7
3313;59;137;1;land;false;hills;7
3314;78;119;1;land;false;forest;7
3315;98;146;1;land;false;hills;7
3316;151;5;1;land;false;hills;7
3317;207;3;1;land;false;forest;7
3318;199;25;1;land;false;forest;7
3319;158;44;1;land;false;hills;7
3320;186;10;1;land;false;forest;7
3321;186;49;1;land;false;hills;7
3322;180;33;1;land;false;hills;7
3323;157;10;1;land;false;forest;7
3324;176;45;1;land;false;plains;7
3325;167;21;1;land;false;hills;7
3326;186;42;1;land;false;hills;7
3327;141;45;1;land;false;forest;7
3328;212;124;1;land;false;plains;7
3329;214;129;1;land;false;hills;7
3330;207;118;1;land;false;plains;7
3331;161;97;1;land;false;plains;7
3332;177;105;1;land;false;hills;7
3333;199;152;1;land;false;plains;7
3334;214;126;1;land;false;hills;7
3335;198;113;1;land;false;hills;7
3336;177;162;1;land;false;plains;7
3337;208;210;1;land;false;forest;7
3338;243;250;1;land;false;hills;7
3339;241;206;1;land;false;forest;7
3340;249;243;1;land;true;hills;7
3341;223;241;1;land;true;forest;7
3342;242;246;1;land;false;forest;7
3343;234;250;1;land;false;forest;7
3344;254;221;1;land;false;forest;7
3345;228;203;1;land;true;forest;7
3346;76;224;1;land;false;hills;7
3347;81;252;1;land;false;hills;7
3348;82;221;1;land;false;plains;7
3349;91;221;1;land;false;plains;7
3350;92;217;1;land;false;hills;7
3351;81;228;1;land;false;hills;7
3352;120;248;1;land;false;hills;7
3353;116;220;1;land;false;hills;7
3354;102;71;1;land;false;plains;7
3355;91;122;1;land;false;plains;7
3356;60;118;1;land;true;plains;7
3357;110;107;1;land;true;hills;7
3358;90;85;1;land;true;hills;7
3359;116;77;1;land;true;hills;7
3360;40;200;1;land;true;mountain;7
3361;74;185;1;land;false;mountain;7
3362;13;198;1;land;false;mountain;7
3363;20;143;1;land;false;mountain;7
3364;61;145;1;land;false;mountain;7
3365;54;211;1;land;true;hills;7
3366;54;153;1;land;true;mountain;7
3367;12;149;1;land;false;hills;7
3368;39;169;1;land;true;plains;7
3369;241;186;1;land;true;mountain;7
3370;203;164;1;land;true;mountain;7
3371;213;113;1;land;true;mountain;7
3372;229;114;1;land;false;mountain;7
3373;179;125;1;land;false;mountain;7
3374;201;179;1;land;false;mountain;7
3375;240;114;1;land;false;hills;7
3376;186;172;1;land;true;plains;7
3377;207;141;1;land;true;mountain;7
3378;233;184;1;land;false;mountain;7
3379;228;180;1;land;true;mountain;7
3380;212;154;1;land;true;mountain;7
3381;201;175;1;land;true;plains;7
3382;253;19;1;land;false;mountain;7
3383;238;25;1;land;false;hills;7
3384;196;24;1;land;false;hills;7
3385;218;26;1;land;false;hills;7
3386;252;12;1;land;false;mountain;7
3387;192;30;1;land;false;mountain;7
3388;241;18;1;land;false;mountain;7
3389;251;39;1;land;false;plains;7
3390;240;30;1;land;false;plains;7
3391;254;34;1;land;false;desert;7
3392;217;43;1;land;false;desert;7
3393;233;10;1;land;false;hills;7
3394;216;38;1;land;false;plains;7
3395;114;8;1;land;true;mountain;7
3396;100;91;1;land;false;hills;7
3397;168;126;1;land;false;hills;7
3398;113;128;1;land;false;plains;7
3399;104;117;1;land;false;plains;7
3400;132;137;1;land;false;plains;7
3401;128;241;1;land;false;hills;7
3402;172;226;1;land;true;desert;7
3403;162;218;1;land;true;hills;7
3404;185;238;1;land;true;mountain;7
3405;119;240;1;land;false;hills;7
3406;182;251;1;land;false;hills;7
3407;119;244;1;land;true;desert;7
3408;168;222;1;land;true;plains;7
3409;137;202;1;land;true;hills;7
3410;135;243;1;land;false;hills;7
3411;175;230;1;land;true;mountain;7
3412;171;235;1;land;true;mountain;7
3413;147;237;1;land;true;desert;7
3414;149;241;1;land;false;hills;7
3415;124;231;1;land;true;plains;7
3416;230;136;1;land;true;mountain;7
3417;202;141;1;land;false;hills;7
3418;241;104;1;land;true;mountain;7
3419;216;116;1;land;true;mountain;7
3420;214;158;1;land;false;plains;7
3421;241;118;1;land;false;plains;7
3422;214;103;1;land;false;mountain;7
3423;251;129;1;land;true;mountain;7
3424;225;132;1;land;true;plains;7
3425;238;116;1;land;false;hills;7
3426;206;160;1;land;true;plains;7
3427;252;119;1;land;false;hills;7
3428;205;121;1;land;true;plains;7
3429;252;97;1;land;true;mountain;7
3430;250;156;1;land;false;plains;7
3431;217;134;1;land;false;plains;7
3432;252;161;1;land;true;plains;7
3433;207;144;1;land;false;hills;7
3434;240;213;1;land;false;plains;7
3435;222;223;1;land;false;plains;7
3436;249;236;1;land;false;plains;7
3437;241;220;1;land;false;plains;7
3438;234;243;1;land;false;plains;7
3439;218;251;1;land;false;plains;7
3440;233;200;1;land;false;plains;7
3441;228;245;1;land;false;hills;7
3442;234;205;1;land;false;plains;7
3443;216;254;1;land;false;plains;7
3444;243;206;1;land;false;plains;7
3445;154;130;1;land;false;hills;7
3446;182;108;1;land;false;forest;7
3447;176;97;1;land;false;hills;7
3448;154;124;1;land;false;forest;7
3449;155;116;1;land;false;hills;7
3450;126;67;1;land;false;forest;7
3451;178;106;1;land;false;hills;7
3452;169;65;1;land;false;hills;7
3453;193;125;1;land;false;hills;7
3454;154;206;1;land;false;hills;7
3455;198;233;1;land;false;hills;7
3456;136;234;1;land;false;hills;7
3457;79;204;1;land;false;hills;7
3458;132;244;1;land;false;hills;7
3459;64;177;1;land;false;hills;7
3460;65;248;1;land;false;desert;7
3461;120;204;1;land;false;hills;7
3462;104;197;1;land;false;hills;7
3463;73;226;1;land;false;hills;7
3464;181;75;1;land;false;plains;7
3465;185;136;1;land;false;hills;7
3466;151;72;1;land;false;hills;7
3467;215;69;1;land;false;plains;7
3468;173;71;1;land;false;hills;7
3469;217;93;1;land;false;plains;7
3470;155;137;1;land;false;mountain;7
3471;186;104;1;land;false;plains;7
3472;150;138;1;land;false;mountain;7
3473;155;128;1;land;false;mountain;7
3474;178;78;1;land;false;mountain;7
3475;171;98;1;land;false;hills;7
3476;162;205;1;land;true;mountain;7
3477;220;213;1;land;true;mountain;7
3478;206;186;1;land;true;mountain;7
3479;166;236;1;land;true;mountain;7
3480;239;249;1;land;true;mountain;7
3481;37;195;1;land;false;mountain;7
3482;16;153;1;land;false;hills;7
3483;48;200;1;land;false;hills;7
3484;46;186;1;land;true;mountain;7
3485;20;196;1;land;true;mountain;7
3486;1;165;1;land;false;mountain;7
3487;50;205;1;land;false;hills;7
3488;43;198;1;land;true;plains;7
3489;28;161;1;land;false;hills;7
3490;52;198;1;land;false;mountain;7
3491;45;193;1;land;true;desert;7
3492;29;212;1;land;true;forest;7
3493;87;62;1;land;true;mountain;7
3494;144;44;1;land;false;hills;7
3495;92;67;1;land;false;hills;7
3496;92;72;1;land;true;mountain;7
3497;132;209;1;land;false;plains;7
3498;95;192;1;land;false;plains;7
3499;107;223;1;land;false;forest;7
3500;78;205;1;land;false;forest;7
3501;115;184;1;land;false;forest;7
3502;139;177;1;land;false;forest;7
3503;106;191;1;land;false;plains;7
3504;129;156;1;land;false;forest;7
3505;98;226;1;land;false;plains;7
3506;149;179;1;land;false;plains;7
3507;142;160;1;land;false;forest;7
3508;149;188;1;land;false;forest;7
3509;104;211;1;land;false;plains;7
3510;90;228;1;land;false;plains;7
3511;138;196;1;land;false;plains;7
3512;124;173;1;land;false;forest;7
3513;146;165;1;land;false;forest;7
3514;140;232;1;land;false;forest;7
3515;151;168;1;land;false;hills;7
3516;134;199;1;land;false;plains;7
3517;83;167;1;land;false;plains;7
3518;120;199;1;land;false;hills;7
3519;147;220;1;land;false;forest;7
3520;102;199;1;land;false;plains;7
3521;81;167;1;land;false;forest;7
3522;93;161;1;land;false;plains;7
3523;147;203;1;land;false;forest;7
3524;113;180;1;land;false;forest;7
3525;162;128;1;land;false;hills;7
3526;219;169;1;land;false;hills;7
3527;147;122;1;land;false;mountain;7
3528;184;131;1;land;false;hills;7
3529;197;164;1;land;false;hills;7
3530;179;156;1;land;false;hills;7
3531;203;193;1;land;false;hills;7
3532;178;197;1;land;false;hills;7
3533;149;140;1;land;false;desert;7
3534;224;144;1;land;false;hills;7
3535;204;156;1;land;false;hills;7
3536;224;200;1;land;false;hills;7
3537;179;185;1;land;false;desert;7
3538;150;197;1;land;false;hills;7
3539;169;148;1;land;false;hills;7
3540;17;10;1;land;true;hills;7
3541;37;85;1;land;true;plains;7
3542;38;46;1;land;false;hills;7
3543;35;25;1;land;false;hills;7
3544;15;17;1;land;false;hills;7
3545;33;60;1;land;true;hills;7
3546;7;25;1;land;false;hills;7
3547;59;33;1;land;false;forest;7
3548;56;82;1;land;false;mountain;7
3549;20;60;1;land;true;forest;7
3550;12;83;1;land;true;mountain;7
3551;48;26;1;land;true;hills;7
3552;48;54;1;land;true;forest;7
3553;12;58;1;land;true;plains;7
3554;13;29;1;land;true;forest;7
3555;9;66;1;land;false;hills;7
3556;5;71;1;land;true;forest;7
3557;56;56;1;land;true;mountain;7
3558;12;24;1;land;true;plains;7
3559;64;82;1;land;false;forest;7
3560;25;64;1;land;true;forest;7
3561;26;26;1;land;true;plains;7
3562;18;46;1;land;false;hills;7
3563;24;48;1;land;false;mountain;7
3564;61;33;1;land;true;forest;7
3565;63;18;1;land;true;forest;7
3566;8;145;1;land;false;plains;7
3567;1;199;1;land;true;plains;7
3568;45;126;1;land;false;plains;7
3569;64;138;1;land;false;plains;7
3570;51;188;1;land;false;hills;7
3571;8;126;1;land;false;plains;7
3572;18;199;1;land;false;plains;7
3573;40;197;1;land;false;plains;7
3574;48;195;1;land;false;plains;7
3575;75;144;1;land;true;hills;7
3576;1;166;1;land;true;hills;7
3577;40;177;1;land;false;plains;7
3578;49;180;1;land;false;hills;7
3579;37;153;1;land;false;plains;7
3580;7;200;1;land;false;plains;7
3581;35;151;1;land;true;plains;7
3582;9;176;1;land;false;plains;7
3583;55;179;1;land;false;plains;7
3584;4;142;1;land;false;plains;7
3585;46;151;1;land;false;plains;7
3586;103;18;1;land;false;plains;7
3587;100;52;1;land;true;hills;7
3588;130;12;1;land;false;mountain;7
3589;100;57;1;land;false;plains;7
3590;84;36;1;land;false;hills;7
3591;123;10;1;land;false;plains;7
3592;76;25;1;land;false;hills;7
3593;83;53;1;land;false;plains;7
3594;68;40;1;land;false;hills;7
3595;82;47;1;land;false;mountain;7
3596;115;13;1;land;false;hills;7
3597;58;58;1;land;false;hills;7
3598;57;50;1;land;false;hills;7
3599;124;7;1;land;false;hills;7
3600;76;30;1;land;false;plains;7
3601;132;106;1;land;false;forest;7
3602;142;117;1;land;true;mountain;7
3603;90;114;1;land;false;hills;7
3604;105;158;1;land;false;hills;7
3605;96;141;1;land;true;mountain;7
3606;106;113;1;land;false;mountain;7
3607;77;96;1;land;true;mountain;7
3608;80;165;1;land;false;hills;7
3609;131;126;1;land;false;hills;7
3610;131;144;1;land;false;plains;7
3611;91;132;1;land;false;mountain;7
3612;127;124;1;land;true;mountain;7
3613;121;172;1;land;false;hills;7
3614;103;170;1;land;true;mountain;7
3615;115;98;1;land;false;mountain;7
3616;237;48;1;land;false;forest;7
3617;234;25;1;land;false;forest;7
3618;206;169;1;land;false;hills;7
3619;206;176;1;land;false;mountain;7
3620;182;142;1;land;false;mountain;7
3621;244;112;1;land;false;forest;7
3622;194;173;1;land;false;jungle;7
3623;217;111;1;land;false;hills;7
3624;225;128;1;land;false;hills;7
3625;212;144;1;land;false;mountain;7
3626;246;100;1;land;false;mountain;7
3627;200;120;1;land;false;hills;7
3628;218;149;1;land;false;mountain;7
3629;218;143;1;land;false;plains;7
3630;178;170;1;land;false;hills;7
3631;183;173;1;land;false;hills;7
3632;224;119;1;land;false;hills;7
3633;123;182;1;land;false;hills;7
3634;157;196;1;land;true;hills;7
3635;175;231;1;land;true;hills;7
3636;179;196;1;land;true;hills;7
3637;24;229;1;land;false;hills;7
3638;93;29;1;land;false;hills;7
3639;94;12;1;land;false;forest;7
3640;74;64;1;land;false;hills;7
3641;81;59;1;land;false;mountain;7
3642;62;64;1;land;false;plains;7
3643;110;24;1;land;false;hills;7
3644;108;41;1;land;false;mountain;7
3645;122;26;1;land;false;mountain;7
3646;76;32;1;land;false;forest;7
3647;51;6;1;land;false;plains;7
3648;97;7;1;land;false;hills;7
3649;85;81;1;land;false;hills;7
3650;77;45;1;land;false;hills;7
3651;54;19;1;land;false;plains;7
3652;111;69;1;land;false;jungle;7
3653;81;71;1;land;false;hills;7
3654;107;42;1;land;false;hills;7
3655;101;52;1;land;false;hills;7
3656;117;47;1;land;false;mountain;7
3657;196;60;1;land;true;hills;7
3658;177;19;1;land;false;plains;7
3659;179;46;1;land;false;plains;7
3660;225;68;1;land;true;plains;7
3661;161;30;1;land;false;plains;7
3662;173;36;1;land;true;plains;7
3663;195;51;1;land;false;plains;7
3664;197;83;1;land;false;plains;7
3665;4;19;1;land;false;hills;7
3666;27;52;1;land;false;hills;7
3667;2;35;1;land;false;mountain;7
3668;95;50;1;land;false;hills;7
3669;147;25;1;land;false;desert;7
3670;69;40;1;land;false;desert;7
3671;126;1;1;land;false;hills;7
3672;133;24;1;land;false;hills;7
3673;125;2;1;land;false;plains;7
3674;75;13;1;land;false;hills;7
3675;70;41;1;land;false;hills;7
3676;99;58;1;land;false;plains;7
3677;138;51;1;land;false;plains;7
3678;134;49;1;land;false;plains;7
3679;74;21;1;land;false;plains;7
3680;87;42;1;land;false;plains;7
3681;119;37;1;land;false;desert;7
3682;138;13;1;land;false;hills;7
3683;148;57;1;land;false;hills;7
3684;82;32;1;land;false;hills;7
3685;70;1;1;land;false;plains;7
3686;74;24;1;land;false;plains;7
3687;74;37;1;land;false;plains;7
3688;137;11;1;land;false;plains;7
3689;117;57;1;land;false;plains;7
3690;96;29;1;land;false;hills;7
3691;134;44;1;land;false;desert;7
3692;81;58;1;land;false;desert;7
3693;82;4;1;land;false;plains;7
3694;126;7;1;land;false;hills;7
3695;144;11;1;land;false;hills;7
3696;129;20;1;land;false;plains;7
3697;97;25;1;land;false;plains;7
3698;92;56;1;land;false;plains;7
3699;83;6;1;land;false;plains;7
3700;123;28;1;land;false;desert;7
3701;54;135;1;land;false;hills;7
3702;34;105;1;land;false;plains;7
3703;6;231;1;land;true;plains;7
3704;60;213;1;land;false;hills;7
3705;34;230;1;land;false;hills;7
3706;24;249;1;land;true;hills;7
3707;4;224;1;land;true;plains;7
3708;172;167;1;land;false;mountain;7
3709;167;134;1;land;false;hills;7
3710;193;101;1;land;false;mountain;7
3711;189;158;1;land;false;mountain;7
3712;201;171;1;land;false;hills;7
3713;202;144;1;land;false;hills;7
3714;219;168;1;land;false;hills;7
3715;213;110;1;land;false;hills;7
3716;164;164;1;land;false;mountain;7
3717;159;173;1;land;false;mountain;7
3718;184;117;1;land;false;mountain;7
3719;168;158;1;land;false;hills;7
3720;227;141;1;land;false;mountain;7
3721;184;99;1;land;false;hills;7
3722;214;132;1;land;false;hills;7
3723;190;146;1;land;false;mountain;7
3724;234;222;1;land;false;plains;7
3725;194;220;1;land;false;hills;7
3726;207;236;1;land;false;plains;7
3727;226;243;1;land;false;hills;7
3728;236;253;1;land;false;hills;7
3729;205;241;1;land;false;hills;7
3730;222;250;1;land;false;plains;7
3731;203;250;1;land;false;hills;7
3732;44;159;1;land;false;plains;7
3733;44;179;1;land;true;hills;7
3734;71;139;1;land;true;plains;7
3735;32;130;1;land;false;plains;7
3736;40;130;1;land;false;plains;7
3737;73;131;1;land;true;hills;7
3738;235;109;1;land;false;plains;7
3739;192;129;1;land;false;hills;7
3740;211;93;1;land;false;hills;7
3741;235;149;1;land;false;hills;7
3742;215;78;1;land;false;forest;7
3743;179;113;1;land;false;hills;7
3744;192;84;1;land;false;forest;7
3745;235;138;1;land;false;mountain;7
3746;253;73;1;land;false;forest;7
3747;199;140;1;land;false;hills;7
3748;250;133;1;land;false;plains;7
3749;184;94;1;land;false;hills;7
3750;223;196;1;land;false;hills;7
3751;237;207;1;land;false;desert;7
3752;254;192;1;land;false;hills;7
3753;200;230;1;land;false;hills;7
3754;210;235;1;land;false;mountain;7
3755;253;210;1;land;false;mountain;7
3756;210;217;1;land;false;hills;7
3757;241;247;1;land;false;desert;7
3758;193;245;1;land;false;hills;7
3759;235;249;1;land;false;mountain;7
3760;56;94;1;land;true;hills;7
3761;50;48;1;land;true;hills;7
3762;33;52;1;land;false;plains;7
3763;57;63;1;land;true;hills;7
3764;37;94;1;land;false;plains;7
3765;46;92;1;land;false;plains;7
3766;37;197;1;land;false;plains;7
3767;48;169;1;land;false;plains;7
3768;6;219;1;land;false;plains;7
3769;54;186;1;land;false;plains;7
3770;2;168;1;land;false;plains;7
3771;62;190;1;land;false;plains;7
3772;54;202;1;land;false;hills;7
3773;28;217;1;land;false;hills;7
3774;11;189;1;land;false;plains;7
3775;80;236;1;land;false;plains;7
3776;9;225;1;land;false;plains;7
3777;53;226;1;land;false;plains;7
3778;7;180;1;land;false;plains;7
3779;39;230;1;land;false;plains;7
3780;55;232;1;land;false;plains;7
3781;61;218;1;land;false;hills;7
3782;79;172;1;land;false;plains;7
3783;75;194;1;land;false;plains;7
3784;21;166;1;land;false;hills;7
3785;171;125;1;land;false;mountain;7
3786;141;123;1;land;false;forest;7
3787;99;78;1;land;false;hills;7
3788;166;62;1;land;false;mountain;7
3789;158;62;1;land;false;forest;7
3790;113;116;1;land;false;mountain;7
3791;168;63;1;land;false;mountain;7
3792;195;141;1;land;false;plains;7
3793;199;130;1;land;false;plains;7
3794;191;134;1;land;false;hills;7
3795;219;204;1;land;false;hills;7
3796;200;181;1;land;false;plains;7
3797;193;200;1;land;false;hills;7
3798;230;166;1;land;false;plains;7
3799;33;41;1;land;false;hills;7
3800;62;96;1;land;false;hills;7
3801;20;72;1;land;true;mountain;7
3802;29;31;1;land;false;hills;7
3803;78;77;1;land;false;hills;7
3804;88;54;1;land;false;hills;7
3805;35;34;1;land;false;hills;7
3806;44;222;1;land;false;hills;7
3807;44;247;1;land;false;hills;7
3808;1;219;1;land;true;hills;7
3809;11;238;1;land;false;forest;7
3810;13;251;1;land;true;hills;7
3811;20;238;1;land;true;hills;7
3812;28;210;1;land;true;plains;7
3813;3;252;1;land;true;plains;7
3814;6;215;1;land;false;plains;7
3815;45;214;1;land;false;plains;7
3816;41;211;1;land;false;hills;7
3817;31;236;1;land;true;hills;7
3818;26;77;1;land;false;hills;7
3819;44;99;1;land;false;forest;7
3820;60;125;1;land;false;forest;7
3821;59;103;1;land;false;hills;7
3822;28;101;1;land;false;forest;7
3823;11;115;1;land;false;forest;7
3824;50;128;1;land;false;plains;7
3825;40;114;1;land;false;hills;7
3826;53;97;1;land;true;mountain;7
3827;18;99;1;land;false;forest;7
3828;32;128;1;land;false;hills;7
3829;11;92;1;land;false;forest;7
3830;28;118;1;land;false;forest;7
3831;56;97;1;land;false;forest;7
3832;33;105;1;land;false;plains;7
3833;48;96;1;land;false;forest;7
3834;0;140;1;land;false;plains;7
3835;23;81;1;land;false;hills;7
3836;17;133;1;land;false;mountain;7
3837;58;121;1;land;false;hills;7
3838;31;140;1;land;false;forest;7
3839;50;113;1;land;false;hills;7
3840;32;103;1;land;false;forest;7
3841;21;92;1;land;false;forest;7
3842;45;125;1;land;false;hills;7
3843;55;137;1;land;false;plains;7
3844;84;254;1;land;false;forest;7
3845;103;221;1;land;false;hills;7
3846;85;237;1;land;false;forest;7
3847;134;236;1;land;false;forest;7
3848;105;252;1;land;false;hills;7
3849;123;231;1;land;false;forest;7
3850;98;238;1;land;false;forest;7
3851;146;218;1;land;false;hills;7
3852;147;244;1;land;false;forest;7
3853;134;244;1;land;false;forest;7
3854;144;218;1;land;false;forest;7
3855;108;221;1;land;false;forest;7
3856;144;127;1;land;false;hills;7
3857;112;143;1;land;true;plains;7
3858;158;85;1;land;false;plains;7
3859;104;101;1;land;false;hills;7
3860;134;136;1;land;false;hills;7
3861;161;92;1;land;false;plains;7
3862;154;98;1;land;true;hills;7
3863;133;112;1;land;false;hills;7
3864;106;91;1;land;false;plains;7
3865;100;141;1;land;false;hills;7
3866;105;119;1;land;false;hills;7
3867;165;101;1;land;false;hills;7
3868;154;144;1;land;true;hills;7
3869;118;102;1;land;false;hills;7
3870;167;117;1;land;true;plains;7
3871;91;107;1;land;true;hills;7
3872;120;90;1;land;false;hills;7
3873;148;114;1;land;false;hills;7
3874;101;117;1;land;true;hills;7
3875;153;109;1;land;false;hills;7
3876;94;91;1;land;false;hills;7
3877;129;144;1;land;false;hills;7
3878;129;109;1;land;false;plains;7
3879;217;204;1;land;false;hills;7
3880;197;207;1;land;false;hills;7
3881;152;241;1;land;false;hills;7
3882;166;89;1;land;false;hills;7
3883;170;89;1;land;false;hills;7
3884;190;62;1;land;false;mountain;7
3885;195;69;1;land;false;mountain;7
3886;179;48;1;land;false;mountain;7
3887;166;77;1;land;false;mountain;7
3888;194;42;1;land;false;mountain;7
3889;205;72;1;land;false;hills;7
3890;166;117;1;land;false;mountain;7
3891;166;57;1;land;false;hills;7
3892;222;72;1;land;false;hills;7
3893;190;45;1;land;false;mountain;7
3894;175;80;1;land;false;hills;7
3895;182;54;1;land;false;mountain;7
3896;185;92;1;land;false;mountain;7
3897;211;103;1;land;false;plains;7
3898;158;114;1;land;false;forest;7
3899;11;196;1;land;false;forest;7
3900;24;183;1;land;true;hills;7
3901;8;197;1;land;false;plains;7
3902;5;188;1;land;true;hills;7
3903;27;246;1;land;false;forest;7
3904;9;217;1;land;false;forest;7
3905;26;249;1;land;true;forest;7
3906;60;253;1;land;false;forest;7
3907;66;192;1;land;false;hills;7
3908;31;197;1;land;true;hills;7
3909;26;198;1;land;false;hills;7
3910;12;205;1;land;false;forest;7
3911;60;189;1;land;false;forest;7
3912;19;215;1;land;false;hills;7
3913;46;253;1;land;true;forest;7
3914;101;159;1;land;false;mountain;7
3915;111;156;1;land;true;mountain;7
3916;69;174;1;land;true;plains;7
3917;65;190;1;land;true;mountain;7
3918;117;154;1;land;true;plains;7
3919;121;224;1;land;true;plains;7
3920;202;209;1;land;false;plains;7
3921;182;229;1;land;true;hills;7
3922;175;177;1;land;true;hills;7
3923;201;192;1;land;false;hills;7
3924;232;177;1;land;false;plains;7
3925;169;217;1;land;false;hills;7
3926;227;217;1;land;true;hills;7
3927;214;202;1;land;false;hills;7
3928;212;230;1;land;false;plains;7
3929;239;182;1;land;false;plains;7
3930;189;232;1;land;true;plains;7
3931;208;231;1;land;true;hills;7
3932;225;199;1;land;false;plains;7
3933;199;195;1;land;false;hills;7
3934;242;182;1;land;false;hills;7
3935;230;209;1;land;false;plains;7
3936;213;28;1;land;false;desert;7
3937;220;44;1;land;false;hills;7
3938;240;42;1;land;false;hills;7
3939;185;78;1;land;false;plains;7
3940;234;60;1;land;false;hills;7
3941;247;47;1;land;false;plains;7
3942;184;16;1;land;false;hills;7
3943;220;17;1;land;false;hills;7
3944;23;132;1;land;false;hills;7
3945;15;130;1;land;false;desert;7
3946;48;192;1;land;false;hills;7
3947;14;143;1;land;false;desert;7
3948;11;145;1;land;false;desert;7
3949;54;138;1;land;false;desert;7
3950;21;200;1;land;false;hills;7
3951;20;163;1;land;true;hills;7
3952;18;165;1;land;false;desert;7
3953;6;165;1;land;false;desert;7
3954;11;0;1;land;false;hills;7
3955;5;13;1;land;false;mountain;7
3956;32;64;1;land;false;hills;7
3957;34;25;1;land;false;desert;7
3958;46;21;1;land;false;plains;7
3959;22;10;1;land;false;plains;7
3960;31;24;1;land;false;plains;7
3961;18;24;1;land;false;desert;7
3962;22;16;1;land;false;hills;7
3963;57;8;1;land;false;plains;7
3964;16;17;1;land;false;hills;7
3965;120;31;1;land;false;hills;7
3966;155;48;1;land;false;forest;7
3967;105;38;1;land;false;forest;7
3968;114;2;1;land;false;hills;7
3969;147;55;1;land;false;forest;7
3970;163;24;1;land;false;hills;7
3971;136;22;1;land;false;hills;7
3972;115;36;1;land;false;hills;7
3973;147;58;1;land;false;hills;7
3974;143;38;1;land;false;plains;7
3975;79;39;1;land;false;forest;7
3976;32;27;1;land;false;forest;7
3977;69;48;1;land;false;forest;7
3978;63;11;1;land;false;forest;7
3979;26;31;1;land;false;hills;7
3980;91;36;1;land;false;forest;7
3981;32;44;1;land;false;forest;7
3982;44;172;1;land;false;forest;7
3983;20;145;1;land;false;forest;7
3984;69;187;1;land;false;forest;7
3985;59;192;1;land;false;plains;7
3986;55;156;1;land;false;hills;7
3987;2;158;1;land;false;plains;7
3988;13;140;1;land;false;plains;7
3989;26;200;1;land;false;forest;7
3990;19;131;1;land;false;forest;7
3991;66;193;1;land;false;plains;7
3992;13;194;1;land;false;plains;7
3993;65;198;1;land;false;forest;7
3994;10;158;1;land;false;forest;7
3995;63;169;1;land;false;plains;7
3996;52;140;1;land;false;plains;7
3997;11;132;1;land;false;forest;7
3998;44;139;1;land;false;plains;7
3999;47;161;1;land;false;plains;7
4000;30;182;1;land;false;forest;7
4001;19;125;1;land;false;forest;7
4002;4;165;1;land;false;hills;7
4003;10;161;1;land;false;plains;7
4004;19;168;1;land;false;plains;7
4005;183;241;1;land;true;plains;7
4006;203;233;1;land;false;hills;7
4007;187;201;1;land;false;forest;7
4008;215;212;1;land;false;hills;7
4009;183;206;1;land;true;hills;7
4010;191;201;1;land;true;hills;7
4011;197;253;1;land;false;hills;7
4012;215;240;1;land;true;hills;7
4013;157;212;1;land;true;hills;7
4014;190;251;1;land;true;hills;7
4015;194;238;1;land;true;hills;7
4016;163;253;1;land;true;forest;7
4017;210;219;1;land;false;hills;7
4018;226;254;1;land;true;hills;7
4019;220;211;1;land;true;hills;7
4020;204;226;1;land;false;hills;7
4021;150;223;1;land;false;hills;7
4022;208;198;1;land;false;hills;7
4023;224;206;1;land;true;hills;7
4024;186;198;1;land;true;plains;7
4025;132;111;1;land;false;plains;7
4026;206;150;1;land;true;hills;7
4027;169;127;1;land;false;plains;7
4028;195;148;1;land;false;plains;7
4029;172;142;1;land;true;plains;7
4030;130;107;1;land;false;plains;7
4031;181;95;1;land;false;plains;7
4032;109;12;1;land;true;hills;7
4033;90;48;1;land;true;plains;7
4034;91;139;1;land;false;plains;7
4035;82;110;1;land;false;plains;7
4036;118;142;1;land;false;hills;7
4037;73;76;1;land;false;plains;7
4038;55;78;1;land;false;plains;7
4039;117;142;1;land;false;plains;7
4040;68;128;1;land;false;hills;7
4041;77;149;1;land;false;plains;7
4042;85;112;1;land;false;plains;7
4043;54;103;1;land;false;plains;7
4044;114;134;1;land;false;plains;7
4045;87;83;1;land;false;mountain;7
4046;81;82;1;land;false;plains;7
4047;70;101;1;land;false;plains;7
4048;80;119;1;land;false;plains;7
4049;83;124;1;land;false;hills;7
4050;47;102;1;land;false;hills;7
4051;241;96;1;land;true;plains;7
4052;249;54;1;land;false;plains;7
4053;178;98;1;land;false;plains;7
4054;185;38;1;land;true;hills;7
4055;229;40;1;land;false;hills;7
4056;251;62;1;land;true;hills;7
4057;187;54;1;land;true;plains;7
4058;239;56;1;land;false;hills;7
4059;250;100;1;land;true;plains;7
4060;201;109;1;land;false;plains;7
4061;223;77;1;land;false;hills;7
4062;138;78;1;land;false;plains;7
4063;163;114;1;land;false;plains;7
4064;104;71;1;land;false;plains;7
4065;10;67;1;land;false;hills;7
4066;12;67;1;land;false;mountain;7
4067;21;86;1;land;false;plains;7
4068;20;46;1;land;false;hills;7
4069;21;45;1;land;false;plains;7
4070;23;83;1;land;false;desert;7
4071;35;100;1;land;false;hills;7
4072;10;33;1;land;false;hills;7
4073;21;106;1;land;false;desert;7
4074;0;66;1;land;false;plains;7
4075;18;30;1;land;false;hills;7
4076;20;68;1;land;false;hills;7
4077;16;91;1;land;false;hills;7
4078;31;98;1;land;false;hills;7
4079;9;100;1;land;false;hills;7
4080;199;185;1;land;false;plains;7
4081;153;178;1;land;false;plains;7
4082;153;223;1;land;false;plains;7
4083;202;233;1;land;false;hills;7
4084;224;236;1;land;false;hills;7
4085;167;222;1;land;false;plains;7
4086;201;211;1;land;false;plains;7
4087;202;197;1;land;false;hills;7
4088;204;221;1;land;false;hills;7
4089;229;222;1;land;false;plains;7
4090;227;241;1;land;false;mountain;7
4091;177;191;1;land;false;plains;7
4092;167;254;1;land;false;plains;7
4093;192;212;1;land;false;plains;7
4094;218;192;1;land;false;plains;7
4095;171;55;1;land;true;plains;7
4096;165;25;1;land;true;hills;7
4097;197;60;1;land;false;mountain;7
4098;192;60;1;land;true;mountain;7
4099;164;58;1;land;true;mountain;7
4100;148;92;1;land;false;mountain;7
4101;206;86;1;land;true;mountain;7
4102;194;152;1;land;false;forest;7
4103;236;134;1;land;false;hills;7
4104;228;104;1;land;false;hills;7
4105;176;151;1;land;false;mountain;7
4106;205;120;1;land;false;forest;7
4107;195;150;1;land;false;hills;7
4108;190;106;1;land;false;plains;7
4109;221;133;1;land;false;hills;7
4110;211;123;1;land;false;plains;7
4111;192;164;1;land;false;hills;7
4112;195;134;1;land;false;hills;7
4113;153;163;1;land;false;plains;7
4114;104;104;1;land;false;hills;7
4115;155;110;1;land;false;hills;7
4116;131;170;1;land;false;mountain;7
4117;132;168;1;land;false;hills;7
4118;87;103;1;land;false;hills;7
4119;103;98;1;land;false;hills;7
4120;136;155;1;land;false;hills;7
4121;103;31;1;land;false;hills;7
4122;144;34;1;land;false;forest;7
4123;128;21;1;land;false;plains;7
4124;124;41;1;land;false;plains;7
4125;110;15;1;land;false;plains;7
4126;98;44;1;land;false;plains;7
4127;107;2;1;land;false;plains;7
4128;71;23;1;land;false;forest;7
4129;80;39;1;land;false;plains;7
4130;94;53;1;land;false;plains;7
4131;118;22;1;land;false;plains;7
4132;75;51;1;land;false;plains;7
4133;86;38;1;land;false;forest;7
4134;104;46;1;land;false;plains;7
4135;224;254;1;land;false;plains;7
4136;238;216;1;land;false;plains;7
4137;242;194;1;land;false;plains;7
4138;203;228;1;land;false;plains;7
4139;220;248;1;land;false;plains;7
4140;212;222;1;land;false;plains;7
4141;238;247;1;land;false;plains;7
4142;238;207;1;land;false;plains;7
4143;223;209;1;land;false;plains;7
4144;208;228;1;land;false;plains;7
4145;171;190;1;land;false;hills;7
4146;170;213;1;land;false;forest;7
4147;136;241;1;land;false;plains;7
4148;148;227;1;land;false;plains;7
4149;133;244;1;land;false;plains;7
4150;148;204;1;land;false;plains;7
4151;138;207;1;land;false;plains;7
4152;181;189;1;land;false;plains;7
4153;121;199;1;land;false;plains;7
4154;129;252;1;land;false;plains;7
4155;171;250;1;land;false;plains;7
4156;150;192;1;land;false;plains;7
4157;152;197;1;land;false;plains;7
4158;185;200;1;land;false;forest;7
4159;190;252;1;land;false;forest;7
4160;178;229;1;land;false;plains;7
4161;179;241;1;land;false;plains;7
4162;158;195;1;land;false;plains;7
4163;184;248;1;land;false;plains;7
4164;45;175;1;land;false;plains;7
4165;39;200;1;land;false;plains;7
4166;5;192;1;land;false;plains;7
4167;13;193;1;land;false;hills;7
4168;45;161;1;land;false;hills;7
4169;41;146;1;land;false;plains;7
4170;64;214;1;land;false;plains;7
4171;13;160;1;land;false;plains;7
4172;1;224;1;land;false;plains;7
4173;57;215;1;land;false;plains;7
4174;53;196;1;land;false;plains;7
4175;196;92;1;land;false;plains;7
4176;249;68;1;land;false;plains;7
4177;188;60;1;land;false;plains;7
4178;250;49;1;land;false;plains;7
4179;252;56;1;land;false;plains;7
4180;197;105;1;land;false;plains;7
4181;227;50;1;land;false;plains;7
4182;193;55;1;land;false;plains;7
4183;207;108;1;land;false;hills;7
4184;198;89;1;land;false;hills;7
4185;191;45;1;land;false;plains;7
4186;242;41;1;land;false;plains;7
4187;235;97;1;land;false;plains;7
4188;246;44;1;land;false;plains;7
4189;241;113;1;land;false;plains;7
4190;185;79;1;land;false;plains;7
4191;216;83;1;land;false;plains;7
4192;7;53;1;land;false;hills;7
4193;46;52;1;land;false;hills;7
4194;46;49;1;land;false;hills;7
4195;31;61;1;land;false;hills;7
4196;24;109;1;land;false;hills;7
4197;46;45;1;land;false;mountain;7
4198;213;181;1;land;false;forest;7
4199;248;180;1;land;false;hills;7
4200;207;151;1;land;false;plains;7
4201;209;181;1;land;false;forest;7
4202;250;131;1;land;false;forest;7
4203;205;192;1;land;false;mountain;7
4204;227;185;1;land;false;forest;7
4205;235;207;1;land;false;hills;7
4206;247;198;1;land;false;hills;7
4207;222;188;1;land;false;forest;7
4208;218;209;1;land;false;hills;7
4209;210;170;1;land;false;mountain;7
4210;221;183;1;land;false;hills;7
4211;207;199;1;land;false;hills;7
4212;215;191;1;land;false;plains;7
4213;211;205;1;land;false;hills;7
4214;229;168;1;land;false;forest;7
4215;247;187;1;land;false;plains;7
4216;243;152;1;land;false;hills;7
4217;219;40;1;land;false;plains;7
4218;231;68;1;land;false;plains;7
4219;213;75;1;land;false;hills;7
4220;254;96;1;land;false;plains;7
4221;240;65;1;land;false;hills;7
4222;249;71;1;land;false;hills;7
4223;243;96;1;land;false;plains;7
4224;245;89;1;land;false;plains;7
4225;222;44;1;land;false;plains;7
4226;241;27;1;land;false;plains;7
4227;231;32;1;land;false;hills;7
4228;232;58;1;land;false;plains;7
4229;240;50;1;land;false;plains;7
4230;214;100;1;land;false;plains;7
4231;234;79;1;land;false;plains;7
4232;251;72;1;land;false;plains;7
4233;232;47;1;land;false;plains;7
4234;240;167;1;land;false;plains;7
4235;253;132;1;land;false;hills;7
4236;219;130;1;land;false;plains;7
4237;227;155;1;land;false;hills;7
4238;195;180;1;land;false;hills;7
4239;220;168;1;land;false;hills;7
4240;192;186;1;land;false;hills;7
4241;240;149;1;land;false;hills;7
4242;218;196;1;land;false;hills;7
4243;203;137;1;land;false;plains;7
4244;184;65;1;land;false;hills;7
4245;195;97;1;land;false;forest;7
4246;153;64;1;land;false;plains;7
4247;155;90;1;land;false;plains;7
4248;126;65;1;land;false;hills;7
4249;177;51;1;land;false;plains;7
4250;129;80;1;land;false;plains;7
4251;187;30;1;land;false;plains;7
4252;153;42;1;land;false;plains;7
4253;127;187;1;land;true;forest;7
4254;107;194;1;land;true;forest;7
4255;180;162;1;land;false;mountain;7
4256;113;165;1;land;true;forest;7
4257;181;165;1;land;true;forest;7
4258;115;202;1;land;true;forest;7
4259;162;216;1;land;true;forest;7
4260;17;196;1;land;false;hills;7
4261;22;142;1;land;false;forest;7
4262;60;167;1;land;false;forest;7
4263;12;164;1;land;false;hills;7
4264;19;185;1;land;false;mountain;7
4265;10;183;1;land;false;mountain;7
4266;7;126;1;land;false;hills;7
4267;58;187;1;land;false;jungle;7
4268;5;168;1;land;false;hills;7
4269;53;171;1;land;false;jungle;7
4270;16;140;1;land;false;hills;7
4271;61;126;1;land;false;hills;7
4272;30;151;1;land;false;forest;7
4273;41;157;1;land;false;forest;7
4274;57;141;1;land;false;hills;7
4275;53;188;1;land;false;forest;7
4276;48;135;1;land;false;plains;7
4277;10;179;1;land;false;forest;7
4278;49;198;1;land;false;plains;7
4279;60;174;1;land;false;hills;7
4280;250;76;1;land;true;hills;7
4281;242;31;1;land;true;mountain;7
4282;212;19;1;land;true;hills;7
4283;186;35;1;land;true;plains;7
4284;197;62;1;land;true;forest;7
4285;61;36;1;land;false;mountain;7
4286;71;48;1;land;false;mountain;7
4287;53;42;1;land;true;plains;7
4288;112;11;1;land;false;mountain;7
4289;88;0;1;land;true;mountain;7
4290;79;48;1;land;true;plains;7
4291;102;24;1;land;true;hills;7
4292;113;25;1;land;false;hills;7
4293;79;45;1;land;true;plains;7
4294;104;23;1;land;true;plains;7
4295;73;3;1;land;false;mountain;7
4296;122;45;1;land;true;mountain;7
4297;71;44;1;land;false;hills;7
4298;84;24;1;land;false;plains;7
4299;66;102;1;land;false;hills;7
4300;97;117;1;land;false;plains;7
4301;104;73;1;land;false;hills;7
4302;74;136;1;land;false;hills;7
4303;42;100;1;land;false;plains;7
4304;74;88;1;land;false;hills;7
4305;50;98;1;land;false;hills;7
4306;97;146;1;land;false;plains;7
4307;29;118;1;land;false;hills;7
4308;45;91;1;land;false;hills;7
4309;106;104;1;land;false;plains;7
4310;124;138;1;land;true;plains;7
4311;97;72;1;land;true;hills;7
4312;86;116;1;land;false;hills;7
4313;78;109;1;land;true;mountain;7
4314;137;117;1;land;true;hills;7
4315;64;92;1;land;false;plains;7
4316;39;91;1;land;false;plains;7
4317;20;76;1;land;false;plains;7
4318;32;82;1;land;false;plains;7
4319;40;81;1;land;false;plains;7
4320;41;71;1;land;false;plains;7
4321;49;109;1;land;false;plains;7
4322;55;121;1;land;false;plains;7
4323;18;71;1;land;false;hills;7
4324;45;59;1;land;false;plains;7
4325;46;59;1;land;false;plains;7
4326;13;84;1;land;false;plains;7
4327;41;86;1;land;false;plains;7
4328;15;79;1;land;false;plains;7
4329;7;98;1;land;false;hills;7
4330;25;114;1;land;false;hills;7
4331;25;90;1;land;false;plains;7
4332;31;84;1;land;false;plains;7
4333;62;86;1;land;false;plains;7
4334;54;108;1;land;false;plains;7
4335;6;86;1;land;false;plains;7
4336;6;115;1;land;false;plains;7
4337;48;107;1;land;false;hills;7
4338;29;105;1;land;false;plains;7
4339;30;113;1;land;false;plains;7
4340;6;116;1;land;false;plains;7
4341;57;174;1;land;false;plains;7
4342;76;160;1;land;false;hills;7
4343;31;203;1;land;false;plains;7
4344;33;211;1;land;false;plains;7
4345;107;137;1;land;false;plains;7
4346;85;199;1;land;false;hills;7
4347;104;186;1;land;false;plains;7
4348;73;17;1;land;false;forest;7
4349;19;3;1;land;false;forest;7
4350;82;12;1;land;false;hills;7
4351;26;37;1;land;false;hills;7
4352;47;41;1;land;false;hills;7
4353;43;45;1;land;false;hills;7
4354;70;17;1;land;false;hills;7
4355;46;9;1;land;false;hills;7
4356;20;31;1;land;false;jungle;7
4357;88;43;1;land;false;forest;7
4358;16;57;1;land;false;hills;7
4359;14;41;1;land;false;forest;7
4360;61;16;1;land;false;forest;7
4361;68;41;1;land;false;hills;7
4362;245;206;1;land;false;mountain;7
4363;249;169;1;land;false;mountain;7
4364;253;129;1;land;false;hills;7
4365;153;116;1;land;false;hills;7
4366;84;106;1;land;true;hills;7
4367;79;98;1;land;true;plains;7
4368;99;132;1;land;true;plains;7
4369;87;162;1;land;true;plains;7
4370;41;181;1;land;true;mountain;7
4371;41;156;1;land;false;hills;7
4372;62;162;1;land;false;hills;7
4373;39;164;1;land;true;mountain;7
4374;58;183;1;land;false;plains;7
4375;39;159;1;land;false;hills;7
4376;45;156;1;land;false;hills;7
4377;66;187;1;land;false;hills;7
4378;35;171;1;land;true;mountain;7
4379;157;223;1;land;false;hills;7
4380;173;224;1;land;false;hills;7
4381;128;218;1;land;false;plains;7
4382;132;202;1;land;false;hills;7
4383;135;197;1;land;false;mountain;7
4384;112;188;1;land;false;hills;7
4385;104;237;1;land;false;plains;7
4386;144;232;1;land;false;desert;7
4387;149;215;1;land;false;plains;7
4388;138;186;1;land;false;plains;7
4389;174;211;1;land;false;mountain;7
4390;171;254;1;land;false;mountain;7
4391;139;193;1;land;false;mountain;7
4392;104;246;1;land;false;mountain;7
4393;105;133;1;land;false;hills;7
4394;35;130;1;land;false;hills;7
4395;55;134;1;land;false;hills;7
4396;89;105;1;land;false;hills;7
4397;86;86;1;land;false;hills;7
4398;67;91;1;land;false;hills;7
4399;100;145;1;land;false;hills;7
4400;70;92;1;land;false;hills;7
4401;88;88;1;land;false;hills;7
4402;82;39;1;land;false;hills;7
4403;91;12;1;land;false;plains;7
4404;57;38;1;land;false;plains;7
4405;19;35;1;land;false;plains;7
4406;41;17;1;land;false;plains;7
4407;43;26;1;land;false;hills;7
4408;20;17;1;land;false;hills;7
4409;71;37;1;land;false;hills;7
4410;61;17;1;land;false;plains;7
4411;16;25;1;land;false;plains;7
4412;18;11;1;land;false;hills;7
4413;70;36;1;land;false;plains;7
4414;40;22;1;land;false;hills;7
4415;72;36;1;land;false;plains;7
4416;20;26;1;land;false;plains;7
4417;187;58;1;land;false;desert;7
4418;190;77;1;land;false;plains;7
4419;168;33;1;land;false;plains;7
4420;172;55;1;land;false;plains;7
4421;239;97;1;land;false;plains;7
4422;204;100;1;land;false;hills;7
4423;238;35;1;land;false;plains;7
4424;183;44;1;land;false;plains;7
4425;151;241;1;land;false;plains;7
4426;180;241;1;land;true;mountain;7
4427;158;190;1;land;false;plains;7
4428;184;186;1;land;false;plains;7
4429;184;217;1;land;false;hills;7
4430;211;225;1;land;false;mountain;7
4431;156;220;1;land;false;plains;7
4432;186;243;1;land;false;plains;7
4433;191;249;1;land;false;plains;7
4434;186;182;1;land;false;plains;7
4435;162;203;1;land;false;plains;7
4436;204;180;1;land;true;plains;7
4437;181;196;1;land;false;plains;7
4438;189;239;1;land;false;hills;7
4439;215;217;1;land;false;plains;7
4440;213;201;1;land;false;plains;7
4441;183;180;1;land;false;plains;7
4442;170;203;1;land;false;plains;7
4443;223;195;1;land;false;plains;7
4444;218;230;1;land;true;plains;7
4445;175;234;1;land;false;plains;7
4446;195;244;1;land;false;plains;7
4447;162;232;1;land;false;plains;7
4448;178;180;1;land;false;mountain;7
4449;217;238;1;land;false;hills;7
4450;207;224;1;land;false;plains;7
4451;214;237;1;land;false;plains;7
4452;116;129;1;land;true;plains;7
4453;121;83;1;land;true;plains;7
4454;84;104;1;land;false;plains;7
4455;82;108;1;land;true;plains;7
4456;87;110;1;land;true;plains;7
4457;96;88;1;land;true;plains;7
4458;117;135;1;land;true;hills;7
4459;105;242;1;land;false;hills;7
4460;93;191;1;land;false;hills;7
4461;66;205;1;land;false;hills;7
4462;128;228;1;land;false;hills;7
4463;103;222;1;land;false;hills;7
4464;86;177;1;land;false;hills;7
4465;78;212;1;land;false;hills;7
4466;141;108;1;land;true;mountain;7
4467;27;111;1;land;false;hills;7
4468;40;85;1;land;false;hills;7
4469;4;118;1;land;false;hills;7
4470;27;130;1;land;false;hills;7
4471;43;131;1;land;false;desert;7
4472;130;56;1;land;false;hills;7
4473;185;37;1;land;false;hills;7
4474;193;89;1;land;false;hills;7
4475;137;55;1;land;false;hills;7
4476;144;23;1;land;false;hills;7
4477;145;32;1;land;false;hills;7
4478;166;50;1;land;false;hills;7
4479;176;69;1;land;false;hills;7
4480;163;52;1;land;false;mountain;7
4481;165;79;1;land;false;hills;7
4482;149;72;1;land;false;hills;7
4483;125;61;1;land;false;hills;7
4484;126;80;1;land;false;hills;7
4485;93;200;1;land;false;plains;7
4486;158;208;1;land;false;plains;7
4487;146;164;1;land;false;plains;7
4488;114;196;1;land;false;hills;7
4489;100;191;1;land;false;plains;7
4490;118;172;1;land;false;plains;7
4491;105;219;1;land;false;plains;7
4492;94;191;1;land;false;plains;7
4493;67;63;1;land;true;hills;7
4494;63;54;1;land;false;plains;7
4495;46;77;1;land;true;hills;7
4496;63;80;1;land;true;hills;7
4497;31;94;1;land;true;plains;7
4498;90;100;1;land;true;hills;7
4499;44;100;1;land;false;hills;7
4500;67;127;1;land;true;hills;7
4501;74;69;1;land;true;plains;7
4502;61;120;1;land;false;hills;7
4503;62;99;1;land;true;plains;7
4504;65;90;1;land;false;hills;7
4505;70;57;1;land;true;hills;7
4506;106;125;1;land;false;plains;7
4507;34;99;1;land;false;hills;7
4508;170;47;1;land;true;mountain;7
4509;236;85;1;land;false;hills;7
4510;234;84;1;land;false;mountain;7
4511;217;18;1;land;false;mountain;7
4512;192;65;1;land;false;forest;7
4513;191;31;1;land;false;mountain;7
4514;233;77;1;land;true;plains;7
4515;239;27;1;land;true;mountain;7
4516;188;9;1;land;false;hills;7
4517;184;109;1;land;false;plains;7
4518;193;164;1;land;false;plains;7
4519;151;110;1;land;false;plains;7
4520;216;152;1;land;false;plains;7
4521;149;143;1;land;false;hills;7
4522;191;170;1;land;false;plains;7
4523;151;167;1;land;false;plains;7
4524;92;20;1;land;false;hills;7
4525;125;22;1;land;false;hills;7
4526;88;12;1;land;true;hills;7
4527;103;8;1;land;false;hills;7
4528;94;25;1;land;false;plains;7
4529;117;46;1;land;true;hills;7
4530;86;40;1;land;true;hills;7
4531;89;72;1;land;false;plains;7
4532;121;62;1;land;false;hills;7
4533;142;49;1;land;true;hills;7
4534;145;35;1;land;true;hills;7
4535;123;54;1;land;false;plains;7
4536;55;177;1;land;true;hills;7
4537;124;166;1;land;true;plains;7
4538;88;173;1;land;false;plains;7
4539;76;195;1;land;false;plains;7
4540;109;198;1;land;false;plains;7
4541;89;170;1;land;true;plains;7
4542;116;210;1;land;false;plains;7
4543;71;158;1;land;true;hills;7
4544;73;192;1;land;false;plains;7
4545;123;171;1;land;true;plains;7
4546;54;184;1;land;true;hills;7
4547;89;168;1;land;false;plains;7
4548;96;180;1;land;true;hills;7
4549;119;214;1;land;false;plains;7
4550;225;227;1;land;false;hills;7
4551;241;245;1;land;false;mountain;7
4552;219;230;1;land;false;mountain;7
4553;242;250;1;land;false;hills;7
4554;230;148;1;land;false;forest;7
4555;237;159;1;land;false;forest;7
4556;231;164;1;land;true;hills;7
4557;194;126;1;land;true;forest;7
4558;198;129;1;land;false;forest;7
4559;197;173;1;land;false;forest;7
4560;202;123;1;land;true;hills;7
4561;205;177;1;land;false;hills;7
4562;180;40;1;land;false;plains;7
4563;169;26;1;land;false;plains;7
4564;172;69;1;land;false;hills;7
4565;124;20;1;land;false;plains;7
4566;161;36;1;land;false;plains;7
4567;191;24;1;land;false;hills;7
4568;122;2;1;land;false;hills;7
4569;106;123;1;land;false;forest;7
4570;145;128;1;land;false;forest;7
4571;111;112;1;land;false;hills;7
4572;177;171;1;land;false;plains;7
4573;173;100;1;land;false;plains;7
4574;160;102;1;land;false;forest;7
4575;138;107;1;land;false;plains;7
4576;131;162;1;land;false;plains;7
4577;107;166;1;land;false;forest;7
4578;153;128;1;land;false;plains;7
4579;152;124;1;land;false;hills;7
4580;120;132;1;land;false;hills;7
4581;136;154;1;land;false;plains;7
4582;113;162;1;land;false;forest;7
4583;161;131;1;land;false;plains;7
4584;127;131;1;land;false;forest;7
4585;113;117;1;land;false;forest;7
4586;110;166;1;land;false;hills;7
4587;157;144;1;land;false;forest;7
4588;104;171;1;land;false;hills;7
4589;128;143;1;land;false;plains;7
4590;112;110;1;land;false;plains;7
4591;107;127;1;land;false;plains;7
4592;129;137;1;land;false;hills;7
4593;111;130;1;land;false;forest;7
4594;103;164;1;land;false;forest;7
4595;158;159;1;land;false;forest;7
4596;109;103;1;land;false;forest;7
4597;175;119;1;land;false;plains;7
4598;162;165;1;land;false;plains;7
4599;168;104;1;land;false;forest;7
4600;119;119;1;land;false;mountain;7
4601;112;127;1;land;false;forest;7
4602;124;114;1;land;false;hills;7
4603;107;148;1;land;false;plains;7
4604;148;158;1;land;false;plains;7
4605;108;135;1;land;false;hills;7
4606;101;133;1;land;false;forest;7
4607;105;115;1;land;false;plains;7
4608;121;153;1;land;false;plains;7
4609;119;103;1;land;false;mountain;7
4610;150;168;1;land;false;plains;7
4611;126;97;1;land;false;hills;7
4612;157;173;1;land;false;plains;7
4613;151;154;1;land;false;plains;7
4614;99;161;1;land;false;plains;7
4615;173;97;1;land;false;plains;7
4616;145;157;1;land;false;forest;7
4617;152;61;1;land;false;hills;7
4618;186;88;1;land;false;plains;7
4619;182;33;1;land;false;plains;7
4620;160;42;1;land;false;mountain;7
4621;120;62;1;land;false;hills;7
4622;228;132;1;land;false;hills;7
4623;229;185;1;land;false;plains;7
4624;213;160;1;land;false;plains;7
4625;190;169;1;land;false;plains;7
4626;203;147;1;land;false;plains;7
4627;219;164;1;land;false;plains;7
4628;214;180;1;land;false;plains;7
4629;123;222;1;land;true;forest;7
4630;133;207;1;land;false;hills;7
4631;155;179;1;land;true;hills;7
4632;141;219;1;land;true;forest;7
4633;155;175;1;land;false;forest;7
4634;165;165;1;land;true;forest;7
4635;158;171;1;land;true;forest;7
4636;170;212;1;land;true;forest;7
4637;114;188;1;land;false;forest;7
4638;143;193;1;land;true;forest;7
4639;103;166;1;land;false;forest;7
4640;139;194;1;land;false;hills;7
4641;148;78;1;land;false;desert;7
4642;79;42;1;land;false;plains;7
4643;106;37;1;land;false;hills;7
4644;152;55;1;land;false;hills;7
4645;97;50;1;land;false;plains;7
4646;79;51;1;land;false;hills;7
4647;90;35;1;land;false;desert;7
4648;85;14;1;land;false;hills;7
4649;172;228;1;land;true;plains;7
4650;196;230;1;land;false;hills;7
4651;248;249;1;land;false;hills;7
4652;232;244;1;land;false;mountain;7
4653;206;245;1;land;false;plains;7
4654;182;248;1;land;true;plains;7
4655;244;225;1;land;false;mountain;7
4656;170;227;1;land;false;mountain;7
4657;231;251;1;land;true;hills;7
4658;218;212;1;land;true;hills;7
4659;248;209;1;land;true;plains;7
4660;185;223;1;land;false;mountain;7
4661;212;152;1;land;false;hills;7
4662;226;120;1;land;false;hills;7
4663;252;150;1;land;false;plains;7
4664;193;171;1;land;false;plains;7
4665;252;158;1;land;false;hills;7
4666;203;151;1;land;false;plains;7
4667;225;175;1;land;false;mountain;7
4668;239;111;1;land;false;plains;7
4669;231;216;1;land;true;forest;7
4670;220;245;1;land;true;forest;7
4671;160;201;1;land;true;hills;7
4672;226;247;1;land;false;forest;7
4673;191;203;1;land;false;hills;7
4674;217;209;1;land;true;forest;7
4675;229;201;1;land;false;hills;7
4676;185;231;1;land;false;mountain;7
4677;198;199;1;land;true;forest;7
4678;173;241;1;land;true;forest;7
4679;161;227;1;land;true;hills;7
4680;169;249;1;land;false;hills;7
4681;234;207;1;land;true;forest;7
4682;166;239;1;land;true;forest;7
4683;237;236;1;land;false;forest;7
4684;100;92;1;land;false;forest;7
4685;112;113;1;land;false;hills;7
4686;115;104;1;land;false;forest;7
4687;134;119;1;land;false;hills;7
4688;162;136;1;land;false;hills;7
4689;164;153;1;land;false;hills;7
4690;159;158;1;land;false;forest;7
4691;111;140;1;land;false;forest;7
4692;161;152;1;land;false;plains;7
4693;99;128;1;land;false;hills;7
4694;166;94;1;land;false;forest;7
4695;151;152;1;land;false;forest;7
4696;120;130;1;land;false;plains;7
4697;145;123;1;land;false;plains;7
4698;128;104;1;land;false;hills;7
4699;143;103;1;land;false;forest;7
4700;92;113;1;land;false;hills;7
4701;124;162;1;land;false;forest;7
4702;107;163;1;land;false;plains;7
4703;107;168;1;land;false;hills;7
4704;132;135;1;land;false;plains;7
4705;117;125;1;land;false;plains;7
4706;106;137;1;land;false;forest;7
4707;97;136;1;land;false;hills;7
4708;159;167;1;land;false;forest;7
4709;169;129;1;land;false;plains;7
4710;112;32;1;land;false;hills;7
4711;146;55;1;land;false;hills;7
4712;122;25;1;land;false;hills;7
4713;96;31;1;land;false;hills;7
4714;102;50;1;land;false;mountain;7
4715;103;51;1;land;false;mountain;7
4716;90;7;1;land;false;hills;7
4717;92;26;1;land;false;desert;7
4718;115;28;1;land;false;mountain;7
4719;139;28;1;land;false;hills;7
4720;135;20;1;land;false;hills;7
4721;79;54;1;land;false;hills;7
4722;11;64;1;land;true;mountain;7
4723;28;74;1;land;true;forest;7
4724;32;115;1;land;false;mountain;7
4725;11;56;1;land;true;forest;7
4726;32;96;1;land;true;forest;7
4727;24;105;1;land;true;forest;7
4728;7;62;1;land;true;forest;7
4729;225;249;1;land;true;hills;7
4730;228;232;1;land;true;hills;7
4731;243;235;1;land;true;hills;7
4732;251;202;1;land;false;forest;7
4733;244;251;1;land;true;forest;7
4734;209;253;1;land;true;forest;7
4735;204;214;1;land;true;forest;7
4736;212;196;1;land;true;hills;7
4737;212;202;1;land;true;hills;7
4738;224;232;1;land;false;forest;7
4739;220;193;1;land;false;forest;7
4740;223;245;1;land;true;hills;7
4741;216;234;1;land;true;hills;7
4742;177;107;1;land;false;plains;7
4743;174;131;1;land;false;plains;7
4744;146;136;1;land;false;plains;7
4745;193;161;1;land;false;hills;7
4746;216;153;1;land;false;hills;7
4747;166;116;1;land;false;plains;7
4748;152;112;1;land;false;plains;7
4749;202;90;1;land;false;plains;7
4750;214;144;1;land;false;plains;7
4751;165;106;1;land;false;plains;7
4752;155;202;1;land;false;plains;7
4753;179;248;1;land;true;plains;7
4754;126;254;1;land;false;hills;7
4755;137;217;1;land;false;hills;7
4756;147;186;1;land;false;hills;7
4757;123;186;1;land;false;hills;7
4758;55;50;1;land;false;plains;7
4759;46;88;1;land;false;plains;7
4760;16;46;1;land;false;plains;7
4761;31;110;1;land;true;plains;7
4762;52;108;1;land;true;plains;7
4763;92;105;1;land;false;plains;7
4764;36;91;1;land;true;plains;7
4765;18;102;1;land;true;hills;7
4766;70;68;1;land;true;plains;7
4767;72;58;1;land;false;plains;7
4768;81;107;1;land;false;hills;7
4769;27;101;1;land;true;hills;7
4770;53;63;1;land;true;plains;7
4771;76;75;1;land;true;hills;7
4772;64;58;1;land;true;plains;7
4773;27;94;1;land;false;plains;7
4774;67;110;1;land;true;plains;7
4775;73;101;1;land;false;plains;7
4776;65;107;1;land;true;hills;7
4777;75;94;1;land;false;hills;7
4778;87;116;1;land;true;hills;7
4779;64;120;1;land;false;plains;7
4780;34;63;1;land;true;plains;7
4781;3;212;1;land;true;mountain;7
4782;20;176;1;land;false;mountain;7
4783;41;148;1;land;true;mountain;7
4784;35;203;1;land;true;forest;7
4785;11;180;1;land;false;mountain;7
4786;24;209;1;land;false;mountain;7
4787;230;38;1;land;false;plains;7
4788;253;69;1;land;true;mountain;7
4789;232;59;1;land;false;hills;7
4790;187;89;1;land;false;hills;7
4791;184;80;1;land;false;hills;7
4792;205;54;1;land;false;hills;7
4793;191;113;1;land;false;hills;7
4794;233;112;1;land;false;plains;7
4795;243;101;1;land;false;plains;7
4796;247;42;1;land;false;plains;7
4797;240;113;1;land;false;plains;7
4798;189;88;1;land;false;plains;7
4799;223;42;1;land;false;plains;7
4800;209;85;1;land;false;plains;7
4801;209;48;1;land;false;plains;7
4802;239;78;1;land;false;plains;7
4803;236;48;1;land;false;plains;7
4804;214;43;1;land;false;hills;7
4805;218;54;1;land;true;plains;7
4806;209;88;1;land;false;mountain;7
4807;253;45;1;land;false;plains;7
4808;240;97;1;land;false;plains;7
4809;232;48;1;land;true;plains;7
4810;222;190;1;land;false;hills;7
4811;233;188;1;land;false;mountain;7
4812;221;243;1;land;false;hills;7
4813;206;211;1;land;false;hills;7
4814;195;196;1;land;false;mountain;7
4815;185;227;1;land;false;hills;7
4816;219;185;1;land;false;plains;7
4817;232;243;1;land;false;plains;7
4818;181;230;1;land;false;hills;7
4819;240;189;1;land;false;hills;7
4820;183;221;1;land;false;plains;7
4821;184;245;1;land;false;mountain;7
4822;229;206;1;land;false;hills;7
4823;95;66;1;land;true;plains;7
4824;63;168;1;land;false;plains;7
4825;101;145;1;land;false;hills;7
4826;63;177;1;land;false;plains;7
4827;102;147;1;land;false;plains;7
4828;45;186;1;land;false;plains;7
4829;5;76;1;land;false;plains;7
4830;40;92;1;land;false;plains;7
4831;46;50;1;land;false;plains;7
4832;4;79;1;land;false;plains;7
4833;46;33;1;land;false;forest;7
4834;31;72;1;land;false;forest;7
4835;30;65;1;land;false;hills;7
4836;5;62;1;land;false;plains;7
4837;11;35;1;land;false;plains;7
4838;2;58;1;land;false;plains;7
4839;50;85;1;land;false;hills;7
4840;3;66;1;land;false;hills;7
4841;33;219;1;land;false;hills;7
4842;9;222;1;land;false;desert;7
4843;64;245;1;land;false;desert;7
4844;10;210;1;land;false;hills;7
4845;18;248;1;land;false;desert;7
4846;66;246;1;land;false;plains;7
4847;28;123;1;land;false;hills;7
4848;7;57;1;land;false;hills;7
4849;14;68;1;land;false;plains;7
4850;49;63;1;land;false;hills;7
4851;8;81;1;land;false;hills;7
4852;8;64;1;land;false;mountain;7
4853;0;85;1;land;false;hills;7
4854;17;69;1;land;false;hills;7
4855;39;83;1;land;false;hills;7
4856;31;64;1;land;false;plains;7
4857;36;127;1;land;false;mountain;7
4858;2;103;1;land;false;hills;7
4859;44;74;1;land;false;mountain;7
4860;41;61;1;land;false;mountain;7
4861;47;97;1;land;false;mountain;7
4862;220;116;1;land;false;plains;7
4863;201;124;1;land;false;plains;7
4864;174;118;1;land;false;plains;7
4865;199;114;1;land;false;hills;7
4866;145;137;1;land;false;plains;7
4867;217;146;1;land;false;hills;7
4868;211;138;1;land;false;plains;7
4869;194;129;1;land;false;hills;7
4870;176;163;1;land;false;plains;7
4871;209;107;1;land;false;hills;7
4872;177;94;1;land;false;plains;7
4873;213;106;1;land;false;hills;7
4874;198;161;1;land;false;hills;7
4875;161;95;1;land;false;plains;7
4876;213;93;1;land;false;plains;7
4877;204;153;1;land;false;plains;7
4878;213;161;1;land;false;hills;7
4879;172;161;1;land;false;hills;7
4880;168;155;1;land;false;plains;7
4881;173;130;1;land;false;hills;7
4882;218;90;1;land;false;hills;7
4883;106;226;1;land;true;hills;7
4884;116;236;1;land;true;hills;7
4885;105;220;1;land;false;hills;7
4886;84;216;1;land;false;mountain;7
4887;118;215;1;land;true;mountain;7
4888;81;160;1;land;false;plains;7
4889;76;170;1;land;true;hills;7
4890;118;184;1;land;false;hills;7
4891;61;211;1;land;false;mountain;7
4892;49;205;1;land;false;mountain;7
4893;55;236;1;land;true;mountain;7
4894;91;222;1;land;false;hills;7
4895;69;209;1;land;false;hills;7
4896;83;225;1;land;false;hills;7
4897;38;122;1;land;true;mountain;7
4898;46;55;1;land;true;forest;7
4899;71;83;1;land;true;mountain;7
4900;24;58;1;land;true;forest;7
4901;65;120;1;land;true;forest;7
4902;52;75;1;land;true;hills;7
4903;52;62;1;land;true;forest;7
4904;78;79;1;land;true;forest;7
4905;75;108;1;land;true;forest;7
4906;40;122;1;land;false;forest;7
4907;226;96;1;land;false;hills;7
4908;240;103;1;land;false;plains;7
4909;226;80;1;land;false;plains;7
4910;233;43;1;land;false;plains;7
4911;246;79;1;land;false;hills;7
4912;252;40;1;land;false;hills;7
4913;226;87;1;land;false;plains;7
4914;248;90;1;land;false;hills;7
4915;219;118;1;land;false;plains;7
4916;222;58;1;land;false;hills;7
4917;228;63;1;land;false;hills;7
4918;209;50;1;land;false;hills;7
4919;226;115;1;land;false;hills;7
4920;213;114;1;land;false;hills;7
4921;222;54;1;land;false;plains;7
4922;193;75;1;land;false;hills;7
4923;251;50;1;land;false;plains;7
4924;217;84;1;land;false;hills;7
4925;225;54;1;land;false;hills;7
4926;209;92;1;land;false;hills;7
4927;227;117;1;land;false;plains;7
4928;210;97;1;land;false;mountain;7
4929;201;71;1;land;false;hills;7
4930;254;58;1;land;false;hills;7
4931;243;61;1;land;false;plains;7
4932;238;81;1;land;false;plains;7
4933;231;94;1;land;false;plains;7
4934;210;96;1;land;false;hills;7
4935;199;57;1;land;false;hills;7
4936;230;61;1;land;false;hills;7
4937;239;69;1;land;false;mountain;7
4938;227;54;1;land;false;plains;7
4939;197;109;1;land;false;mountain;7
4940;231;59;1;land;false;plains;7
4941;211;114;1;land;false;hills;7
4942;193;105;1;land;false;hills;7
4943;212;60;1;land;false;plains;7
4944;230;87;1;land;false;plains;7
4945;219;73;1;land;false;hills;7
4946;204;83;1;land;false;plains;7
4947;241;58;1;land;false;plains;7
4948;221;108;1;land;false;plains;7
4949;223;62;1;land;false;hills;7
4950;247;117;1;land;false;plains;7
4951;206;53;1;land;false;hills;7
4952;191;72;1;land;false;hills;7
4953;244;98;1;land;false;plains;7
4954;248;76;1;land;false;plains;7
4955;241;102;1;land;false;hills;7
4956;246;42;1;land;false;hills;7
4957;190;90;1;land;false;plains;7
4958;234;108;1;land;false;plains;7
4959;204;95;1;land;false;hills;7
4960;128;220;1;land;true;mountain;7
4961;102;194;1;land;false;mountain;7
4962;107;222;1;land;false;hills;7
4963;150;213;1;land;false;hills;7
4964;133;222;1;land;false;hills;7
4965;150;232;1;land;false;hills;7
4966;114;198;1;land;false;hills;7
4967;98;215;1;land;false;hills;7
4968;110;233;1;land;true;forest;7
4969;138;163;1;land;false;hills;7
4970;106;169;1;land;true;forest;7
4971;159;209;1;land;true;mountain;7
4972;123;227;1;land;false;hills;7
4973;122;166;1;land;false;hills;7
4974;123;161;1;land;false;hills;7
4975;94;183;1;land;false;hills;7
4976;118;210;1;land;false;hills;7
4977;91;189;1;land;false;mountain;7
4978;18;45;1;land;true;plains;7
4979;201;138;1;land;true;hills;7
4980;177;124;1;land;false;forest;7
4981;140;159;1;land;false;hills;7
4982;182;150;1;land;false;hills;7
4983;197;184;1;land;false;forest;7
4984;173;161;1;land;false;hills;7
4985;176;137;1;land;false;forest;7
4986;133;181;1;land;true;plains;7
4987;157;16;1;land;false;desert;7
4988;124;1;1;land;false;plains;7
4989;134;10;1;land;false;desert;7
4990;158;37;1;land;false;desert;7
4991;163;25;1;land;false;desert;7
4992;189;62;1;land;false;desert;7
4993;179;43;1;land;false;desert;7
4994;174;16;1;land;false;desert;7
4995;59;216;1;land;false;desert;7
4996;55;168;1;land;false;plains;7
4997;67;217;1;land;false;plains;7
4998;72;218;1;land;false;plains;7
4999;46;152;1;land;false;desert;7
5000;48;161;1;land;false;plains;7
5001;50;144;1;land;false;hills;7
5002;33;22;1;land;false;forest;7
5003;47;16;1;land;false;plains;7
5004;103;26;1;land;false;hills;7
5005;89;1;1;land;false;forest;7
5006;90;14;1;land;false;plains;7
5007;92;38;1;land;false;forest;7
5008;83;52;1;land;false;hills;7
5009;165;26;1;land;false;forest;7
5010;163;34;1;land;false;hills;7
5011;134;52;1;land;false;hills;7
5012;158;28;1;land;false;forest;7
5013;185;6;1;land;false;forest;7
5014;127;6;1;land;false;forest;7
5015;165;31;1;land;false;hills;7
5016;63;2;1;land;false;mountain;7
5017;116;53;1;land;true;hills;7
5018;114;41;1;land;true;mountain;7
5019;106;45;1;land;false;hills;7
5020;116;44;1;land;true;hills;7
5021;84;28;1;land;false;mountain;7
5022;64;23;1;land;true;plains;7
5023;82;5;1;land;true;mountain;7
5024;72;33;1;land;false;hills;7
5025;53;44;1;land;true;hills;7
5026;44;137;1;land;false;hills;7
5027;71;155;1;land;false;plains;7
5028;70;133;1;land;false;plains;7
5029;38;190;1;land;false;hills;7
5030;92;176;1;land;false;hills;7
5031;57;166;1;land;false;plains;7
5032;65;192;1;land;false;plains;7
5033;51;161;1;land;false;plains;7
5034;38;172;1;land;false;plains;7
5035;25;150;1;land;false;hills;7
5036;71;165;1;land;false;plains;7
5037;44;170;1;land;false;plains;7
5038;68;137;1;land;false;plains;7
5039;96;181;1;land;false;plains;7
5040;27;165;1;land;false;plains;7
5041;69;203;1;land;false;plains;7
5042;62;189;1;land;false;hills;7
5043;52;175;1;land;false;hills;7
5044;58;193;1;land;false;plains;7
5045;65;203;1;land;false;plains;7
5046;41;163;1;land;false;plains;7
5047;35;143;1;land;false;plains;7
5048;67;189;1;land;false;plains;7
5049;78;161;1;land;false;hills;7
5050;53;128;1;land;false;plains;7
5051;38;159;1;land;false;plains;7
5052;24;167;1;land;false;plains;7
5053;51;196;1;land;false;plains;7
5054;29;154;1;land;false;plains;7
5055;218;92;1;land;true;hills;7
5056;220;147;1;land;false;hills;7
5057;151;120;1;land;false;forest;7
5058;199;127;1;land;true;hills;7
5059;188;108;1;land;false;hills;7
5060;154;132;1;land;false;forest;7
5061;223;142;1;land;false;hills;7
5062;214;159;1;land;false;hills;7
5063;228;119;1;land;true;hills;7
5064;230;156;1;land;false;plains;7
5065;222;105;1;land;false;hills;7
5066;197;113;1;land;true;hills;7
5067;224;146;1;land;true;hills;7
5068;187;107;1;land;false;plains;7
5069;155;133;1;land;false;forest;7
5070;229;93;1;land;false;forest;7
5071;198;139;1;land;false;forest;7
5072;220;134;1;land;false;hills;7
5073;111;48;1;land;false;hills;7
5074;144;40;1;land;true;hills;7
5075;140;8;1;land;false;plains;7
5076;111;17;1;land;false;desert;7
5077;161;45;1;land;false;plains;7
5078;146;2;1;land;true;hills;7
5079;150;12;1;land;true;plains;7
5080;151;1;1;land;false;desert;7
5081;137;39;1;land;false;desert;7
5082;102;4;1;land;false;hills;7
5083;161;41;1;land;false;plains;7
5084;122;1;1;land;true;desert;7
5085;141;19;1;land;true;hills;7
5086;143;11;1;land;true;hills;7
5087;133;9;1;land;true;plains;7
5088;98;31;1;land;false;hills;7
5089;104;30;1;land;false;desert;7
5090;89;15;1;land;false;plains;7
5091;153;38;1;land;true;plains;7
5092;111;9;1;land;true;desert;7
5093;162;11;1;land;true;hills;7
5094;87;58;1;land;false;hills;7
5095;106;50;1;land;false;desert;7
5096;140;57;1;land;false;plains;7
5097;129;21;1;land;true;hills;7
5098;26;194;1;land;false;jungle;7
5099;21;223;1;land;false;hills;7
5100;37;242;1;land;false;plains;7
5101;38;219;1;land;false;plains;7
5102;20;227;1;land;false;hills;7
5103;22;195;1;land;false;hills;7
5104;9;207;1;land;false;forest;7
5105;28;226;1;land;false;forest;7
5106;20;253;1;land;false;hills;7
5107;25;206;1;land;false;hills;7
5108;9;216;1;land;false;plains;7
5109;32;223;1;land;false;hills;7
5110;18;208;1;land;false;plains;7
5111;4;242;1;land;false;hills;7
5112;8;245;1;land;false;forest;7
5113;10;226;1;land;false;plains;7
5114;32;241;1;land;false;plains;7
5115;242;57;1;land;false;plains;7
5116;246;86;1;land;false;plains;7
5117;250;84;1;land;false;plains;7
5118;227;75;1;land;false;hills;7
5119;253;63;1;land;false;hills;7
5120;245;56;1;land;false;hills;7
5121;219;46;1;land;false;hills;7
5122;216;54;1;land;false;plains;7
5123;230;77;1;land;false;hills;7
5124;254;37;1;land;false;plains;7
5125;241;75;1;land;false;hills;7
5126;205;39;1;land;false;hills;7
5127;234;67;1;land;false;plains;7
5128;250;108;1;land;false;hills;7
5129;183;193;1;land;false;plains;7
5130;181;202;1;land;false;hills;7
5131;182;249;1;land;false;plains;7
5132;188;239;1;land;false;plains;7
5133;145;252;1;land;false;plains;7
5134;203;247;1;land;false;plains;7
5135;185;240;1;land;false;plains;7
5136;167;213;1;land;false;plains;7
5137;161;249;1;land;false;plains;7
5138;192;211;1;land;false;plains;7
5139;28;180;1;land;false;hills;7
5140;36;210;1;land;true;hills;7
5141;83;147;1;land;true;plains;7
5142;26;191;1;land;false;plains;7
5143;34;188;1;land;true;hills;7
5144;41;151;1;land;true;hills;7
5145;70;163;1;land;true;hills;7
5146;74;151;1;land;false;plains;7
5147;24;203;1;land;true;plains;7
5148;36;194;1;land;true;plains;7
5149;14;145;1;land;false;hills;7
5150;24;61;1;land;false;hills;7
5151;58;37;1;land;false;plains;7
5152;32;46;1;land;false;mountain;7
5153;52;99;1;land;false;hills;7
5154;33;53;1;land;false;plains;7
5155;36;51;1;land;false;plains;7
5156;63;103;1;land;false;hills;7
5157;37;40;1;land;false;plains;7
5158;17;87;1;land;false;hills;7
5159;62;92;1;land;false;mountain;7
5160;28;50;1;land;false;hills;7
5161;49;105;1;land;false;hills;7
5162;65;49;1;land;false;plains;7
5163;225;234;1;land;true;hills;7
5164;178;239;1;land;true;hills;7
5165;181;225;1;land;false;forest;7
5166;240;222;1;land;false;forest;7
5167;208;211;1;land;true;plains;7
5168;206;190;1;land;true;forest;7
5169;190;245;1;land;false;forest;7
5170;176;92;1;land;true;mountain;7
5171;206;30;1;land;true;mountain;7
5172;156;73;1;land;true;mountain;7
5173;228;85;1;land;true;mountain;7
5174;195;95;1;land;true;mountain;7
5175;232;74;1;land;true;mountain;7
5176;177;88;1;land;true;mountain;7
5177;182;27;1;land;true;mountain;7
5178;207;80;1;land;true;mountain;7
5179;207;49;1;land;true;mountain;7
5180;217;38;1;land;true;mountain;7
5181;206;244;1;land;false;plains;7
5182;208;251;1;land;false;plains;7
5183;236;233;1;land;false;plains;7
5184;248;236;1;land;false;plains;7
5185;124;135;1;land;false;hills;7
5186;183;119;1;land;true;mountain;7
5187;189;131;1;land;true;plains;7
5188;180;112;1;land;true;mountain;7
5189;163;111;1;land;false;mountain;7
5190;148;135;1;land;true;plains;7
5191;118;161;1;land;true;mountain;7
5192;156;147;1;land;true;plains;7
5193;175;167;1;land;true;mountain;7
5194;120;149;1;land;false;hills;7
5195;120;150;1;land;true;plains;7
5196;174;148;1;land;false;hills;7
5197;175;162;1;land;false;hills;7
5198;193;163;1;land;false;mountain;7
5199;162;88;1;land;false;hills;7
5200;146;214;1;land;false;hills;7
5201;151;222;1;land;false;hills;7
5202;159;238;1;land;false;hills;7
5203;151;224;1;land;false;hills;7
5204;136;250;1;land;false;plains;7
5205;52;50;1;land;false;plains;7
5206;52;98;1;land;true;forest;7
5207;95;118;1;land;true;hills;7
5208;98;82;1;land;false;forest;7
5209;72;79;1;land;false;forest;7
5210;93;76;1;land;false;plains;7
5211;51;72;1;land;true;hills;7
5212;58;51;1;land;false;plains;7
5213;98;104;1;land;false;forest;7
5214;41;66;1;land;false;plains;7
5215;109;51;1;land;false;hills;7
5216;82;48;1;land;false;forest;7
5217;41;52;1;land;false;forest;7
5218;44;119;1;land;false;forest;7
5219;88;47;1;land;true;hills;7
5220;89;115;1;land;false;forest;7
5221;75;124;1;land;true;hills;7
5222;112;102;1;land;false;forest;7
5223;36;120;1;land;false;plains;7
5224;71;115;1;land;false;forest;7
5225;105;66;1;land;false;forest;7
5226;48;113;1;land;false;plains;7
5227;16;194;1;land;true;hills;7
5228;90;185;1;land;true;hills;7
5229;47;184;1;land;true;hills;7
5230;194;236;1;land;true;hills;7
5231;233;223;1;land;false;plains;7
5232;228;229;1;land;false;plains;7
5233;208;184;1;land;true;plains;7
5234;187;207;1;land;false;plains;7
5235;190;194;1;land;false;mountain;7
5236;217;240;1;land;false;mountain;7
5237;217;249;1;land;false;hills;7
5238;187;231;1;land;true;plains;7
5239;207;242;1;land;false;hills;7
5240;208;215;1;land;false;plains;7
5241;250;210;1;land;false;hills;7
5242;228;248;1;land;false;plains;7
5243;186;230;1;land;false;forest;7
5244;231;193;1;land;false;hills;7
5245;230;223;1;land;true;hills;7
5246;222;216;1;land;true;plains;7
5247;212;199;1;land;false;plains;7
5248;187;194;1;land;false;mountain;7
5249;210;193;1;land;false;forest;7
5250;232;208;1;land;false;mountain;7
5251;194;208;1;land;false;plains;7
5252;116;60;1;land;false;hills;7
5253;95;52;1;land;false;hills;7
5254;109;54;1;land;false;plains;7
5255;107;20;1;land;false;mountain;7
5256;105;8;1;land;false;mountain;7
5257;108;59;1;land;false;hills;7
5258;149;44;1;land;false;hills;7
5259;85;18;1;land;false;hills;7
5260;129;9;1;land;false;hills;7
5261;121;61;1;land;false;plains;7
5262;91;76;1;land;false;plains;7
5263;133;63;1;land;false;mountain;7
5264;114;157;1;land;false;hills;7
5265;66;144;1;land;true;plains;7
5266;129;214;1;land;false;hills;7
5267;122;158;1;land;true;plains;7
5268;76;168;1;land;true;hills;7
5269;118;190;1;land;true;hills;7
5270;127;152;1;land;true;hills;7
5271;75;185;1;land;true;plains;7
5272;109;155;1;land;false;hills;7
5273;100;194;1;land;false;hills;7
5274;98;199;1;land;false;hills;7
5275;108;161;1;land;true;hills;7
5276;105;161;1;land;true;hills;7
5277;136;152;1;land;true;forest;7
5278;133;173;1;land;false;hills;7
5279;42;42;1;land;false;hills;7
5280;58;53;1;land;false;hills;7
5281;27;28;1;land;false;plains;7
5282;7;101;1;land;false;plains;7
5283;14;95;1;land;false;hills;7
5284;19;31;1;land;false;plains;7
5285;15;70;1;land;false;plains;7
5286;3;31;1;land;false;plains;7
5287;33;39;1;land;false;hills;7
5288;45;43;1;land;false;hills;7
5289;16;75;1;land;false;hills;7
5290;2;63;1;land;false;hills;7
5291;15;47;1;land;false;plains;7
5292;35;50;1;land;false;hills;7
5293;60;45;1;land;false;hills;7
5294;22;31;1;land;false;hills;7
5295;49;70;1;land;false;plains;7
5296;38;29;1;land;false;hills;7
5297;13;36;1;land;false;plains;7
5298;47;46;1;land;false;hills;7
5299;21;67;1;land;false;plains;7
5300;16;59;1;land;false;plains;7
5301;55;105;1;land;false;plains;7
5302;14;133;1;land;false;plains;7
5303;5;183;1;land;false;forest;7
5304;18;147;1;land;false;plains;7
5305;28;196;1;land;false;plains;7
5306;37;184;1;land;false;plains;7
5307;12;161;1;land;false;forest;7
5308;2;206;1;land;true;hills;7
5309;36;130;1;land;false;plains;7
5310;3;161;1;land;false;plains;7
5311;14;170;1;land;false;plains;7
5312;35;136;1;land;false;forest;7
5313;32;147;1;land;false;plains;7
5314;4;177;1;land;false;plains;7
5315;37;152;1;land;false;forest;7
5316;11;161;1;land;false;plains;7
5317;26;176;1;land;false;hills;7
5318;15;189;1;land;true;hills;7
5319;23;180;1;land;false;plains;7
5320;27;138;1;land;true;hills;7
5321;30;152;1;land;false;forest;7
5322;27;148;1;land;false;forest;7
5323;32;149;1;land;false;plains;7
5324;11;171;1;land;false;plains;7
5325;37;192;1;land;false;plains;7
5326;7;201;1;land;true;hills;7
5327;5;159;1;land;false;hills;7
5328;7;166;1;land;false;plains;7
5329;15;182;1;land;false;forest;7
5330;39;128;1;land;false;hills;7
5331;15;187;1;land;false;plains;7
5332;173;33;1;land;false;plains;7
5333;185;51;1;land;false;plains;7
5334;185;48;1;land;false;plains;7
5335;209;59;1;land;false;plains;7
5336;204;75;1;land;false;plains;7
5337;153;78;1;land;false;plains;7
5338;219;22;1;land;false;plains;7
5339;224;91;1;land;false;plains;7
5340;182;24;1;land;false;plains;7
5341;206;33;1;land;false;hills;7
5342;179;72;1;land;false;plains;7
5343;222;38;1;land;false;plains;7
5344;178;91;1;land;false;plains;7
5345;192;26;1;land;false;plains;7
5346;132;214;1;land;true;jungle;7
5347;158;218;1;land;false;mountain;7
5348;144;222;1;land;false;hills;7
5349;174;217;1;land;true;jungle;7
5350;195;217;1;land;false;hills;7
5351;181;234;1;land;true;jungle;7
5352;67;175;1;land;false;forest;7
5353;30;178;1;land;false;forest;7
5354;51;139;1;land;false;hills;7
5355;16;174;1;land;false;forest;7
5356;221;34;1;land;true;plains;7
5357;207;36;1;land;false;hills;7
5358;226;49;1;land;true;plains;7
5359;233;81;1;land;true;plains;7
5360;242;93;1;land;true;plains;7
5361;237;34;1;land;true;hills;7
5362;203;92;1;land;false;hills;7
5363;223;89;1;land;true;hills;7
5364;196;42;1;land;true;plains;7
5365;230;59;1;land;true;hills;7
5366;237;81;1;land;true;plains;7
5367;232;41;1;land;false;plains;7
5368;203;141;1;land;false;hills;7
5369;243;160;1;land;false;hills;7
5370;178;176;1;land;false;mountain;7
5371;115;79;1;land;false;desert;7
5372;66;104;1;land;false;desert;7
5373;86;145;1;land;false;desert;7
5374;55;79;1;land;false;desert;7
5375;36;38;1;land;false;plains;7
5376;42;28;1;land;true;mountain;7
5377;16;23;1;land;false;plains;7
5378;7;19;1;land;false;hills;7
5379;12;30;1;land;true;mountain;7
5380;12;8;1;land;false;hills;7
5381;62;42;1;land;false;plains;7
5382;42;43;1;land;false;hills;7
5383;121;217;1;land;false;hills;7
5384;143;188;1;land;false;hills;7
5385;190;187;1;land;false;hills;7
5386;118;202;1;land;true;plains;7
5387;126;213;1;land;true;plains;7
5388;174;203;1;land;false;forest;7
5389;150;239;1;land;true;hills;7
5390;184;234;1;land;true;mountain;7
5391;150;214;1;land;false;hills;7
5392;139;222;1;land;false;hills;7
5393;172;216;1;land;true;plains;7
5394;157;228;1;land;false;hills;7
5395;141;246;1;land;true;forest;7
5396;125;228;1;land;false;hills;7
5397;163;197;1;land;false;hills;7
5398;191;239;1;land;true;mountain;7
5399;158;203;1;land;true;plains;7
5400;155;225;1;land;false;hills;7
5401;128;193;1;land;false;hills;7
5402;176;204;1;land;false;forest;7
5403;186;241;1;land;true;plains;7
5404;137;140;1;land;false;hills;7
5405;125;118;1;land;false;plains;7
5406;176;111;1;land;false;hills;7
5407;107;114;1;land;false;mountain;7
5408;164;91;1;land;false;hills;7
5409;155;140;1;land;false;plains;7
5410;172;145;1;land;false;plains;7
5411;160;66;1;land;false;hills;7
5412;72;219;1;land;false;plains;7
5413;73;228;1;land;true;hills;7
5414;87;240;1;land;true;plains;7
5415;47;225;1;land;false;hills;7
5416;84;207;1;land;true;mountain;7
5417;112;147;1;land;true;plains;7
5418;69;138;1;land;true;mountain;7
5419;103;117;1;land;false;desert;7
5420;166;124;1;land;false;desert;7
5421;99;145;1;land;false;plains;7
5422;149;134;1;land;false;desert;7
5423;126;120;1;land;false;desert;7
5424;148;141;1;land;false;desert;7
5425;133;157;1;land;false;desert;7
5426;125;109;1;land;false;plains;7
5427;135;136;1;land;false;desert;7
5428;178;130;1;land;false;desert;7
5429;127;141;1;land;false;hills;7
5430;125;166;1;land;false;desert;7
5431;129;91;1;land;true;desert;7
5432;118;139;1;land;false;hills;7
5433;131;136;1;land;true;hills;7
5434;140;89;1;land;false;desert;7
5435;100;131;1;land;false;desert;7
5436;167;149;1;land;false;desert;7
5437;170;104;1;land;false;desert;7
5438;145;111;1;land;false;plains;7
5439;171;129;1;land;false;desert;7
5440;133;18;1;land;true;hills;7
5441;145;47;1;land;true;hills;7
5442;97;6;1;land;false;hills;7
5443;158;26;1;land;true;hills;7
5444;92;14;1;land;false;hills;7
5445;129;1;1;land;true;hills;7
5446;81;36;1;land;true;hills;7
5447;77;191;1;land;false;plains;7
5448;49;177;1;land;false;plains;7
5449;47;172;1;land;false;plains;7
5450;63;143;1;land;false;plains;7
5451;58;175;1;land;false;plains;7
5452;151;151;1;land;false;desert;7
5453;175;100;1;land;true;plains;7
5454;173;86;1;land;false;desert;7
5455;221;103;1;land;false;desert;7
5456;188;101;1;land;false;plains;7
5457;216;134;1;land;false;desert;7
5458;190;136;1;land;true;desert;7
5459;210;129;1;land;true;hills;7
5460;219;126;1;land;true;hills;7
5461;149;107;1;land;true;hills;7
5462;217;156;1;land;false;plains;7
5463;152;97;1;land;false;plains;7
5464;207;129;1;land;false;desert;7
5465;158;119;1;land;false;desert;7
5466;147;101;1;land;false;desert;7
5467;154;115;1;land;true;hills;7
5468;205;139;1;land;false;desert;7
5469;205;122;1;land;true;hills;7
5470;208;107;1;land;false;desert;7
5471;117;98;1;land;true;mountain;7
5472;66;120;1;land;false;hills;7
5473;105;97;1;land;false;mountain;7
5474;95;127;1;land;false;hills;7
5475;85;126;1;land;false;plains;7
5476;134;118;1;land;false;hills;7
5477;72;102;1;land;true;mountain;7
5478;86;85;1;land;false;hills;7
5479;77;132;1;land;true;mountain;7
5480;86;112;1;land;false;plains;7
5481;124;87;1;land;false;mountain;7
5482;72;134;1;land;true;mountain;7
5483;91;149;1;land;false;hills;7
5484;96;146;1;land;false;hills;7
5485;134;87;1;land;true;plains;7
5486;69;109;1;land;false;mountain;7
5487;90;95;1;land;true;mountain;7
5488;122;151;1;land;true;mountain;7
5489;78;121;1;land;false;plains;7
5490;103;142;1;land;false;mountain;7
5491;84;9;1;land;false;plains;7
5492;43;5;1;land;false;plains;7
5493;68;13;1;land;false;plains;7
5494;46;27;1;land;false;plains;7
5495;113;34;1;land;false;plains;7
5496;86;30;1;land;false;plains;7
5497;252;111;1;land;false;mountain;7
5498;250;202;1;land;false;plains;7
5499;243;253;1;land;false;plains;7
5500;191;240;1;land;false;plains;7
5501;185;251;1;land;false;hills;7
5502;172;242;1;land;false;hills;7
5503;239;213;1;land;false;desert;7
5504;203;231;1;land;false;plains;7
5505;189;184;1;land;true;mountain;7
5506;200;201;1;land;false;plains;7
5507;221;182;1;land;false;desert;7
5508;199;225;1;land;false;plains;7
5509;161;73;1;land;false;hills;7
5510;146;147;1;land;false;hills;7
5511;168;111;1;land;false;mountain;7
5512;108;202;1;land;false;mountain;7
5513;157;194;1;land;false;mountain;7
5514;120;176;1;land;false;hills;7
5515;89;169;1;land;false;plains;7
5516;130;239;1;land;false;plains;7
5517;77;221;1;land;false;plains;7
5518;97;164;1;land;false;plains;7
5519;81;209;1;land;false;hills;7
5520;99;187;1;land;false;hills;7
5521;104;230;1;land;false;plains;7
5522;145;188;1;land;false;hills;7
5523;94;232;1;land;false;plains;7
5524;71;188;1;land;false;plains;7
5525;130;211;1;land;false;plains;7
5526;147;165;1;land;false;hills;7
5527;85;222;1;land;false;plains;7
5528;103;233;1;land;false;plains;7
5529;82;176;1;land;false;plains;7
5530;103;243;1;land;false;plains;7
5531;107;213;1;land;false;plains;7
5532;94;241;1;land;false;plains;7
5533;74;100;1;land;false;mountain;7
5534;26;243;1;land;false;hills;7
5535;4;225;1;land;true;plains;7
5536;45;199;1;land;true;hills;7
5537;31;215;1;land;false;hills;7
5538;6;251;1;land;true;mountain;7
5539;211;54;1;land;false;hills;7
5540;199;69;1;land;false;hills;7
5541;210;81;1;land;false;plains;7
5542;184;35;1;land;false;mountain;7
5543;128;69;1;land;false;hills;7
5544;103;69;1;land;false;plains;7
5545;69;95;1;land;false;plains;7
5546;86;126;1;land;false;hills;7
5547;66;116;1;land;false;plains;7
5548;78;88;1;land;false;hills;7
5549;73;110;1;land;false;hills;7
5550;78;116;1;land;false;plains;7
5551;63;102;1;land;false;plains;7
5552;65;72;1;land;false;plains;7
5553;34;169;1;land;false;plains;7
5554;43;167;1;land;false;plains;7
5555;87;197;1;land;false;hills;7
5556;52;170;1;land;false;plains;7
5557;64;159;1;land;false;plains;7
5558;107;224;1;land;false;plains;7
5559;40;227;1;land;false;plains;7
5560;198;83;1;land;false;hills;7
5561;247;10;1;land;false;mountain;7
5562;242;80;1;land;false;mountain;7
5563;249;13;1;land;false;hills;7
5564;186;53;1;land;false;hills;7
5565;217;50;1;land;false;hills;7
5566;202;63;1;land;false;mountain;7
5567;195;76;1;land;false;hills;7
5568;227;57;1;land;false;hills;7
5569;210;31;1;land;false;hills;7
5570;225;78;1;land;false;hills;7
5571;164;144;1;land;false;plains;7
5572;176;183;1;land;false;plains;7
5573;169;181;1;land;false;hills;7
5574;120;64;1;land;true;forest;7
5575;99;75;1;land;true;plains;7
5576;125;23;1;land;false;mountain;7
5577;111;52;1;land;false;mountain;7
5578;120;45;1;land;true;hills;7
5579;116;2;1;land;false;mountain;7
5580;105;33;1;land;false;mountain;7
5581;118;153;1;land;false;hills;7
5582;103;180;1;land;false;hills;7
5583;108;169;1;land;false;mountain;7
5584;107;147;1;land;false;plains;7
5585;134;160;1;land;false;hills;7
5586;84;165;1;land;false;hills;7
5587;94;176;1;land;false;plains;7
5588;155;183;1;land;false;plains;7
5589;150;156;1;land;false;mountain;7
5590;106;186;1;land;false;mountain;7
5591;125;201;1;land;false;mountain;7
5592;92;201;1;land;false;plains;7
5593;140;150;1;land;false;hills;7
5594;123;184;1;land;false;hills;7
5595;88;179;1;land;false;mountain;7
5596;107;209;1;land;false;mountain;7
5597;113;219;1;land;false;hills;7
5598;223;119;1;land;false;forest;7
5599;249;155;1;land;false;forest;7
5600;229;141;1;land;false;hills;7
5601;240;137;1;land;false;forest;7
5602;247;180;1;land;false;hills;7
5603;166;35;1;land;false;plains;7
5604;170;67;1;land;false;plains;7
5605;168;66;1;land;false;plains;7
5606;154;35;1;land;false;plains;7
5607;160;163;1;land;true;plains;7
5608;201;103;1;land;false;plains;7
5609;195;115;1;land;true;mountain;7
5610;146;100;1;land;false;hills;7
5611;200;123;1;land;true;mountain;7
5612;187;97;1;land;false;hills;7
5613;196;112;1;land;true;forest;7
5614;133;156;1;land;false;plains;7
5615;138;133;1;land;true;forest;7
5616;140;114;1;land;true;plains;7
5617;176;110;1;land;false;plains;7
5618;146;166;1;land;true;plains;7
5619;128;107;1;land;false;hills;7
5620;192;171;1;land;true;plains;7
5621;180;114;1;land;true;forest;7
5622;142;171;1;land;false;hills;7
5623;159;99;1;land;false;hills;7
5624;129;103;1;land;false;mountain;7
5625;142;130;1;land;false;hills;7
5626;163;144;1;land;false;hills;7
5627;155;173;1;land;false;mountain;7
5628;152;113;1;land;true;plains;7
5629;134;105;1;land;false;mountain;7
5630;156;128;1;land;false;mountain;7
5631;196;220;1;land;false;forest;7
5632;203;184;1;land;false;forest;7
5633;182;207;1;land;false;hills;7
5634;186;176;1;land;false;forest;7
5635;226;177;1;land;false;forest;7
5636;225;190;1;land;false;forest;7
5637;216;210;1;land;false;forest;7
5638;224;204;1;land;false;forest;7
5639;205;226;1;land;false;hills;7
5640;225;244;1;land;false;forest;7
5641;224;180;1;land;false;forest;7
5642;219;190;1;land;false;forest;7
5643;180;209;1;land;false;hills;7
5644;203;216;1;land;false;hills;7
5645;220;177;1;land;false;hills;7
5646;233;198;1;land;false;hills;7
5647;196;247;1;land;false;forest;7
5648;165;201;1;land;false;forest;7
5649;179;182;1;land;false;forest;7
5650;174;177;1;land;false;hills;7
5651;73;77;1;land;false;plains;7
5652;105;106;1;land;true;hills;7
5653;106;114;1;land;false;plains;7
5654;129;65;1;land;false;plains;7
5655;125;122;1;land;false;plains;7
5656;135;120;1;land;true;hills;7
5657;98;79;1;land;false;hills;7
5658;91;68;1;land;true;plains;7
5659;133;72;1;land;true;hills;7
5660;75;111;1;land;false;plains;7
5661;80;106;1;land;false;plains;7
5662;83;63;1;land;true;hills;7
5663;67;59;1;land;false;plains;7
5664;81;86;1;land;false;plains;7
5665;122;108;1;land;false;plains;7
5666;61;64;1;land;false;hills;7
5667;105;63;1;land;false;plains;7
5668;91;62;1;land;false;plains;7
5669;6;31;1;land;false;forest;7
5670;44;11;1;land;false;forest;7
5671;31;23;1;land;false;forest;7
5672;24;0;1;land;false;hills;7
5673;55;12;1;land;false;forest;7
5674;23;9;1;land;false;forest;7
5675;27;5;1;land;false;forest;7
5676;46;3;1;land;false;hills;7
5677;54;36;1;land;false;forest;7
5678;19;14;1;land;false;forest;7
5679;171;139;1;land;false;plains;7
5680;174;182;1;land;true;plains;7
5681;176;156;1;land;false;plains;7
5682;230;132;1;land;true;plains;7
5683;200;135;1;land;true;hills;7
5684;200;115;1;land;false;plains;7
5685;221;143;1;land;true;hills;7
5686;175;129;1;land;true;plains;7
5687;180;181;1;land;true;hills;7
5688;244;177;1;land;false;plains;7
5689;207;173;1;land;false;plains;7
5690;212;179;1;land;false;plains;7
5691;235;177;1;land;false;forest;7
5692;196;33;1;land;false;plains;7
5693;198;52;1;land;false;hills;7
5694;211;33;1;land;false;plains;7
5695;168;39;1;land;false;plains;7
5696;192;49;1;land;false;hills;7
5697;158;11;1;land;false;mountain;7
5698;157;41;1;land;false;plains;7
5699;206;10;1;land;false;plains;7
5700;167;52;1;land;false;hills;7
5701;157;30;1;land;false;plains;7
5702;228;30;1;land;false;plains;7
5703;210;75;1;land;false;plains;7
5704;204;46;1;land;false;hills;7
5705;187;11;1;land;false;hills;7
5706;217;68;1;land;false;plains;7
5707;68;222;1;land;false;hills;7
5708;80;217;1;land;false;hills;7
5709;28;225;1;land;false;hills;7
5710;67;238;1;land;false;hills;7
5711;77;240;1;land;false;hills;7
5712;89;222;1;land;false;hills;7
5713;53;230;1;land;false;hills;7
5714;75;251;1;land;false;hills;7
5715;55;228;1;land;false;hills;7
5716;77;223;1;land;false;hills;7
5717;102;216;1;land;false;hills;7
5718;215;169;1;land;false;plains;7
5719;220;113;1;land;false;plains;7
5720;225;109;1;land;false;plains;7
5721;251;127;1;land;false;plains;7
5722;235;251;1;land;false;hills;7
5723;220;219;1;land;false;mountain;7
5724;247;239;1;land;true;mountain;7
5725;182;223;1;land;false;forest;7
5726;217;206;1;land;false;forest;7
5727;240;232;1;land;true;mountain;7
5728;217;232;1;land;true;desert;7
5729;188;223;1;land;false;hills;7
5730;207;228;1;land;false;hills;7
5731;238;241;1;land;true;plains;7
5732;215;222;1;land;false;hills;7
5733;187;218;1;land;true;forest;7
5734;204;254;1;land;true;hills;7
5735;224;227;1;land;true;mountain;7
5736;215;234;1;land;false;hills;7
5737;237;231;1;land;true;mountain;7
5738;227;238;1;land;false;hills;7
5739;205;232;1;land;false;hills;7
5740;253;251;1;land;true;plains;7
5741;239;246;1;land;true;plains;7
5742;229;217;1;land;false;mountain;7
5743;232;250;1;land;true;mountain;7
5744;195;251;1;land;true;mountain;7
5745;236;248;1;land;true;mountain;7
5746;190;248;1;land;false;plains;7
5747;138;161;1;land;true;plains;7
5748;185;157;1;land;false;hills;7
5749;144;130;1;land;true;hills;7
5750;120;121;1;land;false;mountain;7
5751;141;138;1;land;false;hills;7
5752;144;165;1;land;false;mountain;7
5753;126;124;1;land;false;plains;7
5754;140;125;1;land;true;mountain;7
5755;177;97;1;land;true;plains;7
5756;165;100;1;land;false;hills;7
5757;168;163;1;land;false;plains;7
5758;168;115;1;land;true;plains;7
5759;116;36;1;land;false;plains;7
5760;158;3;1;land;false;hills;7
5761;138;42;1;land;false;plains;7
5762;128;30;1;land;false;plains;7
5763;145;56;1;land;false;hills;7
5764;144;10;1;land;false;hills;7
5765;143;23;1;land;false;plains;7
5766;126;28;1;land;false;hills;7
5767;134;42;1;land;false;plains;7
5768;114;55;1;land;false;plains;7
5769;133;54;1;land;false;plains;7
5770;110;11;1;land;false;plains;7
5771;150;11;1;land;false;hills;7
5772;57;93;1;land;false;hills;7
5773;31;76;1;land;true;hills;7
5774;11;250;1;land;false;plains;7
5775;204;152;1;land;false;plains;7
5776;180;96;1;land;false;forest;7
5777;231;120;1;land;false;hills;7
5778;239;124;1;land;false;hills;7
5779;232;165;1;land;false;plains;7
5780;211;126;1;land;true;hills;7
5781;188;97;1;land;false;hills;7
5782;225;157;1;land;false;forest;7
5783;204;98;1;land;true;plains;7
5784;179;162;1;land;false;plains;7
5785;221;137;1;land;false;forest;7
5786;207;105;1;land;false;plains;7
5787;196;221;1;land;false;hills;7
5788;164;247;1;land;false;hills;7
5789;61;76;1;land;true;plains;7
5790;47;93;1;land;true;mountain;7
5791;96;118;1;land;false;mountain;7
5792;118;65;1;land;true;plains;7
5793;237;192;1;land;false;plains;7
5794;244;244;1;land;false;plains;7
5795;239;227;1;land;false;plains;7
5796;207;240;1;land;false;plains;7
5797;201;243;1;land;false;plains;7
5798;249;185;1;land;false;plains;7
5799;122;14;1;land;false;mountain;7
5800;92;39;1;land;false;mountain;7
5801;137;190;1;land;true;plains;7
5802;87;150;1;land;true;hills;7
5803;33;234;1;land;false;mountain;7
5804;40;239;1;land;false;hills;7
5805;95;217;1;land;false;plains;7
5806;66;224;1;land;false;plains;7
5807;39;220;1;land;false;plains;7
5808;79;243;1;land;false;hills;7
5809;36;236;1;land;false;plains;7
5810;94;252;1;land;false;hills;7
5811;37;234;1;land;false;desert;7
5812;23;223;1;land;false;plains;7
5813;44;225;1;land;false;plains;7
5814;96;215;1;land;false;hills;7
5815;59;244;1;land;false;hills;7
5816;93;240;1;land;false;hills;7
5817;82;230;1;land;false;hills;7
5818;8;117;1;land;false;plains;7
5819;64;123;1;land;false;plains;7
5820;64;67;1;land;false;hills;7
5821;42;88;1;land;false;plains;7
5822;16;110;1;land;false;plains;7
5823;70;111;1;land;false;plains;7
5824;74;99;1;land;false;plains;7
5825;11;79;1;land;false;hills;7
5826;30;78;1;land;false;plains;7
5827;27;92;1;land;false;hills;7
5828;200;103;1;land;false;plains;7
5829;205;99;1;land;false;plains;7
5830;232;119;1;land;false;plains;7
5831;177;145;1;land;false;plains;7
5832;98;208;1;land;false;forest;7
5833;114;201;1;land;false;hills;7
5834;141;162;1;land;false;hills;7
5835;88;200;1;land;false;hills;7
5836;100;230;1;land;false;hills;7
5837;98;177;1;land;false;hills;7
5838;119;218;1;land;false;mountain;7
5839;90;172;1;land;false;mountain;7
5840;83;162;1;land;false;forest;7
5841;83;236;1;land;false;mountain;7
5842;103;238;1;land;false;hills;7
5843;68;189;1;land;false;jungle;7
5844;124;178;1;land;false;hills;7
5845;78;210;1;land;false;hills;7
5846;69;180;1;land;false;forest;7
5847;118;225;1;land;false;hills;7
5848;131;174;1;land;false;hills;7
5849;96;209;1;land;false;mountain;7
5850;128;183;1;land;false;forest;7
5851;97;238;1;land;false;forest;7
5852;138;189;1;land;false;hills;7
5853;68;165;1;land;false;forest;7
5854;75;239;1;land;false;hills;7
5855;131;168;1;land;false;jungle;7
5856;141;233;1;land;false;forest;7
5857;107;170;1;land;false;mountain;7
5858;84;206;1;land;false;forest;7
5859;102;178;1;land;false;forest;7
5860;105;233;1;land;false;mountain;7
5861;117;234;1;land;false;hills;7
5862;123;189;1;land;false;forest;7
5863;124;225;1;land;false;hills;7
5864;124;211;1;land;false;mountain;7
5865;101;186;1;land;false;hills;7
5866;134;189;1;land;false;mountain;7
5867;66;225;1;land;false;jungle;7
5868;119;216;1;land;false;hills;7
5869;139;235;1;land;false;hills;7
5870;130;229;1;land;false;mountain;7
5871;81;217;1;land;false;jungle;7
5872;106;203;1;land;false;mountain;7
5873;107;190;1;land;false;forest;7
5874;80;185;1;land;false;mountain;7
5875;84;170;1;land;false;hills;7
5876;125;236;1;land;false;forest;7
5877;119;186;1;land;false;forest;7
5878;72;215;1;land;false;jungle;7
5879;90;210;1;land;false;forest;7
5880;133;209;1;land;false;hills;7
5881;116;127;1;land;false;hills;7
5882;123;63;1;land;false;hills;7
5883;123;56;1;land;false;hills;7
5884;49;126;1;land;false;hills;7
5885;73;60;1;land;false;hills;7
5886;98;59;1;land;false;hills;7
5887;60;116;1;land;false;hills;7
5888;62;54;1;land;false;hills;7
5889;103;119;1;land;false;hills;7
5890;70;97;1;land;false;hills;7
5891;90;52;1;land;false;hills;7
5892;79;115;1;land;false;hills;7
5893;88;107;1;land;false;hills;7
5894;93;101;1;land;false;hills;7
5895;72;56;1;land;false;hills;7
5896;102;100;1;land;false;hills;7
5897;48;209;1;land;false;plains;7
5898;24;245;1;land;false;plains;7
5899;13;231;1;land;false;plains;7
5900;33;241;1;land;false;hills;7
5901;242;60;1;land;true;plains;7
5902;252;42;1;land;true;plains;7
5903;246;87;1;land;false;plains;7
5904;239;70;1;land;false;hills;7
5905;226;91;1;land;true;plains;7
5906;214;118;1;land;true;plains;7
5907;234;116;1;land;true;mountain;7
5908;232;70;1;land;false;hills;7
5909;219;102;1;land;false;hills;7
5910;190;197;1;land;false;hills;7
5911;155;220;1;land;false;plains;7
5912;148;225;1;land;false;plains;7
5913;156;202;1;land;false;plains;7
5914;115;62;1;land;true;plains;7
5915;178;129;1;land;false;plains;7
5916;183;163;1;land;false;plains;7
5917;168;180;1;land;false;plains;7
5918;203;133;1;land;false;plains;7
5919;234;175;1;land;false;plains;7
5920;167;116;1;land;false;plains;7
5921;207;106;1;land;false;plains;7
5922;167;151;1;land;false;plains;7
5923;220;117;1;land;false;plains;7
5924;198;183;1;land;false;plains;7
5925;202;143;1;land;false;plains;7
5926;203;163;1;land;false;plains;7
5927;190;147;1;land;false;plains;7
5928;173;107;1;land;false;plains;7
5929;228;108;1;land;false;plains;7
5930;210;114;1;land;false;plains;7
5931;188;24;1;land;false;hills;7
5932;210;20;1;land;false;desert;7
5933;209;29;1;land;false;desert;7
5934;138;28;1;land;true;plains;7
5935;164;25;1;land;false;hills;7
5936;142;21;1;land;false;hills;7
5937;203;16;1;land;false;hills;7
5938;174;30;1;land;true;mountain;7
5939;207;2;1;land;true;hills;7
5940;228;56;1;land;false;hills;7
5941;167;72;1;land;true;plains;7
5942;178;53;1;land;false;plains;7
5943;202;65;1;land;false;hills;7
5944;211;32;1;land;false;plains;7
5945;157;11;1;land;true;plains;7
5946;208;7;1;land;false;plains;7
5947;198;27;1;land;true;plains;7
5948;163;61;1;land;false;plains;7
5949;215;45;1;land;false;plains;7
5950;222;71;1;land;true;hills;7
5951;76;132;1;land;false;jungle;7
5952;86;163;1;land;false;forest;7
5953;106;134;1;land;false;hills;7
5954;76;101;1;land;false;forest;7
5955;112;118;1;land;false;hills;7
5956;105;121;1;land;false;hills;7
5957;60;110;1;land;false;forest;7
5958;58;124;1;land;false;hills;7
5959;59;152;1;land;false;hills;7
5960;45;97;1;land;false;forest;7
5961;83;112;1;land;false;forest;7
5962;103;154;1;land;false;hills;7
5963;112;148;1;land;false;forest;7
5964;35;97;1;land;false;hills;7
5965;100;111;1;land;false;forest;7
5966;90;144;1;land;false;hills;7
5967;104;123;1;land;false;forest;7
5968;58;132;1;land;false;forest;7
5969;81;21;1;land;true;forest;7
5970;93;25;1;land;true;hills;7
5971;68;17;1;land;true;hills;7
5972;123;32;1;land;true;hills;7
5973;72;57;1;land;false;forest;7
5974;82;51;1;land;true;hills;7
5975;83;12;1;land;true;forest;7
5976;107;95;1;land;false;plains;7
5977;126;152;1;land;false;hills;7
5978;84;110;1;land;false;plains;7
5979;125;83;1;land;false;plains;7
5980;85;123;1;land;false;plains;7
5981;92;111;1;land;false;mountain;7
5982;108;91;1;land;false;hills;7
5983;117;85;1;land;false;plains;7
5984;157;135;1;land;false;plains;7
5985;151;96;1;land;false;hills;7
5986;93;146;1;land;false;plains;7
5987;84;130;1;land;false;plains;7
5988;104;149;1;land;false;plains;7
5989;117;108;1;land;false;hills;7
5990;46;144;1;land;false;hills;7
5991;9;129;1;land;false;hills;7
5992;21;91;1;land;false;hills;7
5993;132;67;1;land;true;hills;7
5994;157;70;1;land;false;plains;7
5995;131;59;1;land;false;plains;7
5996;176;39;1;land;false;plains;7
5997;141;57;1;land;true;plains;7
5998;180;105;1;land;false;plains;7
5999;161;40;1;land;true;plains;7
6000;180;35;1;land;false;plains;7
6001;198;59;1;land;false;plains;7
6002;169;68;1;land;false;plains;7
6003;178;97;1;land;false;plains;7
6004;108;212;1;land;false;hills;7
6005;59;163;1;land;false;hills;7
6006;93;219;1;land;false;mountain;7
6007;88;194;1;land;false;hills;7
6008;59;186;1;land;false;hills;7
6009;38;145;1;land;false;mountain;7
6010;102;187;1;land;false;hills;7
6011;99;207;1;land;false;mountain;7
6012;89;208;1;land;false;mountain;7
6013;34;223;1;land;false;desert;7
6014;73;194;1;land;false;mountain;7
6015;102;197;1;land;false;hills;7
6016;96;147;1;land;false;hills;7
6017;31;213;1;land;false;hills;7
6018;98;193;1;land;false;hills;7
6019;78;170;1;land;false;hills;7
6020;66;152;1;land;false;plains;7
6021;97;207;1;land;false;hills;7
6022;90;148;1;land;false;plains;7
6023;99;160;1;land;false;hills;7
6024;110;210;1;land;false;mountain;7
6025;69;153;1;land;false;desert;7
6026;82;207;1;land;false;desert;7
6027;69;183;1;land;false;hills;7
6028;225;58;1;land;false;mountain;7
6029;206;34;1;land;true;hills;7
6030;190;61;1;land;false;hills;7
6031;250;57;1;land;false;plains;7
6032;221;60;1;land;true;plains;7
6033;204;38;1;land;false;hills;7
6034;182;91;1;land;false;hills;7
6035;247;56;1;land;false;hills;7
6036;133;201;1;land;false;plains;7
6037;167;127;1;land;false;plains;7
6038;200;100;1;land;false;hills;7
6039;202;170;1;land;false;plains;7
6040;164;155;1;land;false;hills;7
6041;147;132;1;land;false;plains;7
6042;210;154;1;land;false;hills;7
6043;210;163;1;land;false;plains;7
6044;176;116;1;land;false;plains;7
6045;151;100;1;land;false;plains;7
6046;167;103;1;land;false;plains;7
6047;138;172;1;land;false;plains;7
6048;181;145;1;land;false;plains;7
6049;142;121;1;land;false;plains;7
6050;174;143;1;land;false;hills;7
6051;140;120;1;land;false;plains;7
6052;178;159;1;land;false;plains;7
6053;180;148;1;land;false;plains;7
6054;183;151;1;land;false;plains;7
6055;180;111;1;land;false;plains;7
6056;207;157;1;land;false;plains;7
6057;210;130;1;land;false;hills;7
6058;201;162;1;land;false;plains;7
6059;196;94;1;land;false;plains;7
6060;60;55;1;land;false;plains;7
6061;78;42;1;land;false;hills;7
6062;93;30;1;land;false;plains;7
6063;78;3;1;land;false;plains;7
6064;49;9;1;land;false;plains;7
6065;67;45;1;land;false;plains;7
6066;52;52;1;land;false;hills;7
6067;97;18;1;land;false;plains;7
6068;30;1;1;land;false;hills;7
6069;65;51;1;land;false;plains;7
6070;29;32;1;land;false;plains;7
6071;40;12;1;land;false;plains;7
6072;36;40;1;land;true;hills;7
6073;90;3;1;land;false;plains;7
6074;54;16;1;land;false;plains;7
6075;57;55;1;land;false;hills;7
6076;41;8;1;land;true;hills;7
6077;31;3;1;land;false;hills;7
6078;46;18;1;land;false;plains;7
6079;35;32;1;land;true;plains;7
6080;75;3;1;land;false;plains;7
6081;62;17;1;land;false;plains;7
6082;40;36;1;land;false;plains;7
6083;55;30;1;land;false;plains;7
6084;55;31;1;land;true;plains;7
6085;52;13;1;land;false;plains;7
6086;33;34;1;land;false;plains;7
6087;39;14;1;land;false;plains;7
6088;96;1;1;land;false;hills;7
6089;81;20;1;land;false;plains;7
6090;93;44;1;land;false;plains;7
6091;78;18;1;land;false;plains;7
6092;79;18;1;land;false;hills;7
6093;48;43;1;land;false;hills;7
6094;27;31;1;land;true;plains;7
6095;33;12;1;land;false;plains;7
6096;60;57;1;land;false;forest;7
6097;73;57;1;land;false;forest;7
6098;122;65;1;land;false;forest;7
6099;106;126;1;land;false;forest;7
6100;129;83;1;land;false;hills;7
6101;87;121;1;land;false;forest;7
6102;103;116;1;land;false;forest;7
6103;112;71;1;land;false;hills;7
6104;114;125;1;land;false;plains;7
6105;113;81;1;land;false;forest;7
6106;101;104;1;land;false;forest;7
6107;95;89;1;land;false;plains;7
6108;227;208;1;land;true;desert;7
6109;223;206;1;land;true;hills;7
6110;254;222;1;land;false;plains;7
6111;223;192;1;land;false;desert;7
6112;216;204;1;land;false;desert;7
6113;239;206;1;land;false;desert;7
6114;254;186;1;land;false;hills;7
6115;206;188;1;land;false;hills;7
6116;225;143;1;land;false;hills;7
6117;220;186;1;land;true;mountain;7
6118;242;190;1;land;false;desert;7
6119;244;164;1;land;false;desert;7
6120;234;187;1;land;false;plains;7
6121;148;219;1;land;false;plains;7
6122;118;229;1;land;false;plains;7
6123;152;244;1;land;false;hills;7
6124;111;216;1;land;false;hills;7
6125;147;217;1;land;false;plains;7
6126;150;199;1;land;false;plains;7
6127;137;209;1;land;false;plains;7
6128;185;222;1;land;false;plains;7
6129;165;234;1;land;false;hills;7
6130;160;184;1;land;false;plains;7
6131;119;246;1;land;true;mountain;7
6132;119;232;1;land;false;plains;7
6133;162;200;1;land;false;plains;7
6134;124;226;1;land;true;plains;7
6135;121;218;1;land;false;hills;7
6136;145;233;1;land;false;plains;7
6137;163;243;1;land;false;plains;7
6138;132;232;1;land;false;plains;7
6139;176;210;1;land;false;mountain;7
6140;146;187;1;land;false;plains;7
6141;116;74;1;land;false;desert;7
6142;112;76;1;land;false;desert;7
6143;106;7;1;land;false;plains;7
6144;179;64;1;land;false;plains;7
6145;145;11;1;land;false;plains;7
6146;166;49;1;land;false;plains;7
6147;166;74;1;land;false;plains;7
6148;117;16;1;land;false;plains;7
6149;108;66;1;land;false;plains;7
6150;115;0;1;land;false;plains;7
6151;126;41;1;land;false;plains;7
6152;172;66;1;land;false;plains;7
6153;136;7;1;land;false;plains;7
6154;117;10;1;land;false;desert;7
6155;172;60;1;land;false;plains;7
6156;45;142;1;land;false;hills;7
6157;66;208;1;land;false;forest;7
6158;45;148;1;land;false;forest;7
6159;28;143;1;land;false;forest;7
6160;24;194;1;land;false;hills;7
6161;19;158;1;land;false;hills;7
6162;10;192;1;land;false;forest;7
6163;12;210;1;land;false;forest;7
6164;63;138;1;land;false;forest;7
6165;66;154;1;land;false;hills;7
6166;45;208;1;land;false;hills;7
6167;32;101;1;land;false;hills;7
6168;61;75;1;land;false;hills;7
6169;65;103;1;land;false;hills;7
6170;66;54;1;land;false;hills;7
6171;177;167;1;land;false;mountain;7
6172;215;179;1;land;false;hills;7
6173;191;193;1;land;false;plains;7
6174;193;132;1;land;false;hills;7
6175;167;163;1;land;false;plains;7
6176;156;167;1;land;false;plains;7
6177;161;172;1;land;false;hills;7
6178;229;164;1;land;false;plains;7
6179;221;167;1;land;false;hills;7
6180;199;202;1;land;false;desert;7
6181;179;144;1;land;false;hills;7
6182;234;199;1;land;false;hills;7
6183;208;131;1;land;false;hills;7
6184;165;136;1;land;false;hills;7
6185;166;204;1;land;false;hills;7
6186;169;139;1;land;false;hills;7
6187;146;128;1;land;false;hills;7
6188;175;196;1;land;false;hills;7
6189;192;154;1;land;false;hills;7
6190;218;181;1;land;false;hills;7
6191;158;149;1;land;false;hills;7
6192;233;156;1;land;false;plains;7
6193;231;153;1;land;false;plains;7
6194;244;174;1;land;false;plains;7
6195;245;171;1;land;false;plains;7
6196;240;177;1;land;false;plains;7
6197;203;162;1;land;false;hills;7
6198;194;186;1;land;false;plains;7
6199;249;118;1;land;false;plains;7
6200;239;159;1;land;false;plains;7
6201;238;131;1;land;false;plains;7
6202;23;26;1;land;false;plains;7
6203;14;43;1;land;false;plains;7
6204;35;29;1;land;false;plains;7
6205;11;29;1;land;false;plains;7
6206;65;3;1;land;false;hills;7
6207;36;45;1;land;false;plains;7
6208;15;36;1;land;false;hills;7
6209;28;11;1;land;false;plains;7
6210;18;27;1;land;false;plains;7
6211;29;18;1;land;false;hills;7
6212;40;33;1;land;false;plains;7
6213;76;31;1;land;false;plains;7
6214;76;44;1;land;false;hills;7
6215;85;24;1;land;false;hills;7
6216;16;10;1;land;false;plains;7
6217;11;28;1;land;false;plains;7
6218;78;34;1;land;false;plains;7
6219;78;39;1;land;false;hills;7
6220;29;41;1;land;false;plains;7
6221;54;18;1;land;false;plains;7
6222;84;22;1;land;false;hills;7
6223;17;43;1;land;false;hills;7
6224;10;2;1;land;false;plains;7
6225;78;30;1;land;false;plains;7
6226;15;5;1;land;false;hills;7
6227;73;35;1;land;false;plains;7
6228;13;17;1;land;false;plains;7
6229;179;213;1;land;false;hills;7
6230;220;229;1;land;false;plains;7
6231;207;187;1;land;false;hills;7
6232;209;247;1;land;false;forest;7
6233;212;220;1;land;false;plains;7
6234;173;193;1;land;false;plains;7
6235;211;252;1;land;false;plains;7
6236;175;186;1;land;false;hills;7
6237;132;31;1;land;false;hills;7
6238;61;1;1;land;false;desert;7
6239;60;31;1;land;false;plains;7
6240;126;29;1;land;false;plains;7
6241;112;36;1;land;false;desert;7
6242;110;6;1;land;false;hills;7
6243;79;31;1;land;false;plains;7
6244;201;114;1;land;true;mountain;7
6245;244;95;1;land;false;mountain;7
6246;252;92;1;land;false;hills;7
6247;246;121;1;land;false;hills;7
6248;198;107;1;land;false;hills;7
6249;236;57;1;land;false;mountain;7
6250;252;115;1;land;true;plains;7
6251;223;66;1;land;false;hills;7
6252;244;65;1;land;false;hills;7
6253;224;89;1;land;false;hills;7
6254;246;97;1;land;true;hills;7
6255;238;102;1;land;false;forest;7
6256;200;126;1;land;false;plains;7
6257;143;146;1;land;true;hills;7
6258;89;158;1;land;false;hills;7
6259;117;183;1;land;true;plains;7
6260;103;195;1;land;false;hills;7
6261;127;154;1;land;false;hills;7
6262;144;145;1;land;true;mountain;7
6263;147;144;1;land;false;mountain;7
6264;144;213;1;land;false;hills;7
6265;134;170;1;land;true;mountain;7
6266;158;53;1;land;true;hills;7
6267;190;84;1;land;true;jungle;7
6268;172;58;1;land;false;hills;7
6269;155;47;1;land;false;jungle;7
6270;187;91;1;land;true;hills;7
6271;155;54;1;land;true;jungle;7
6272;134;64;1;land;true;jungle;7
6273;131;55;1;land;true;jungle;7
6274;77;5;1;land;true;plains;7
6275;51;34;1;land;true;mountain;7
6276;78;8;1;land;true;mountain;7
6277;52;10;1;land;true;plains;7
6278;193;35;1;land;false;hills;7
6279;178;33;1;land;false;hills;7
6280;234;8;1;land;false;hills;7
6281;230;42;1;land;false;hills;7
6282;217;39;1;land;false;hills;7
6283;111;237;1;land;false;plains;7
6284;130;240;1;land;false;plains;7
6285;94;239;1;land;false;plains;7
6286;56;246;1;land;false;plains;7
6287;98;224;1;land;false;plains;7
6288;128;225;1;land;false;plains;7
6289;92;243;1;land;false;plains;7
6290;64;202;1;land;false;plains;7
6291;70;232;1;land;false;plains;7
6292;114;222;1;land;false;plains;7
6293;63;212;1;land;false;plains;7
6294;104;181;1;land;false;plains;7
6295;56;199;1;land;false;plains;7
6296;78;253;1;land;false;plains;7
6297;82;195;1;land;false;plains;7
6298;44;232;1;land;false;mountain;7
6299;23;236;1;land;false;plains;7
6300;29;253;1;land;false;mountain;7
6301;44;245;1;land;false;hills;7
6302;25;228;1;land;false;plains;7
6303;0;246;1;land;false;hills;7
6304;5;250;1;land;false;hills;7
6305;7;250;1;land;false;hills;7
6306;1;244;1;land;false;hills;7
6307;5;219;1;land;false;plains;7
6308;4;233;1;land;false;hills;7
6309;17;246;1;land;false;hills;7
6310;2;252;1;land;false;hills;7
6311;4;217;1;land;false;hills;7
6312;11;252;1;land;false;hills;7
6313;217;52;1;land;true;forest;7
6314;226;36;1;land;false;hills;7
6315;231;51;1;land;true;hills;7
6316;222;52;1;land;true;mountain;7
6317;238;40;1;land;true;forest;7
6318;234;90;1;land;true;hills;7
6319;254;108;1;land;true;forest;7
6320;249;112;1;land;true;hills;7
6321;254;76;1;land;true;forest;7
6322;220;63;1;land;true;hills;7
6323;220;51;1;land;true;forest;7
6324;195;85;1;land;false;plains;7
6325;195;70;1;land;true;hills;7
6326;164;72;1;land;true;hills;7
6327;187;102;1;land;true;plains;7
6328;42;233;1;land;false;plains;7
6329;17;226;1;land;false;mountain;7
6330;11;168;1;land;false;plains;7
6331;69;224;1;land;false;mountain;7
6332;11;241;1;land;false;hills;7
6333;71;199;1;land;false;hills;7
6334;88;196;1;land;false;hills;7
6335;19;203;1;land;false;plains;7
6336;76;199;1;land;false;hills;7
6337;70;183;1;land;false;plains;7
6338;18;231;1;land;false;mountain;7
6339;27;236;1;land;false;plains;7
6340;57;213;1;land;false;hills;7
6341;39;237;1;land;false;hills;7
6342;33;198;1;land;false;plains;7
6343;67;227;1;land;false;plains;7
6344;140;138;1;land;true;hills;7
6345;170;69;1;land;false;hills;7
6346;125;72;1;land;true;hills;7
6347;156;92;1;land;true;hills;7
6348;130;129;1;land;false;hills;7
6349;182;119;1;land;true;hills;7
6350;58;91;1;land;false;plains;7
6351;81;124;1;land;false;plains;7
6352;35;127;1;land;false;hills;7
6353;105;90;1;land;false;plains;7
6354;34;78;1;land;false;plains;7
6355;56;87;1;land;false;hills;7
6356;31;109;1;land;false;plains;7
6357;98;61;1;land;false;hills;7
6358;30;129;1;land;false;plains;7
6359;29;116;1;land;false;plains;7
6360;82;138;1;land;false;plains;7
6361;98;103;1;land;false;hills;7
6362;50;81;1;land;false;plains;7
6363;172;53;1;land;false;hills;7
6364;185;27;1;land;false;plains;7
6365;167;55;1;land;false;desert;7
6366;176;89;1;land;false;desert;7
6367;211;59;1;land;false;plains;7
6368;202;40;1;land;false;desert;7
6369;221;71;1;land;false;plains;7
6370;225;64;1;land;false;desert;7
6371;183;59;1;land;false;desert;7
6372;172;33;1;land;false;plains;7
6373;224;62;1;land;false;desert;7
6374;95;179;1;land;false;plains;7
6375;79;215;1;land;false;plains;7
6376;86;192;1;land;false;plains;7
6377;105;194;1;land;false;plains;7
6378;51;190;1;land;false;plains;7
6379;79;230;1;land;false;plains;7
6380;111;165;1;land;false;plains;7
6381;53;176;1;land;false;plains;7
6382;53;174;1;land;false;plains;7
6383;86;153;1;land;false;plains;7
6384;97;228;1;land;false;hills;7
6385;117;192;1;land;false;hills;7
6386;68;160;1;land;false;plains;7
6387;53;154;1;land;false;plains;7
6388;74;215;1;land;false;plains;7
6389;46;233;1;land;false;plains;7
6390;86;191;1;land;false;plains;7
6391;93;207;1;land;false;plains;7
6392;228;158;1;land;true;hills;7
6393;254;218;1;land;false;plains;7
6394;169;184;1;land;false;hills;7
6395;145;143;1;land;false;hills;7
6396;107;135;1;land;false;hills;7
6397;158;81;1;land;true;mountain;7
6398;147;26;1;land;false;forest;7
6399;193;50;1;land;true;forest;7
6400;149;16;1;land;false;forest;7
6401;148;24;1;land;true;forest;7
6402;121;44;1;land;false;mountain;7
6403;72;216;1;land;false;hills;7
6404;42;182;1;land;false;hills;7
6405;70;143;1;land;false;hills;7
6406;27;183;1;land;false;hills;7
6407;56;28;1;land;false;plains;7
6408;66;0;1;land;false;hills;7
6409;17;38;1;land;false;plains;7
6410;64;34;1;land;false;hills;7
6411;29;23;1;land;true;plains;7
6412;24;15;1;land;false;plains;7
6413;51;26;1;land;false;hills;7
6414;39;32;1;land;false;hills;7
6415;6;33;1;land;false;hills;7
6416;69;18;1;land;false;plains;7
6417;53;16;1;land;false;plains;7
6418;38;5;1;land;false;hills;7
6419;53;32;1;land;false;hills;7
6420;15;40;1;land;false;desert;7
6421;5;11;1;land;false;hills;7
6422;3;17;1;land;true;plains;7
6423;29;5;1;land;false;plains;7
6424;6;34;1;land;false;plains;7
6425;1;25;1;land;false;hills;7
6426;62;38;1;land;true;hills;7
6427;24;22;1;land;false;plains;7
6428;74;19;1;land;false;desert;7
6429;30;3;1;land;false;plains;7
6430;27;20;1;land;false;plains;7
6431;57;21;1;land;false;hills;7
6432;175;154;1;land;false;plains;7
6433;194;109;1;land;false;hills;7
6434;191;177;1;land;false;hills;7
6435;206;149;1;land;false;hills;7
6436;183;99;1;land;false;forest;7
6437;201;133;1;land;false;hills;7
6438;215;158;1;land;false;hills;7
6439;157;176;1;land;false;hills;7
6440;240;203;1;land;false;plains;7
6441;190;182;1;land;false;plains;7
6442;189;209;1;land;false;plains;7
6443;252;245;1;land;false;plains;7
6444;203;246;1;land;false;plains;7
6445;198;194;1;land;false;plains;7
6446;246;247;1;land;false;plains;7
6447;221;180;1;land;false;plains;7
6448;192;223;1;land;false;plains;7
6449;220;207;1;land;false;plains;7
6450;236;202;1;land;false;mountain;7
6451;202;248;1;land;false;plains;7
6452;189;217;1;land;false;plains;7
6453;197;216;1;land;false;mountain;7
6454;191;212;1;land;false;hills;7
6455;249;203;1;land;false;plains;7
6456;239;189;1;land;false;plains;7
6457;243;184;1;land;false;plains;7
6458;200;180;1;land;false;plains;7
6459;224;226;1;land;false;plains;7
6460;254;206;1;land;false;plains;7
6461;149;76;1;land;false;plains;7
6462;80;75;1;land;false;hills;7
6463;132;91;1;land;false;hills;7
6464;122;43;1;land;false;plains;7
6465;91;21;1;land;false;plains;7
6466;132;54;1;land;false;hills;7
6467;124;58;1;land;false;hills;7
6468;102;66;1;land;false;plains;7
6469;139;238;1;land;false;plains;7
6470;134;183;1;land;false;plains;7
6471;177;180;1;land;false;plains;7
6472;169;222;1;land;false;plains;7
6473;125;220;1;land;false;plains;7
6474;164;192;1;land;false;plains;7
6475;168;195;1;land;false;hills;7
6476;126;244;1;land;false;plains;7
6477;176;209;1;land;false;plains;7
6478;103;190;1;land;false;plains;7
6479;116;233;1;land;false;plains;7
6480;44;120;1;land;false;plains;7
6481;10;63;1;land;false;plains;7
6482;18;75;1;land;false;plains;7
6483;19;120;1;land;false;hills;7
6484;33;90;1;land;false;hills;7
6485;46;116;1;land;false;hills;7
6486;30;123;1;land;false;plains;7
6487;21;204;1;land;false;plains;7
6488;51;197;1;land;false;hills;7
6489;42;161;1;land;false;plains;7
6490;6;127;1;land;false;plains;7
6491;19;172;1;land;false;mountain;7
6492;39;145;1;land;false;hills;7
6493;51;205;1;land;false;hills;7
6494;9;169;1;land;false;desert;7
6495;27;147;1;land;false;plains;7
6496;37;190;1;land;false;hills;7
6497;22;146;1;land;false;plains;7
6498;10;202;1;land;false;hills;7
6499;52;180;1;land;false;plains;7
6500;27;201;1;land;false;mountain;7
6501;39;135;1;land;false;hills;7
6502;36;198;1;land;false;hills;7
6503;35;141;1;land;false;hills;7
6504;24;189;1;land;false;plains;7
6505;29;143;1;land;false;plains;7
6506;26;162;1;land;false;plains;7
6507;48;173;1;land;false;plains;7
6508;29;155;1;land;false;hills;7
6509;24;185;1;land;false;plains;7
6510;53;142;1;land;false;plains;7
6511;34;131;1;land;false;hills;7
6512;51;133;1;land;false;hills;7
6513;54;160;1;land;false;plains;7
6514;4;146;1;land;false;plains;7
6515;26;140;1;land;false;desert;7
6516;8;142;1;land;false;plains;7
6517;8;190;1;land;false;hills;7
6518;12;152;1;land;false;hills;7
6519;54;128;1;land;false;hills;7
6520;57;195;1;land;false;hills;7
6521;1;174;1;land;false;hills;7
6522;31;139;1;land;false;hills;7
6523;22;183;1;land;false;plains;7
6524;29;205;1;land;false;plains;7
6525;31;170;1;land;false;hills;7
6526;18;154;1;land;false;hills;7
6527;43;158;1;land;false;plains;7
6528;46;129;1;land;false;plains;7
6529;0;144;1;land;false;hills;7
6530;30;132;1;land;false;mountain;7
6531;4;160;1;land;false;plains;7
6532;12;188;1;land;false;mountain;7
6533;18;194;1;land;false;plains;7
6534;20;127;1;land;false;hills;7
6535;35;139;1;land;false;plains;7
6536;7;146;1;land;false;hills;7
6537;52;205;1;land;false;plains;7
6538;48;203;1;land;false;hills;7
6539;24;204;1;land;false;plains;7
6540;33;185;1;land;false;hills;7
6541;5;172;1;land;false;hills;7
6542;46;194;1;land;false;mountain;7
6543;36;181;1;land;false;plains;7
6544;7;158;1;land;false;plains;7
6545;30;160;1;land;false;plains;7
6546;73;72;1;land;true;plains;7
6547;89;3;1;land;true;hills;7
6548;185;233;1;land;true;plains;7
6549;202;252;1;land;false;mountain;7
6550;166;224;1;land;false;mountain;7
6551;195;225;1;land;false;mountain;7
6552;195;247;1;land;false;hills;7
6553;196;245;1;land;true;hills;7
6554;237;245;1;land;false;hills;7
6555;200;246;1;land;true;hills;7
6556;191;231;1;land;false;plains;7
6557;222;221;1;land;false;hills;7
6558;172;240;1;land;false;mountain;7
6559;207;249;1;land;false;hills;7
6560;205;215;1;land;false;mountain;7
6561;138;17;1;land;false;forest;7
6562;88;57;1;land;false;hills;7
6563;122;69;1;land;false;forest;7
6564;101;20;1;land;false;hills;7
6565;139;13;1;land;false;forest;7
6566;118;3;1;land;false;hills;7
6567;89;47;1;land;false;forest;7
6568;101;71;1;land;false;hills;7
6569;109;48;1;land;false;forest;7
6570;88;130;1;land;false;hills;7
6571;148;127;1;land;false;hills;7
6572;85;122;1;land;false;hills;7
6573;104;95;1;land;false;hills;7
6574;99;148;1;land;false;mountain;7
6575;76;144;1;land;false;hills;7
6576;113;87;1;land;false;hills;7
6577;100;70;1;land;false;hills;7
6578;117;90;1;land;false;mountain;7
6579;133;121;1;land;false;plains;7
6580;137;72;1;land;false;mountain;7
6581;88;113;1;land;false;hills;7
6582;113;127;1;land;false;plains;7
6583;87;108;1;land;false;plains;7
6584;106;118;1;land;false;mountain;7
6585;122;140;1;land;false;mountain;7
6586;132;110;1;land;false;hills;7
6587;100;112;1;land;false;hills;7
6588;84;119;1;land;false;hills;7
6589;85;105;1;land;false;mountain;7
6590;140;134;1;land;false;mountain;7
6591;86;130;1;land;false;hills;7
6592;131;148;1;land;false;hills;7
6593;83;146;1;land;false;hills;7
6594;122;134;1;land;false;hills;7
6595;100;125;1;land;false;mountain;7
6596;149;79;1;land;false;mountain;7
6597;81;89;1;land;false;mountain;7
6598;227;216;1;land;false;forest;7
6599;251;211;1;land;false;forest;7
6600;212;229;1;land;false;plains;7
6601;210;242;1;land;false;plains;7
6602;232;251;1;land;false;forest;7
6603;212;212;1;land;false;hills;7
6604;213;223;1;land;false;hills;7
6605;218;246;1;land;false;forest;7
6606;246;230;1;land;false;plains;7
6607;248;240;1;land;false;plains;7
6608;247;225;1;land;false;plains;7
6609;219;241;1;land;false;plains;7
6610;252;234;1;land;false;hills;7
6611;231;244;1;land;false;forest;7
6612;239;225;1;land;false;hills;7
6613;253;216;1;land;false;plains;7
6614;223;212;1;land;false;hills;7
6615;20;170;1;land;false;hills;7
6616;46;124;1;land;false;hills;7
6617;55;123;1;land;false;plains;7
6618;10;129;1;land;false;hills;7
6619;35;107;1;land;false;plains;7
6620;49;161;1;land;false;hills;7
6621;40;125;1;land;false;plains;7
6622;40;107;1;land;false;hills;7
6623;14;181;1;land;false;plains;7
6624;49;176;1;land;false;hills;7
6625;38;162;1;land;false;hills;7
6626;7;148;1;land;false;hills;7
6627;20;161;1;land;false;hills;7
6628;1;134;1;land;false;forest;7
6629;47;165;1;land;false;plains;7
6630;16;149;1;land;false;plains;7
6631;1;157;1;land;false;forest;7
6632;15;132;1;land;false;forest;7
6633;154;133;1;land;false;hills;7
6634;143;98;1;land;false;forest;7
6635;143;156;1;land;true;mountain;7
6636;191;98;1;land;false;forest;7
6637;183;116;1;land;true;mountain;7
6638;203;110;1;land;true;plains;7
6639;148;122;1;land;true;plains;7
6640;191;99;1;land;false;hills;7
6641;186;97;1;land;false;hills;7
6642;175;114;1;land;false;hills;7
6643;83;100;1;land;true;plains;7
6644;24;114;1;land;false;mountain;7
6645;95;109;1;land;false;hills;7
6646;56;91;1;land;true;hills;7
6647;34;96;1;land;false;hills;7
6648;53;57;1;land;true;hills;7
6649;39;87;1;land;true;hills;7
6650;37;66;1;land;true;mountain;7
6651;51;83;1;land;true;hills;7
6652;96;111;1;land;false;hills;7
6653;89;124;1;land;false;hills;7
6654;45;132;1;land;true;mountain;7
6655;52;120;1;land;true;mountain;7
6656;45;84;1;land;false;hills;7
6657;53;110;1;land;true;plains;7
6658;20;79;1;land;true;hills;7
6659;220;221;1;land;false;plains;7
6660;199;229;1;land;false;plains;7
6661;220;243;1;land;false;plains;7
6662;217;242;1;land;false;plains;7
6663;195;241;1;land;false;plains;7
6664;179;205;1;land;false;plains;7
6665;235;218;1;land;false;plains;7
6666;165;226;1;land;false;plains;7
6667;242;101;1;land;false;plains;7
6668;205;133;1;land;false;jungle;7
6669;233;142;1;land;false;jungle;7
6670;190;164;1;land;false;jungle;7
6671;243;149;1;land;false;jungle;7
6672;195;94;1;land;false;jungle;7
6673;191;167;1;land;false;jungle;7
6674;187;134;1;land;false;jungle;7
6675;204;122;1;land;false;forest;7
6676;214;145;1;land;false;jungle;7
6677;190;156;1;land;false;plains;7
6678;250;130;1;land;false;jungle;7
6679;214;109;1;land;false;hills;7
6680;206;93;1;land;false;hills;7
6681;231;113;1;land;false;jungle;7
6682;219;103;1;land;false;jungle;7
6683;194;127;1;land;false;jungle;7
6684;241;108;1;land;false;jungle;7
6685;254;105;1;land;false;jungle;7
6686;232;162;1;land;false;jungle;7
6687;190;144;1;land;false;plains;7
6688;216;129;1;land;false;jungle;7
6689;223;141;1;land;false;plains;7
6690;189;152;1;land;false;jungle;7
6691;240;151;1;land;false;forest;7
6692;210;149;1;land;false;plains;7
6693;194;100;1;land;false;jungle;7
6694;222;129;1;land;false;jungle;7
6695;115;197;1;land;false;plains;7
6696;72;203;1;land;false;plains;7
6697;140;192;1;land;false;hills;7
6698;106;247;1;land;false;plains;7
6699;143;220;1;land;false;plains;7
6700;87;213;1;land;false;plains;7
6701;130;189;1;land;false;plains;7
6702;117;212;1;land;false;hills;7
6703;76;208;1;land;false;hills;7
6704;102;182;1;land;false;plains;7
6705;147;193;1;land;false;plains;7
6706;138;183;1;land;false;plains;7
6707;115;190;1;land;false;plains;7
6708;143;247;1;land;false;plains;7
6709;127;206;1;land;false;desert;7
6710;69;112;1;land;false;hills;7
6711;109;111;1;land;false;hills;7
6712;138;96;1;land;false;hills;7
6713;71;75;1;land;false;plains;7
6714;94;108;1;land;false;plains;7
6715;80;125;1;land;false;hills;7
6716;97;101;1;land;false;hills;7
6717;236;175;1;land;true;hills;7
6718;207;159;1;land;true;plains;7
6719;232;154;1;land;false;hills;7
6720;241;145;1;land;true;mountain;7
6721;211;196;1;land;false;hills;7
6722;234;149;1;land;true;mountain;7
6723;224;172;1;land;true;mountain;7
6724;221;217;1;land;false;hills;7
6725;242;170;1;land;true;plains;7
6726;220;145;1;land;false;plains;7
6727;249;216;1;land;false;hills;7
6728;231;168;1;land;true;mountain;7
6729;204;172;1;land;true;plains;7
6730;247;182;1;land;true;mountain;7
6731;51;53;1;land;false;forest;7
6732;5;66;1;land;false;mountain;7
6733;127;204;1;land;false;hills;7
6734;194;253;1;land;false;plains;7
6735;116;179;1;land;true;plains;7
6736;171;253;1;land;true;hills;7
6737;194;200;1;land;true;plains;7
6738;166;210;1;land;true;mountain;7
6739;171;247;1;land;false;hills;7
6740;170;191;1;land;true;plains;7
6741;146;240;1;land;true;mountain;7
6742;185;241;1;land;false;hills;7
6743;116;240;1;land;false;hills;7
6744;146;198;1;land;false;plains;7
6745;194;185;1;land;true;plains;7
6746;139;61;1;land;false;plains;7
6747;172;67;1;land;false;plains;7
6748;154;75;1;land;false;plains;7
6749;133;26;1;land;false;plains;7
6750;109;29;1;land;false;plains;7
6751;135;12;1;land;false;plains;7
6752;116;12;1;land;false;hills;7
6753;125;13;1;land;false;plains;7
6754;109;55;1;land;false;hills;7
6755;186;8;1;land;false;plains;7
6756;127;19;1;land;false;plains;7
6757;164;12;1;land;false;plains;7
6758;122;77;1;land;false;plains;7
6759;113;76;1;land;false;plains;7
6760;174;63;1;land;false;hills;7
6761;138;32;1;land;false;hills;7
6762;131;66;1;land;false;plains;7
6763;118;50;1;land;false;plains;7
6764;162;24;1;land;false;plains;7
6765;116;26;1;land;false;hills;7
6766;135;2;1;land;false;hills;7
6767;112;30;1;land;false;hills;7
6768;158;30;1;land;false;hills;7
6769;159;51;1;land;false;plains;7
6770;25;160;1;land;false;plains;7
6771;30;206;1;land;false;plains;7
6772;41;199;1;land;false;plains;7
6773;54;146;1;land;false;hills;7
6774;51;200;1;land;false;hills;7
6775;52;168;1;land;false;plains;7
6776;9;138;1;land;false;plains;7
6777;61;152;1;land;false;plains;7
6778;11;181;1;land;false;plains;7
6779;7;152;1;land;false;plains;7
6780;6;172;1;land;false;hills;7
6781;71;206;1;land;false;plains;7
6782;10;176;1;land;false;jungle;7
6783;10;136;1;land;false;plains;7
6784;55;205;1;land;false;plains;7
6785;62;209;1;land;false;jungle;7
6786;14;190;1;land;false;jungle;7
6787;17;192;1;land;false;plains;7
6788;45;179;1;land;false;plains;7
6789;28;166;1;land;false;plains;7
6790;7;171;1;land;false;plains;7
6791;48;164;1;land;false;plains;7
6792;14;199;1;land;false;hills;7
6793;5;208;1;land;false;plains;7
6794;54;161;1;land;false;plains;7
6795;22;164;1;land;false;plains;7
6796;66;135;1;land;false;hills;7
6797;193;206;1;land;false;plains;7
6798;178;160;1;land;true;forest;7
6799;221;202;1;land;true;hills;7
6800;191;161;1;land;true;forest;7
6801;203;205;1;land;false;plains;7
6802;224;188;1;land;false;plains;7
6803;196;148;1;land;true;hills;7
6804;180;135;1;land;true;forest;7
6805;234;196;1;land;true;hills;7
6806;208;156;1;land;false;plains;7
6807;210;143;1;land;false;plains;7
6808;220;161;1;land;true;hills;7
6809;202;160;1;land;false;hills;7
6810;218;148;1;land;false;plains;7
6811;163;191;1;land;false;hills;7
6812;228;168;1;land;true;plains;7
6813;221;206;1;land;false;plains;7
6814;168;199;1;land;true;hills;7
6815;188;142;1;land;true;forest;7
6816;58;241;1;land;false;plains;7
6817;70;234;1;land;false;plains;7
6818;67;229;1;land;false;plains;7
6819;45;218;1;land;false;plains;7
6820;122;223;1;land;false;plains;7
6821;240;55;1;land;false;mountain;7
6822;214;68;1;land;false;mountain;7
6823;228;117;1;land;false;mountain;7
6824;225;106;1;land;false;mountain;7
6825;229;96;1;land;false;mountain;7
6826;247;205;1;land;false;forest;7
6827;229;205;1;land;false;forest;7
6828;222;229;1;land;false;forest;7
6829;218;254;1;land;false;forest;7
6830;242;236;1;land;false;forest;7
6831;244;226;1;land;false;forest;7
6832;224;214;1;land;false;forest;7
6833;117;103;1;land;false;hills;7
6834;137;96;1;land;false;hills;7
6835;163;156;1;land;false;forest;7
6836;134;132;1;land;false;hills;7
6837;118;86;1;land;false;hills;7
6838;127;111;1;land;false;hills;7
6839;137;94;1;land;false;forest;7
6840;140;90;1;land;false;hills;7
6841;132;125;1;land;false;hills;7
6842;97;162;1;land;false;hills;7
6843;167;135;1;land;false;mountain;7
6844;120;152;1;land;false;hills;7
6845;134;131;1;land;false;hills;7
6846;109;224;1;land;false;plains;7
6847;128;208;1;land;false;hills;7
6848;132;190;1;land;false;plains;7
6849;105;203;1;land;false;hills;7
6850;163;213;1;land;false;plains;7
6851;120;175;1;land;false;plains;7
6852;139;172;1;land;false;hills;7
6853;154;173;1;land;false;desert;7
6854;114;226;1;land;false;desert;7
6855;167;189;1;land;false;plains;7
6856;4;105;1;land;true;mountain;7
6857;22;90;1;land;true;mountain;7
6858;18;59;1;land;true;hills;7
6859;26;70;1;land;true;plains;7
6860;44;238;1;land;false;hills;7
6861;3;222;1;land;false;hills;7
6862;36;223;1;land;false;plains;7
6863;65;212;1;land;true;mountain;7
6864;81;232;1;land;false;hills;7
6865;35;205;1;land;false;hills;7
6866;42;240;1;land;false;hills;7
6867;32;211;1;land;false;mountain;7
6868;77;219;1;land;false;hills;7
6869;38;217;1;land;false;plains;7
6870;22;243;1;land;true;mountain;7
6871;51;241;1;land;false;hills;7
6872;80;223;1;land;false;mountain;7
6873;55;239;1;land;true;mountain;7
6874;64;207;1;land;true;mountain;7
6875;16;236;1;land;false;hills;7
6876;69;200;1;land;false;hills;7
6877;13;223;1;land;false;mountain;7
6878;81;236;1;land;false;hills;7
6879;63;208;1;land;false;mountain;7
6880;24;220;1;land;false;hills;7
6881;19;208;1;land;true;mountain;7
6882;41;202;1;land;true;plains;7
6883;60;198;1;land;false;hills;7
6884;42;206;1;land;false;hills;7
6885;6;203;1;land;false;mountain;7
6886;57;206;1;land;false;hills;7
6887;66;202;1;land;false;hills;7
6888;28;221;1;land;false;hills;7
6889;44;228;1;land;false;mountain;7
6890;169;73;1;land;true;plains;7
6891;176;104;1;land;true;hills;7
6892;142;111;1;land;true;hills;7
6893;197;43;1;land;true;hills;7
6894;83;212;1;land;true;mountain;7
6895;104;150;1;land;true;mountain;7
6896;51;207;1;land;false;mountain;7
6897;112;157;1;land;false;hills;7
6898;107;177;1;land;false;mountain;7
6899;222;76;1;land;true;forest;7
6900;216;46;1;land;true;forest;7
6901;227;51;1;land;false;hills;7
6902;192;77;1;land;false;hills;7
6903;235;80;1;land;false;hills;7
6904;217;78;1;land;false;mountain;7
6905;205;108;1;land;false;hills;7
6906;199;30;1;land;false;hills;7
6907;251;83;1;land;false;hills;7
6908;208;85;1;land;true;hills;7
6909;217;35;1;land;false;mountain;7
6910;219;38;1;land;false;mountain;7
6911;238;100;1;land;true;forest;7
6912;224;175;1;land;false;mountain;7
6913;224;123;1;land;true;plains;7
6914;209;123;1;land;false;hills;7
6915;237;158;1;land;true;mountain;7
6916;198;168;1;land;false;hills;7
6917;192;120;1;land;false;mountain;7
6918;220;178;1;land;false;plains;7
6919;74;13;1;land;false;forest;7
6920;82;8;1;land;false;forest;7
6921;132;8;1;land;false;forest;7
6922;94;43;1;land;false;forest;7
6923;79;14;1;land;false;forest;7
6924;98;28;1;land;false;forest;7
6925;143;26;1;land;false;forest;7
6926;100;24;1;land;false;forest;7
6927;135;192;1;land;false;hills;7
6928;124;198;1;land;false;hills;7
6929;166;174;1;land;false;hills;7
6930;42;49;1;land;false;plains;7
6931;30;27;1;land;false;plains;7
6932;25;44;1;land;false;plains;7
6933;18;56;1;land;false;plains;7
6934;55;33;1;land;false;plains;7
6935;27;43;1;land;false;hills;7
6936;29;38;1;land;false;hills;7
6937;14;29;1;land;false;hills;7
6938;12;18;1;land;false;plains;7
6939;10;21;1;land;false;plains;7
6940;174;6;1;land;false;plains;7
6941;210;35;1;land;false;forest;7
6942;232;25;1;land;false;plains;7
6943;251;18;1;land;false;plains;7
6944;218;46;1;land;false;plains;7
6945;191;73;1;land;false;hills;7
6946;201;53;1;land;false;plains;7
6947;246;4;1;land;false;hills;7
6948;201;62;1;land;false;hills;7
6949;235;59;1;land;false;plains;7
6950;222;9;1;land;false;plains;7
6951;245;39;1;land;false;plains;7
6952;185;31;1;land;false;plains;7
6953;96;139;1;land;true;hills;7
6954;136;168;1;land;true;hills;7
6955;98;141;1;land;true;hills;7
6956;63;140;1;land;true;hills;7
6957;86;117;1;land;false;hills;7
6958;201;24;1;land;false;mountain;7
6959;198;0;1;land;false;forest;7
6960;211;26;1;land;false;forest;7
6961;140;43;1;land;false;mountain;7
6962;144;30;1;land;true;hills;7
6963;177;35;1;land;false;hills;7
6964;189;43;1;land;false;forest;7
6965;204;30;1;land;false;forest;7
6966;192;27;1;land;true;hills;7
6967;155;18;1;land;false;hills;7
6968;154;38;1;land;false;hills;7
6969;143;30;1;land;false;forest;7
6970;179;52;1;land;true;hills;7
6971;133;40;1;land;false;mountain;7
6972;14;245;1;land;false;desert;7
6973;37;228;1;land;false;plains;7
6974;12;201;1;land;false;plains;7
6975;42;246;1;land;false;hills;7
6976;35;219;1;land;false;desert;7
6977;11;229;1;land;false;desert;7
6978;17;214;1;land;false;hills;7
6979;50;239;1;land;false;desert;7
6980;36;195;1;land;false;plains;7
6981;21;234;1;land;false;hills;7
6982;22;235;1;land;false;desert;7
6983;25;201;1;land;false;plains;7
6984;20;231;1;land;false;plains;7
6985;81;234;1;land;false;plains;7
6986;84;201;1;land;false;desert;7
6987;14;213;1;land;false;plains;7
6988;26;211;1;land;false;desert;7
6989;76;212;1;land;false;hills;7
6990;53;213;1;land;false;desert;7
6991;71;205;1;land;false;plains;7
6992;45;240;1;land;false;desert;7
6993;72;226;1;land;false;desert;7
6994;244;205;1;land;true;hills;7
6995;205;253;1;land;false;plains;7
6996;182;243;1;land;false;hills;7
6997;208;216;1;land;true;plains;7
6998;183;234;1;land;false;forest;7
6999;183;239;1;land;false;plains;7
7000;248;201;1;land;false;plains;7
7001;215;218;1;land;false;plains;7
7002;197;209;1;land;false;hills;7
7003;241;228;1;land;false;plains;7
7004;214;193;1;land;false;plains;7
7005;249;242;1;land;false;forest;7
7006;237;215;1;land;true;plains;7
7007;186;240;1;land;false;plains;7
7008;234;254;1;land;false;forest;7
7009;193;205;1;land;false;forest;7
7010;194;203;1;land;false;plains;7
7011;191;204;1;land;false;hills;7
7012;96;91;1;land;false;plains;7
7013;128;138;1;land;false;plains;7
7014;111;147;1;land;false;plains;7
7015;83;115;1;land;false;plains;7
7016;113;69;1;land;false;plains;7
7017;59;198;1;land;false;mountain;7
7018;58;211;1;land;false;hills;7
7019;92;172;1;land;false;hills;7
7020;81;201;1;land;false;mountain;7
7021;83;192;1;land;false;hills;7
7022;98;172;1;land;false;hills;7
7023;128;149;1;land;true;hills;7
7024;65;207;1;land;true;mountain;7
7025;123;150;1;land;true;hills;7
7026;104;195;1;land;true;plains;7
7027;62;201;1;land;false;hills;7
7028;108;151;1;land;true;hills;7
7029;60;175;1;land;false;hills;7
7030;87;210;1;land;false;hills;7
7031;115;191;1;land;false;hills;7
7032;125;211;1;land;false;hills;7
7033;247;102;1;land;true;forest;7
7034;239;63;1;land;true;forest;7
7035;200;63;1;land;true;hills;7
7036;197;33;1;land;true;hills;7
7037;114;63;1;land;false;plains;7
7038;135;30;1;land;false;plains;7
7039;139;27;1;land;false;plains;7
7040;162;72;1;land;false;plains;7
7041;135;84;1;land;false;plains;7
7042;131;26;1;land;false;plains;7
7043;179;53;1;land;false;hills;7
7044;128;70;1;land;false;hills;7
7045;169;89;1;land;false;hills;7
7046;108;93;1;land;false;plains;7
7047;138;98;1;land;false;plains;7
7048;111;67;1;land;false;plains;7
7049;165;46;1;land;false;mountain;7
7050;145;80;1;land;false;plains;7
7051;60;168;1;land;true;plains;7
7052;22;129;1;land;true;hills;7
7053;38;127;1;land;true;mountain;7
7054;21;127;1;land;false;hills;7
7055;191;242;1;land;false;hills;7
7056;155;227;1;land;false;hills;7
7057;163;220;1;land;false;hills;7
7058;168;231;1;land;false;hills;7
7059;166;223;1;land;false;hills;7
7060;149;237;1;land;true;hills;7
7061;165;238;1;land;false;hills;7
7062;138;198;1;land;false;mountain;7
7063;202;199;1;land;false;hills;7
7064;136;237;1;land;false;hills;7
7065;133;238;1;land;false;plains;7
7066;135;203;1;land;false;mountain;7
7067;174;168;1;land;false;hills;7
7068;177;120;1;land;false;hills;7
7069;159;157;1;land;false;mountain;7
7070;186;154;1;land;false;hills;7
7071;197;146;1;land;true;mountain;7
7072;191;166;1;land;false;mountain;7
7073;186;123;1;land;false;hills;7
7074;213;150;1;land;true;mountain;7
7075;189;163;1;land;false;hills;7
7076;216;135;1;land;false;hills;7
7077;85;109;1;land;false;plains;7
7078;98;55;1;land;false;hills;7
7079;52;103;1;land;false;plains;7
7080;36;88;1;land;false;hills;7
7081;96;103;1;land;false;hills;7
7082;94;83;1;land;false;plains;7
7083;99;92;1;land;false;plains;7
7084;209;237;1;land;false;hills;7
7085;247;206;1;land;false;hills;7
7086;246;205;1;land;false;forest;7
7087;188;230;1;land;false;hills;7
7088;228;227;1;land;false;forest;7
7089;213;237;1;land;false;forest;7
7090;242;252;1;land;false;plains;7
7091;199;218;1;land;false;forest;7
7092;202;249;1;land;false;hills;7
7093;209;221;1;land;false;forest;7
7094;232;203;1;land;false;forest;7
7095;241;130;1;land;false;plains;7
7096;222;143;1;land;false;hills;7
7097;238;166;1;land;false;hills;7
7098;218;105;1;land;false;hills;7
7099;240;121;1;land;false;mountain;7
7100;232;118;1;land;false;forest;7
7101;250;109;1;land;false;hills;7
7102;227;98;1;land;false;hills;7
7103;230;131;1;land;false;hills;7
7104;205;112;1;land;false;hills;7
7105;208;106;1;land;false;forest;7
7106;158;91;1;land;false;forest;7
7107;160;86;1;land;false;hills;7
7108;110;92;1;land;false;forest;7
7109;86;70;1;land;false;forest;7
7110;106;82;1;land;false;hills;7
7111;142;120;1;land;false;forest;7
7112;85;121;1;land;false;forest;7
7113;83;78;1;land;false;forest;7
7114;102;75;1;land;false;forest;7
7115;83;85;1;land;false;forest;7
7116;84;72;1;land;false;hills;7
7117;153;115;1;land;false;hills;7
7118;160;67;1;land;false;forest;7
7119;103;121;1;land;false;hills;7
7120;130;67;1;land;false;forest;7
7121;155;93;1;land;false;hills;7
7122;132;87;1;land;false;forest;7
7123;88;115;1;land;false;hills;7
7124;104;114;1;land;false;forest;7
7125;114;124;1;land;false;forest;7
7126;147;70;1;land;false;hills;7
7127;0;156;1;land;false;plains;7
7128;6;221;1;land;false;plains;7
7129;38;156;1;land;false;mountain;7
7130;27;218;1;land;false;plains;7
7131;9;181;1;land;false;hills;7
7132;42;220;1;land;false;hills;7
7133;38;215;1;land;false;hills;7
7134;44;183;1;land;false;plains;7
7135;7;155;1;land;false;hills;7
7136;39;185;1;land;false;plains;7
7137;18;153;1;land;true;mountain;7
7138;5;202;1;land;false;hills;7
7139;30;76;1;land;false;hills;7
7140;48;110;1;land;false;forest;7
7141;3;86;1;land;false;hills;7
7142;6;56;1;land;false;hills;7
7143;25;55;1;land;false;hills;7
7144;62;70;1;land;false;hills;7
7145;42;73;1;land;false;hills;7
7146;20;63;1;land;false;plains;7
7147;42;61;1;land;false;forest;7
7148;43;117;1;land;false;plains;7
7149;150;74;1;land;false;plains;7
7150;194;44;1;land;false;plains;7
7151;152;60;1;land;true;plains;7
7152;146;62;1;land;false;plains;7
7153;158;58;1;land;false;hills;7
7154;138;19;1;land;false;plains;7
7155;134;23;1;land;true;hills;7
7156;143;47;1;land;false;plains;7
7157;86;162;1;land;false;plains;7
7158;48;193;1;land;false;plains;7
7159;26;143;1;land;false;plains;7
7160;80;214;1;land;false;plains;7
7161;61;43;1;land;false;mountain;7
7162;84;55;1;land;true;mountain;7
7163;93;94;1;land;false;hills;7
7164;49;114;1;land;false;mountain;7
7165;48;51;1;land;false;hills;7
7166;75;66;1;land;true;mountain;7
7167;73;114;1;land;false;plains;7
7168;89;101;1;land;false;hills;7
7169;87;114;1;land;false;hills;7
7170;47;75;1;land;true;hills;7
7171;53;100;1;land;true;mountain;7
7172;100;46;1;land;true;mountain;7
7173;90;39;1;land;false;hills;7
7174;58;112;1;land;false;mountain;7
7175;117;78;1;land;false;plains;7
7176;74;113;1;land;true;mountain;7
7177;95;114;1;land;false;mountain;7
7178;89;70;1;land;false;mountain;7
7179;99;51;1;land;false;hills;7
7180;113;36;1;land;false;hills;7
7181;160;238;1;land;true;hills;7
7182;136;238;1;land;true;plains;7
7183;89;174;1;land;false;hills;7
7184;146;203;1;land;true;plains;7
7185;134;227;1;land;false;hills;7
7186;224;198;1;land;false;forest;7
7187;222;145;1;land;false;hills;7
7188;239;193;1;land;false;hills;7
7189;232;142;1;land;false;hills;7
7190;229;142;1;land;false;forest;7
7191;243;193;1;land;false;hills;7
7192;237;146;1;land;false;forest;7
7193;218;161;1;land;false;forest;7
7194;246;156;1;land;true;mountain;7
7195;222;124;1;land;false;hills;7
7196;241;137;1;land;false;forest;7
7197;241;167;1;land;false;hills;7
7198;238;197;1;land;false;forest;7
7199;236;187;1;land;false;forest;7
7200;252;187;1;land;false;hills;7
7201;223;124;1;land;false;hills;7
7202;222;119;1;land;true;forest;7
7203;215;176;1;land;false;forest;7
7204;191;174;1;land;false;desert;7
7205;128;145;1;land;false;plains;7
7206;193;182;1;land;false;hills;7
7207;186;165;1;land;false;hills;7
7208;159;160;1;land;false;hills;7
7209;159;135;1;land;false;desert;7
7210;140;180;1;land;false;plains;7
7211;137;171;1;land;false;plains;7
7212;162;170;1;land;false;plains;7
7213;195;169;1;land;false;plains;7
7214;151;171;1;land;false;hills;7
7215;166;132;1;land;false;desert;7
7216;156;155;1;land;false;desert;7
7217;155;119;1;land;false;plains;7
7218;161;116;1;land;false;hills;7
7219;202;114;1;land;false;hills;7
7220;203;131;1;land;false;hills;7
7221;179;8;1;land;false;hills;7
7222;200;43;1;land;false;plains;7
7223;130;52;1;land;false;plains;7
7224;187;33;1;land;false;forest;7
7225;136;26;1;land;false;plains;7
7226;122;29;1;land;false;forest;7
7227;192;5;1;land;false;hills;7
7228;155;16;1;land;false;plains;7
7229;170;8;1;land;false;plains;7
7230;19;106;1;land;false;plains;7
7231;58;107;1;land;true;plains;7
7232;67;76;1;land;false;plains;7
7233;80;136;1;land;false;mountain;7
7234;31;145;1;land;true;hills;7
7235;13;89;1;land;false;hills;7
7236;26;104;1;land;true;hills;7
7237;65;82;1;land;true;hills;7
7238;23;73;1;land;true;hills;7
7239;11;150;1;land;true;hills;7
7240;63;133;1;land;true;plains;7
7241;61;125;1;land;false;plains;7
7242;69;129;1;land;false;plains;7
7243;69;80;1;land;true;plains;7
7244;56;88;1;land;true;plains;7
7245;53;120;1;land;true;hills;7
7246;48;141;1;land;false;plains;7
7247;62;106;1;land;true;hills;7
7248;33;136;1;land;false;hills;7
7249;15;149;1;land;false;mountain;7
7250;10;102;1;land;false;hills;7
7251;70;136;1;land;false;plains;7
7252;43;135;1;land;false;plains;7
7253;17;86;1;land;false;plains;7
7254;46;107;1;land;false;hills;7
7255;21;90;1;land;false;plains;7
7256;26;142;1;land;false;plains;7
7257;44;112;1;land;false;plains;7
7258;20;71;1;land;true;hills;7
7259;37;127;1;land;false;hills;7
7260;26;148;1;land;false;plains;7
7261;40;144;1;land;true;plains;7
7262;10;84;1;land;false;hills;7
7263;5;78;1;land;true;hills;7
7264;185;190;1;land;false;forest;7
7265;184;218;1;land;false;hills;7
7266;189;245;1;land;false;forest;7
7267;236;246;1;land;false;hills;7
7268;243;252;1;land;false;hills;7
7269;237;209;1;land;false;forest;7
7270;228;187;1;land;false;forest;7
7271;167;224;1;land;false;hills;7
7272;167;218;1;land;true;hills;7
7273;203;242;1;land;false;forest;7
7274;196;193;1;land;false;hills;7
7275;244;239;1;land;false;forest;7
7276;184;241;1;land;false;hills;7
7277;177;198;1;land;false;hills;7
7278;243;240;1;land;false;forest;7
7279;212;237;1;land;true;hills;7
7280;203;188;1;land;false;forest;7
7281;212;186;1;land;false;forest;7
7282;241;251;1;land;false;forest;7
7283;111;136;1;land;true;mountain;7
7284;76;119;1;land;true;mountain;7
7285;71;77;1;land;true;mountain;7
7286;104;74;1;land;false;hills;7
7287;71;76;1;land;true;mountain;7
7288;90;90;1;land;true;hills;7
7289;77;111;1;land;false;mountain;7
7290;56;139;1;land;false;mountain;7
7291;60;76;1;land;true;hills;7
7292;62;71;1;land;true;desert;7
7293;125;82;1;land;false;hills;7
7294;116;103;1;land;true;hills;7
7295;108;81;1;land;true;mountain;7
7296;72;125;1;land;true;plains;7
7297;115;110;1;land;false;mountain;7
7298;111;65;1;land;false;hills;7
7299;68;64;1;land;true;mountain;7
7300;123;141;1;land;true;plains;7
7301;63;109;1;land;true;mountain;7
7302;91;19;1;land;false;plains;7
7303;144;17;1;land;false;hills;7
7304;126;31;1;land;true;hills;7
7305;111;37;1;land;false;plains;7
7306;102;19;1;land;false;hills;7
7307;102;29;1;land;false;plains;7
7308;152;7;1;land;false;plains;7
7309;99;4;1;land;false;plains;7
7310;31;55;1;land;true;mountain;7
7311;23;61;1;land;true;mountain;7
7312;26;85;1;land;true;mountain;7
7313;16;79;1;land;true;forest;7
7314;145;190;1;land;false;forest;7
7315;118;205;1;land;false;hills;7
7316;125;159;1;land;false;hills;7
7317;125;200;1;land;false;hills;7
7318;108;168;1;land;false;hills;7
7319;134;175;1;land;false;hills;7
7320;143;205;1;land;false;hills;7
7321;166;170;1;land;false;hills;7
7322;135;194;1;land;false;hills;7
7323;148;150;1;land;false;jungle;7
7324;149;160;1;land;false;forest;7
7325;117;174;1;land;false;hills;7
7326;27;209;1;land;false;forest;7
7327;38;198;1;land;false;forest;7
7328;89;205;1;land;false;forest;7
7329;19;167;1;land;false;hills;7
7330;45;194;1;land;false;forest;7
7331;38;143;1;land;false;forest;7
7332;62;139;1;land;false;forest;7
7333;19;139;1;land;true;forest;7
7334;15;153;1;land;false;forest;7
7335;89;204;1;land;false;forest;7
7336;80;195;1;land;false;plains;7
7337;14;193;1;land;false;forest;7
7338;55;195;1;land;false;forest;7
7339;88;137;1;land;false;plains;7
7340;91;184;1;land;true;hills;7
7341;55;178;1;land;false;hills;7
7342;92;183;1;land;true;forest;7
7343;35;196;1;land;true;forest;7
7344;48;159;1;land;false;plains;7
7345;47;145;1;land;false;plains;7
7346;36;178;1;land;false;forest;7
7347;35;190;1;land;false;forest;7
7348;93;202;1;land;true;hills;7
7349;31;163;1;land;false;hills;7
7350;70;150;1;land;false;forest;7
7351;29;133;1;land;false;forest;7
7352;55;196;1;land;false;forest;7
7353;46;199;1;land;false;forest;7
7354;47;186;1;land;false;forest;7
7355;37;156;1;land;false;forest;7
7356;32;196;1;land;false;hills;7
7357;68;0;1;land;false;hills;7
7358;63;14;1;land;false;plains;7
7359;101;7;1;land;false;plains;7
7360;70;24;1;land;false;hills;7
7361;87;12;1;land;false;plains;7
7362;53;10;1;land;false;hills;7
7363;40;9;1;land;false;plains;7
7364;98;158;1;land;false;hills;7
7365;131;167;1;land;false;hills;7
7366;103;199;1;land;false;plains;7
7367;117;191;1;land;false;hills;7
7368;109;142;1;land;false;hills;7
7369;75;150;1;land;false;desert;7
7370;64;181;1;land;false;desert;7
7371;91;130;1;land;false;desert;7
7372;204;6;1;land;false;hills;7
7373;252;35;1;land;false;forest;7
7374;243;19;1;land;false;hills;7
7375;224;44;1;land;false;plains;7
7376;219;21;1;land;false;forest;7
7377;237;21;1;land;false;hills;7
7378;246;43;1;land;false;hills;7
7379;206;22;1;land;false;hills;7
7380;252;1;1;land;false;hills;7
7381;239;121;1;land;false;forest;7
7382;201;93;1;land;false;forest;7
7383;241;94;1;land;false;forest;7
7384;236;138;1;land;false;forest;7
7385;240;117;1;land;false;forest;7
7386;247;156;1;land;false;hills;7
7387;200;129;1;land;false;hills;7
7388;198;100;1;land;false;plains;7
7389;224;136;1;land;false;hills;7
7390;231;162;1;land;false;hills;7
7391;240;146;1;land;false;forest;7
7392;214;88;1;land;false;forest;7
7393;44;246;1;land;false;plains;7
7394;63;231;1;land;false;hills;7
7395;23;250;1;land;false;hills;7
7396;24;224;1;land;true;plains;7
7397;61;252;1;land;false;plains;7
7398;38;250;1;land;false;forest;7
7399;52;215;1;land;false;plains;7
7400;25;236;1;land;false;hills;7
7401;43;216;1;land;false;hills;7
7402;34;235;1;land;true;plains;7
7403;18;44;1;land;false;hills;7
7404;3;44;1;land;false;mountain;7
7405;56;78;1;land;false;hills;7
7406;7;66;1;land;false;plains;7
7407;1;62;1;land;false;plains;7
7408;40;93;1;land;false;hills;7
7409;19;90;1;land;false;hills;7
7410;23;39;1;land;false;hills;7
7411;24;51;1;land;false;plains;7
7412;1;74;1;land;false;desert;7
7413;179;136;1;land;false;forest;7
7414;177;72;1;land;false;plains;7
7415;174;101;1;land;false;forest;7
7416;202;96;1;land;false;forest;7
7417;207;71;1;land;false;forest;7
7418;168;131;1;land;false;forest;7
7419;140;105;1;land;false;plains;7
7420;102;167;1;land;false;hills;7
7421;31;208;1;land;false;plains;7
7422;43;206;1;land;false;hills;7
7423;42;175;1;land;false;plains;7
7424;66;181;1;land;false;plains;7
7425;62;214;1;land;false;hills;7
7426;68;206;1;land;false;plains;7
7427;35;173;1;land;false;plains;7
7428;91;173;1;land;false;plains;7
7429;91;59;1;land;false;plains;7
7430;110;127;1;land;false;hills;7
7431;87;136;1;land;false;plains;7
7432;76;115;1;land;false;hills;7
7433;126;76;1;land;false;hills;7
7434;118;87;1;land;false;plains;7
7435;126;91;1;land;false;hills;7
7436;65;124;1;land;false;hills;7
7437;53;90;1;land;false;plains;7
7438;76;114;1;land;false;hills;7
7439;104;70;1;land;false;hills;7
7440;96;62;1;land;false;hills;7
7441;106;64;1;land;false;plains;7
7442;62;112;1;land;false;hills;7
7443;110;80;1;land;false;hills;7
7444;130;94;1;land;false;hills;7
7445;195;59;1;land;false;hills;7
7446;204;74;1;land;false;desert;7
7447;223;55;1;land;false;hills;7
7448;250;97;1;land;false;desert;7
7449;219;96;1;land;false;hills;7
7450;226;86;1;land;false;hills;7
7451;233;19;1;land;false;hills;7
7452;223;22;1;land;false;desert;7
7453;247;43;1;land;false;hills;7
7454;202;95;1;land;false;hills;7
7455;226;76;1;land;false;hills;7
7456;250;75;1;land;false;plains;7
7457;186;34;1;land;false;desert;7
7458;103;63;1;land;true;forest;7
7459;107;116;1;land;false;forest;7
7460;161;57;1;land;false;hills;7
7461;166;130;1;land;true;forest;7
7462;175;122;1;land;true;forest;7
7463;176;122;1;land;false;forest;7
7464;137;105;1;land;true;mountain;7
7465;169;117;1;land;true;forest;7
7466;161;128;1;land;false;forest;7
7467;160;128;1;land;true;forest;7
7468;123;111;1;land;true;forest;7
7469;149;68;1;land;false;hills;7
7470;108;89;1;land;true;hills;7
7471;140;93;1;land;false;hills;7
7472;152;87;1;land;false;forest;7
7473;160;27;1;land;false;mountain;7
7474;221;33;1;land;false;hills;7
7475;148;34;1;land;false;hills;7
7476;177;55;1;land;false;mountain;7
7477;188;63;1;land;false;hills;7
7478;192;57;1;land;false;hills;7
7479;202;7;1;land;false;mountain;7
7480;207;7;1;land;false;hills;7
7481;159;35;1;land;false;hills;7
7482;41;143;1;land;true;plains;7
7483;87;204;1;land;true;hills;7
7484;99;170;1;land;true;plains;7
7485;74;190;1;land;true;hills;7
7486;83;219;1;land;true;hills;7
7487;95;206;1;land;true;hills;7
7488;65;209;1;land;true;hills;7
7489;90;182;1;land;true;forest;7
7490;69;215;1;land;true;plains;7
7491;97;180;1;land;false;forest;7
7492;95;191;1;land;true;plains;7
7493;76;154;1;land;true;hills;7
7494;39;206;1;land;true;plains;7
7495;171;145;1;land;false;forest;7
7496;161;107;1;land;false;mountain;7
7497;173;124;1;land;false;forest;7
7498;223;123;1;land;false;hills;7
7499;198;163;1;land;false;forest;7
7500;163;167;1;land;false;jungle;7
7501;213;115;1;land;false;hills;7
7502;167;139;1;land;false;forest;7
7503;202;163;1;land;false;forest;7
7504;229;150;1;land;false;hills;7
7505;192;142;1;land;false;forest;7
7506;231;178;1;land;false;hills;7
7507;216;156;1;land;false;forest;7
7508;216;165;1;land;false;forest;7
7509;237;167;1;land;false;hills;7
7510;162;134;1;land;false;forest;7
7511;200;149;1;land;false;hills;7
7512;241;35;1;land;true;forest;7
7513;229;8;1;land;true;hills;7
7514;204;32;1;land;true;forest;7
7515;205;44;1;land;false;hills;7
7516;98;113;1;land;false;hills;7
7517;111;133;1;land;false;hills;7
7518;121;167;1;land;false;hills;7
7519;76;140;1;land;false;forest;7
7520;128;135;1;land;false;hills;7
7521;127;149;1;land;false;hills;7
7522;77;145;1;land;false;forest;7
7523;106;116;1;land;false;hills;7
7524;130;172;1;land;false;hills;7
7525;251;224;1;land;true;hills;7
7526;223;210;1;land;true;hills;7
7527;236;199;1;land;true;mountain;7
7528;220;192;1;land;true;plains;7
7529;241;182;1;land;true;mountain;7
7530;234;214;1;land;true;plains;7
7531;217;234;1;land;true;plains;7
7532;216;252;1;land;true;plains;7
7533;230;205;1;land;false;mountain;7
7534;225;198;1;land;true;hills;7
7535;236;229;1;land;true;mountain;7
7536;230;252;1;land;false;hills;7
7537;244;185;1;land;false;hills;7
7538;231;198;1;land;true;plains;7
7539;212;201;1;land;true;plains;7
7540;145;79;1;land;false;hills;7
7541;107;87;1;land;false;plains;7
7542;149;48;1;land;false;hills;7
7543;137;78;1;land;true;plains;7
7544;146;29;1;land;true;hills;7
7545;145;87;1;land;false;plains;7
7546;179;183;1;land;false;plains;7
7547;130;177;1;land;false;plains;7
7548;173;196;1;land;false;plains;7
7549;171;201;1;land;false;plains;7
7550;182;195;1;land;false;plains;7
7551;175;244;1;land;false;plains;7
7552;141;238;1;land;false;plains;7
7553;155;169;1;land;false;plains;7
7554;194;227;1;land;false;plains;7
7555;171;204;1;land;false;plains;7
7556;163;221;1;land;false;plains;7
7557;184;173;1;land;false;plains;7
7558;204;204;1;land;false;plains;7
7559;193;186;1;land;false;plains;7
7560;173;198;1;land;false;plains;7
7561;171;173;1;land;false;plains;7
7562;132;234;1;land;false;hills;7
7563;177;225;1;land;false;hills;7
7564;72;161;1;land;false;plains;7
7565;46;139;1;land;false;hills;7
7566;44;131;1;land;false;hills;7
7567;9;160;1;land;false;plains;7
7568;67;137;1;land;false;hills;7
7569;65;204;1;land;false;plains;7
7570;51;163;1;land;false;plains;7
7571;12;189;1;land;false;hills;7
7572;174;73;1;land;false;forest;7
7573;196;52;1;land;false;hills;7
7574;151;85;1;land;false;hills;7
7575;204;26;1;land;false;forest;7
7576;173;16;1;land;false;plains;7
7577;162;44;1;land;false;forest;7
7578;145;61;1;land;false;plains;7
7579;213;45;1;land;false;forest;7
7580;208;59;1;land;false;forest;7
7581;205;33;1;land;false;plains;7
7582;196;72;1;land;false;forest;7
7583;197;70;1;land;false;plains;7
7584;189;58;1;land;false;plains;7
7585;161;81;1;land;false;forest;7
7586;213;80;1;land;false;forest;7
7587;183;12;1;land;false;forest;7
7588;219;84;1;land;false;plains;7
7589;162;63;1;land;false;forest;7
7590;211;220;1;land;false;forest;7
7591;218;194;1;land;false;forest;7
7592;74;9;1;land;true;hills;7
7593;129;7;1;land;true;hills;7
7594;134;53;1;land;true;mountain;7
7595;125;153;1;land;false;hills;7
7596;90;142;1;land;false;hills;7
7597;52;133;1;land;false;desert;7
7598;101;174;1;land;false;plains;7
7599;69;159;1;land;false;hills;7
7600;50;147;1;land;false;hills;7
7601;122;191;1;land;false;mountain;7
7602;64;139;1;land;false;plains;7
7603;121;162;1;land;false;hills;7
7604;61;129;1;land;false;mountain;7
7605;88;180;1;land;false;hills;7
7606;117;170;1;land;false;desert;7
7607;65;185;1;land;false;hills;7
7608;107;172;1;land;false;plains;7
7609;51;144;1;land;false;plains;7
7610;6;147;1;land;false;plains;7
7611;13;118;1;land;false;hills;7
7612;18;168;1;land;false;hills;7
7613;18;175;1;land;false;plains;7
7614;19;173;1;land;false;plains;7
7615;32;228;1;land;true;mountain;7
7616;21;218;1;land;true;mountain;7
7617;5;254;1;land;false;hills;7
7618;21;211;1;land;true;mountain;7
7619;20;215;1;land;false;hills;7
7620;52;211;1;land;true;mountain;7
7621;9;242;1;land;false;plains;7
7622;41;233;1;land;true;mountain;7
7623;40;225;1;land;true;mountain;7
7624;23;253;1;land;false;plains;7
7625;35;240;1;land;true;mountain;7
7626;37;244;1;land;false;hills;7
7627;11;245;1;land;true;mountain;7
7628;49;124;1;land;true;forest;7
7629;33;116;1;land;true;mountain;7
7630;13;123;1;land;true;mountain;7
7631;27;128;1;land;true;mountain;7
7632;71;174;1;land;true;mountain;7
7633;85;139;1;land;true;mountain;7
7634;16;165;1;land;true;forest;7
7635;77;122;1;land;false;mountain;7
7636;68;187;1;land;true;forest;7
7637;172;204;1;land;false;hills;7
7638;196;206;1;land;false;forest;7
7639;224;215;1;land;false;forest;7
7640;225;252;1;land;false;mountain;7
7641;221;230;1;land;false;forest;7
7642;174;233;1;land;false;hills;7
7643;211;234;1;land;false;forest;7
7644;152;205;1;land;false;forest;7
7645;151;223;1;land;false;forest;7
7646;169;242;1;land;false;hills;7
7647;209;223;1;land;false;forest;7
7648;191;225;1;land;false;mountain;7
7649;217;228;1;land;false;forest;7
7650;175;233;1;land;false;forest;7
7651;153;227;1;land;false;hills;7
7652;147;233;1;land;false;forest;7
7653;152;228;1;land;false;forest;7
7654;187;234;1;land;false;forest;7
7655;200;245;1;land;false;forest;7
7656;214;249;1;land;false;forest;7
7657;149;214;1;land;false;forest;7
7658;168;220;1;land;false;forest;7
7659;157;211;1;land;false;hills;7
7660;213;216;1;land;false;forest;7
7661;191;230;1;land;false;forest;7
7662;200;222;1;land;false;forest;7
7663;222;244;1;land;false;forest;7
7664;216;214;1;land;false;forest;7
7665;154;249;1;land;false;forest;7
7666;175;254;1;land;false;hills;7
7667;167;210;1;land;false;forest;7
7668;204;208;1;land;false;forest;7
7669;172;207;1;land;true;mountain;7
7670;49;132;1;land;true;plains;7
7671;52;144;1;land;false;desert;7
7672;22;128;1;land;false;plains;7
7673;72;126;1;land;false;plains;7
7674;5;148;1;land;true;plains;7
7675;20;152;1;land;false;hills;7
7676;71;108;1;land;false;plains;7
7677;56;112;1;land;false;plains;7
7678;3;168;1;land;false;hills;7
7679;25;125;1;land;false;plains;7
7680;4;167;1;land;false;hills;7
7681;16;108;1;land;false;hills;7
7682;49;159;1;land;false;plains;7
7683;47;104;1;land;false;plains;7
7684;7;165;1;land;false;hills;7
7685;66;151;1;land;false;plains;7
7686;61;138;1;land;true;hills;7
7687;44;158;1;land;true;hills;7
7688;54;157;1;land;true;hills;7
7689;12;125;1;land;true;hills;7
7690;10;132;1;land;false;desert;7
7691;30;110;1;land;false;plains;7
7692;43;153;1;land;false;desert;7
7693;10;169;1;land;true;plains;7
7694;56;167;1;land;true;plains;7
7695;46;174;1;land;false;plains;7
7696;12;155;1;land;false;plains;7
7697;8;147;1;land;false;plains;7
7698;72;159;1;land;true;desert;7
7699;27;124;1;land;false;plains;7
7700;41;132;1;land;false;desert;7
7701;13;117;1;land;true;plains;7
7702;1;150;1;land;false;hills;7
7703;57;178;1;land;false;plains;7
7704;48;137;1;land;true;hills;7
7705;63;166;1;land;false;hills;7
7706;70;104;1;land;false;desert;7
7707;52;115;1;land;true;plains;7
7708;51;145;1;land;false;desert;7
7709;12;123;1;land;false;hills;7
7710;25;141;1;land;false;plains;7
7711;73;128;1;land;false;forest;7
7712;32;154;1;land;true;plains;7
7713;62;122;1;land;true;plains;7
7714;21;135;1;land;false;desert;7
7715;72;146;1;land;false;plains;7
7716;44;114;1;land;false;hills;7
7717;52;129;1;land;false;desert;7
7718;10;108;1;land;false;hills;7
7719;3;121;1;land;false;hills;7
7720;203;237;1;land;false;hills;7
7721;134;209;1;land;false;desert;7
7722;154;236;1;land;false;hills;7
7723;198;209;1;land;false;hills;7
7724;184;100;1;land;false;hills;7
7725;188;164;1;land;false;hills;7
7726;210;126;1;land;false;plains;7
7727;191;112;1;land;false;hills;7
7728;185;159;1;land;false;hills;7
7729;213;153;1;land;false;hills;7
7730;164;140;1;land;false;hills;7
7731;233;96;1;land;false;hills;7
7732;210;206;1;land;false;hills;7
7733;222;218;1;land;true;mountain;7
7734;237;163;1;land;false;mountain;7
7735;229;135;1;land;false;hills;7
7736;210;155;1;land;false;hills;7
7737;212;89;1;land;false;mountain;7
7738;213;123;1;land;false;hills;7
7739;245;131;1;land;false;mountain;7
7740;213;142;1;land;false;hills;7
7741;241;125;1;land;false;hills;7
7742;130;200;1;land;true;plains;7
7743;120;211;1;land;true;mountain;7
7744;98;237;1;land;true;hills;7
7745;111;53;1;land;false;hills;7
7746;166;123;1;land;false;plains;7
7747;163;66;1;land;false;hills;7
7748;129;82;1;land;false;plains;7
7749;112;88;1;land;false;plains;7
7750;136;124;1;land;false;hills;7
7751;136;117;1;land;false;plains;7
7752;123;62;1;land;false;hills;7
7753;127;80;1;land;false;hills;7
7754;152;117;1;land;false;plains;7
7755;96;93;1;land;false;plains;7
7756;136;118;1;land;false;plains;7
7757;160;62;1;land;false;hills;7
7758;141;63;1;land;false;hills;7
7759;116;89;1;land;false;hills;7
7760;128;94;1;land;false;hills;7
7761;148;70;1;land;false;hills;7
7762;152;63;1;land;false;hills;7
7763;109;100;1;land;false;hills;7
7764;137;75;1;land;false;hills;7
7765;157;86;1;land;false;hills;7
7766;95;113;1;land;false;plains;7
7767;167;214;1;land;true;plains;7
7768;209;222;1;land;true;hills;7
7769;153;9;1;land;false;hills;7
7770;144;68;1;land;false;hills;7
7771;157;46;1;land;false;hills;7
7772;167;16;1;land;false;hills;7
7773;186;68;1;land;false;hills;7
7774;124;104;1;land;true;mountain;7
7775;119;35;1;land;true;mountain;7
7776;109;40;1;land;false;mountain;7
7777;113;98;1;land;true;mountain;7
7778;122;91;1;land;true;mountain;7
7779;88;110;1;land;true;mountain;7
7780;86;41;1;land;false;hills;7
7781;90;81;1;land;true;mountain;7
7782;111;105;1;land;false;hills;7
7783;122;73;1;land;true;mountain;7
7784;117;41;1;land;false;hills;7
7785;55;70;1;land;true;plains;7
7786;112;89;1;land;true;plains;7
7787;113;43;1;land;false;mountain;7
7788;76;98;1;land;true;mountain;7
7789;70;34;1;land;false;hills;7
7790;64;112;1;land;true;mountain;7
7791;115;81;1;land;true;mountain;7
7792;86;52;1;land;true;mountain;7
7793;80;88;1;land;false;hills;7
7794;69;53;1;land;true;mountain;7
7795;88;41;1;land;true;mountain;7
7796;71;59;1;land;false;mountain;7
7797;58;84;1;land;false;hills;7
7798;79;66;1;land;false;hills;7
7799;125;85;1;land;true;hills;7
7800;51;69;1;land;true;plains;7
7801;117;35;1;land;true;mountain;7
7802;119;223;1;land;false;hills;7
7803;91;230;1;land;false;hills;7
7804;110;237;1;land;false;plains;7
7805;104;232;1;land;false;hills;7
7806;96;222;1;land;false;hills;7
7807;135;254;1;land;false;hills;7
7808;81;237;1;land;false;hills;7
7809;126;229;1;land;false;hills;7
7810;113;243;1;land;false;plains;7
7811;99;223;1;land;false;plains;7
7812;119;219;1;land;false;forest;7
7813;89;238;1;land;false;hills;7
7814;137;229;1;land;false;hills;7
7815;254;78;1;land;false;hills;7
7816;248;82;1;land;true;mountain;7
7817;239;117;1;land;true;hills;7
7818;208;121;1;land;true;plains;7
7819;213;68;1;land;false;hills;7
7820;211;78;1;land;false;plains;7
7821;224;103;1;land;true;hills;7
7822;221;77;1;land;true;mountain;7
7823;245;80;1;land;false;plains;7
7824;235;62;1;land;false;mountain;7
7825;242;67;1;land;true;desert;7
7826;209;83;1;land;true;plains;7
7827;236;88;1;land;false;forest;7
7828;247;116;1;land;true;mountain;7
7829;234;89;1;land;true;desert;7
7830;216;55;1;land;false;hills;7
7831;235;101;1;land;true;desert;7
7832;222;120;1;land;true;desert;7
7833;243;60;1;land;true;desert;7
7834;248;58;1;land;true;plains;7
7835;216;119;1;land;true;desert;7
7836;236;55;1;land;false;hills;7
7837;224;112;1;land;true;mountain;7
7838;222;70;1;land;false;forest;7
7839;249;53;1;land;false;hills;7
7840;217;57;1;land;false;forest;7
7841;228;75;1;land;false;forest;7
7842;209;64;1;land;true;desert;7
7843;225;122;1;land;true;plains;7
7844;251;56;1;land;true;mountain;7
7845;207;73;1;land;true;hills;7
7846;3;238;1;land;false;hills;7
7847;59;220;1;land;false;plains;7
7848;33;224;1;land;false;desert;7
7849;152;153;1;land;false;hills;7
7850;177;128;1;land;true;hills;7
7851;2;79;1;land;true;hills;7
7852;3;115;1;land;true;hills;7
7853;5;108;1;land;false;plains;7
7854;29;121;1;land;false;hills;7
7855;177;186;1;land;false;hills;7
7856;180;170;1;land;false;hills;7
7857;177;194;1;land;false;plains;7
7858;181;232;1;land;false;plains;7
7859;121;75;1;land;true;hills;7
7860;115;3;1;land;true;hills;7
7861;46;23;1;land;true;hills;7
7862;122;49;1;land;true;forest;7
7863;93;56;1;land;true;hills;7
7864;69;55;1;land;true;hills;7
7865;128;179;1;land;false;hills;7
7866;105;192;1;land;false;plains;7
7867;140;215;1;land;false;plains;7
7868;74;180;1;land;false;plains;7
7869;73;229;1;land;false;plains;7
7870;102;186;1;land;false;plains;7
7871;113;228;1;land;false;plains;7
7872;125;156;1;land;false;plains;7
7873;103;217;1;land;false;plains;7
7874;112;168;1;land;false;plains;7
7875;143;212;1;land;false;plains;7
7876;124;152;1;land;false;plains;7
7877;116;167;1;land;false;plains;7
7878;80;182;1;land;false;desert;7
7879;105;210;1;land;false;plains;7
7880;101;213;1;land;false;desert;7
7881;89;228;1;land;false;plains;7
7882;141;168;1;land;false;plains;7
7883;86;154;1;land;false;plains;7
7884;103;176;1;land;false;plains;7
7885;143;195;1;land;false;hills;7
7886;122;164;1;land;false;plains;7
7887;119;179;1;land;false;plains;7
7888;31;10;1;land;false;hills;7
7889;80;50;1;land;false;plains;7
7890;66;12;1;land;false;plains;7
7891;31;9;1;land;false;plains;7
7892;33;1;1;land;false;plains;7
7893;76;2;1;land;false;hills;7
7894;38;38;1;land;false;plains;7
7895;17;9;1;land;false;hills;7
7896;13;2;1;land;false;hills;7
7897;37;15;1;land;false;plains;7
7898;13;0;1;land;false;plains;7
7899;25;18;1;land;false;hills;7
7900;53;23;1;land;false;plains;7
7901;67;25;1;land;false;plains;7
7902;6;1;1;land;false;mountain;7
7903;13;59;1;land;false;mountain;7
7904;68;38;1;land;false;hills;7
7905;5;27;1;land;false;hills;7
7906;6;25;1;land;false;plains;7
7907;10;5;1;land;false;plains;7
7908;4;48;1;land;false;plains;7
7909;46;17;1;land;false;plains;7
7910;25;47;1;land;false;plains;7
7911;42;40;1;land;false;hills;7
7912;7;21;1;land;false;hills;7
7913;69;11;1;land;false;plains;7
7914;49;29;1;land;false;desert;7
7915;48;12;1;land;false;plains;7
7916;27;58;1;land;false;mountain;7
7917;34;30;1;land;false;mountain;7
7918;16;49;1;land;false;mountain;7
7919;23;27;1;land;false;plains;7
7920;40;41;1;land;false;plains;7
7921;183;131;1;land;false;plains;7
7922;251;162;1;land;false;plains;7
7923;244;160;1;land;false;plains;7
7924;224;96;1;land;false;plains;7
7925;242;36;1;land;false;plains;7
7926;212;35;1;land;false;plains;7
7927;196;54;1;land;false;plains;7
7928;187;48;1;land;false;hills;7
7929;215;55;1;land;false;plains;7
7930;183;50;1;land;false;plains;7
7931;230;37;1;land;false;plains;7
7932;237;11;1;land;false;hills;7
7933;190;23;1;land;false;plains;7
7934;252;30;1;land;false;plains;7
7935;251;1;1;land;false;plains;7
7936;218;1;1;land;false;hills;7
7937;181;8;1;land;false;plains;7
7938;238;44;1;land;false;hills;7
7939;192;22;1;land;false;plains;7
7940;248;10;1;land;false;plains;7
7941;227;29;1;land;false;plains;7
7942;162;145;1;land;false;forest;7
7943;174;167;1;land;false;hills;7
7944;211;181;1;land;false;forest;7
7945;220;158;1;land;false;plains;7
7946;226;130;1;land;false;forest;7
7947;230;181;1;land;false;hills;7
7948;155;168;1;land;false;forest;7
7949;214;184;1;land;false;hills;7
7950;24;230;1;land;false;plains;7
7951;6;213;1;land;false;plains;7
7952;14;205;1;land;false;plains;7
7953;14;251;1;land;false;plains;7
7954;16;203;1;land;false;plains;7
7955;41;203;1;land;false;plains;7
7956;14;142;1;land;false;hills;7
7957;24;113;1;land;false;plains;7
7958;42;114;1;land;true;hills;7
7959;17;165;1;land;false;plains;7
7960;14;159;1;land;true;hills;7
7961;44;130;1;land;false;hills;7
7962;25;123;1;land;false;plains;7
7963;3;152;1;land;false;hills;7
7964;27;16;1;land;false;hills;7
7965;27;7;1;land;false;desert;7
7966;1;23;1;land;false;desert;7
7967;28;40;1;land;false;hills;7
7968;6;6;1;land;false;hills;7
7969;12;36;1;land;false;hills;7
7970;10;46;1;land;false;hills;7
7971;9;31;1;land;false;desert;7
7972;36;18;1;land;false;hills;7
7973;8;26;1;land;false;hills;7
7974;31;12;1;land;false;hills;7
7975;82;205;1;land;false;hills;7
7976;58;242;1;land;false;hills;7
7977;99;209;1;land;true;hills;7
7978;123;166;1;land;true;plains;7
7979;64;98;1;land;false;plains;7
7980;116;113;1;land;false;plains;7
7981;130;70;1;land;false;plains;7
7982;19;175;1;land;false;desert;7
7983;80;133;1;land;false;hills;7
7984;14;108;1;land;false;hills;7
7985;56;123;1;land;false;hills;7
7986;32;216;1;land;false;plains;7
7987;33;250;1;land;false;hills;7
7988;39;221;1;land;false;hills;7
7989;51;140;1;land;false;plains;7
7990;16;103;1;land;false;hills;7
7991;45;103;1;land;false;plains;7
7992;65;144;1;land;false;hills;7
7993;60;134;1;land;false;hills;7
7994;53;106;1;land;false;hills;7
7995;7;137;1;land;true;mountain;7
7996;0;161;1;land;false;hills;7
7997;26;166;1;land;true;mountain;7
7998;8;98;1;land;false;plains;7
7999;38;40;1;land;false;plains;7
8000;0;13;1;land;false;plains;7
8001;0;15;1;land;false;plains;7
8002;14;37;1;land;false;plains;7
8003;43;27;1;land;false;plains;7
8004;32;48;1;land;false;plains;7
8005;38;22;1;land;false;plains;7
8006;48;236;1;land;true;mountain;7
8007;81;253;1;land;false;hills;7
8008;66;232;1;land;false;mountain;7
8009;40;238;1;land;false;hills;7
8010;87;226;1;land;false;mountain;7
8011;72;223;1;land;true;mountain;7
8012;118;241;1;land;false;mountain;7
8013;84;244;1;land;true;mountain;7
8014;109;232;1;land;true;mountain;7
8015;91;249;1;land;false;hills;7
8016;60;243;1;land;true;plains;7
8017;99;225;1;land;false;mountain;7
8018;105;213;1;land;true;mountain;7
8019;81;206;1;land;false;hills;7
8020;110;212;1;land;false;mountain;7
8021;82;242;1;land;false;mountain;7
8022;94;229;1;land;false;hills;7
8023;61;215;1;land;true;mountain;7
8024;90;248;1;land;false;mountain;7
8025;50;238;1;land;true;mountain;7
8026;97;237;1;land;false;hills;7
8027;55;219;1;land;true;mountain;7
8028;88;143;1;land;false;mountain;7
8029;87;86;1;land;false;mountain;7
8030;91;136;1;land;false;hills;7
8031;74;126;1;land;false;mountain;7
8032;70;100;1;land;false;plains;7
8033;77;110;1;land;false;hills;7
8034;41;158;1;land;false;mountain;7
8035;100;104;1;land;false;hills;7
8036;55;144;1;land;false;plains;7
8037;27;194;1;land;false;mountain;7
8038;48;206;1;land;false;plains;7
8039;58;248;1;land;false;hills;7
8040;55;237;1;land;false;hills;7
8041;90;229;1;land;false;plains;7
8042;62;248;1;land;false;plains;7
8043;107;69;1;land;false;mountain;7
8044;133;64;1;land;false;plains;7
8045;101;99;1;land;false;mountain;7
8046;85;96;1;land;false;hills;7
8047;193;28;1;land;true;hills;7
8048;216;44;1;land;false;plains;7
8049;216;42;1;land;false;plains;7
8050;161;52;1;land;false;hills;7
8051;168;7;1;land;false;plains;7
8052;216;37;1;land;true;hills;7
8053;223;2;1;land;false;plains;7
8054;179;73;1;land;false;hills;7
8055;165;47;1;land;false;hills;7
8056;162;84;1;land;true;forest;7
8057;189;72;1;land;true;hills;7
8058;129;40;1;land;true;forest;7
8059;145;54;1;land;true;hills;7
8060;208;70;1;land;true;forest;7
8061;138;102;1;land;true;forest;7
8062;195;102;1;land;true;forest;7
8063;129;37;1;land;true;forest;7
8064;150;85;1;land;true;hills;7
8065;198;62;1;land;true;forest;7
8066;133;50;1;land;true;hills;7
8067;205;34;1;land;true;forest;7
8068;115;129;1;land;false;hills;7
8069;164;161;1;land;false;hills;7
8070;171;134;1;land;false;hills;7
8071;147;201;1;land;false;hills;7
8072;101;160;1;land;false;hills;7
8073;97;137;1;land;false;hills;7
8074;105;143;1;land;false;hills;7
8075;38;193;1;land;false;hills;7
8076;106;176;1;land;false;hills;7
8077;79;164;1;land;false;hills;7
8078;56;134;1;land;false;hills;7
8079;64;162;1;land;false;hills;7
8080;105;132;1;land;false;hills;7
8081;82;189;1;land;false;hills;7
8082;37;206;1;land;false;desert;7
8083;46;166;1;land;false;desert;7
8084;60;231;1;land;false;desert;7
8085;169;7;1;land;true;forest;7
8086;123;19;1;land;true;plains;7
8087;125;171;1;land;false;plains;7
8088;145;173;1;land;false;hills;7
8089;120;153;1;land;false;plains;7
8090;134;190;1;land;false;plains;7
8091;108;131;1;land;false;plains;7
8092;88;198;1;land;false;plains;7
8093;90;139;1;land;false;plains;7
8094;138;138;1;land;false;plains;7
8095;90;203;1;land;false;plains;7
8096;104;144;1;land;false;plains;7
8097;84;160;1;land;false;plains;7
8098;79;135;1;land;false;hills;7
8099;91;145;1;land;false;plains;7
8100;120;191;1;land;false;hills;7
8101;81;143;1;land;false;plains;7
8102;106;195;1;land;false;plains;7
8103;145;205;1;land;false;plains;7
8104;105;180;1;land;false;hills;7
8105;119;202;1;land;false;hills;7
8106;83;143;1;land;false;plains;7
8107;152;200;1;land;false;plains;7
8108;103;175;1;land;false;plains;7
8109;97;127;1;land;false;plains;7
8110;175;175;1;land;false;hills;7
8111;164;119;1;land;false;plains;7
8112;104;115;1;land;false;plains;7
8113;158;130;1;land;false;plains;7
8114;128;163;1;land;false;hills;7
8115;124;119;1;land;false;hills;7
8116;135;105;1;land;false;plains;7
8117;148;128;1;land;false;plains;7
8118;163;125;1;land;false;mountain;7
8119;121;175;1;land;false;plains;7
8120;181;88;1;land;false;plains;7
8121;216;96;1;land;false;mountain;7
8122;236;73;1;land;false;hills;7
8123;197;84;1;land;false;hills;7
8124;174;113;1;land;false;plains;7
8125;216;99;1;land;false;plains;7
8126;202;128;1;land;false;mountain;7
8127;234;130;1;land;false;forest;7
8128;234;138;1;land;false;plains;7
8129;212;91;1;land;false;hills;7
8130;244;90;1;land;false;forest;7
8131;197;127;1;land;false;mountain;7
8132;249;139;1;land;false;plains;7
8133;237;91;1;land;false;mountain;7
8134;215;117;1;land;false;forest;7
8135;227;108;1;land;false;forest;7
8136;224;106;1;land;false;plains;7
8137;208;89;1;land;false;plains;7
8138;218;115;1;land;false;plains;7
8139;181;141;1;land;false;hills;7
8140;246;106;1;land;false;mountain;7
8141;222;92;1;land;false;hills;7
8142;229;132;1;land;false;hills;7
8143;187;111;1;land;false;mountain;7
8144;172;215;1;land;true;hills;7
8145;237;254;1;land;true;hills;7
8146;194;211;1;land;false;plains;7
8147;180;212;1;land;true;hills;7
8148;190;253;1;land;true;hills;7
8149;215;254;1;land;false;hills;7
8150;216;241;1;land;true;plains;7
8151;246;231;1;land;true;hills;7
8152;173;208;1;land;false;plains;7
8153;223;111;1;land;false;plains;7
8154;182;114;1;land;false;hills;7
8155;180;129;1;land;false;plains;7
8156;204;112;1;land;false;hills;7
8157;199;106;1;land;true;plains;7
8158;171;102;1;land;false;plains;7
8159;147;116;1;land;false;plains;7
8160;206;90;1;land;true;plains;7
8161;212;66;1;land;true;hills;7
8162;201;88;1;land;false;plains;7
8163;196;113;1;land;false;hills;7
8164;200;127;1;land;false;plains;7
8165;118;33;1;land;true;forest;7
8166;178;3;1;land;true;forest;7
8167;132;48;1;land;false;forest;7
8168;160;0;1;land;true;forest;7
8169;142;46;1;land;false;hills;7
8170;173;42;1;land;false;forest;7
8171;182;10;1;land;false;hills;7
8172;165;9;1;land;false;forest;7
8173;171;35;1;land;false;hills;7
8174;163;22;1;land;false;forest;7
8175;182;51;1;land;false;forest;7
8176;181;57;1;land;true;hills;7
8177;170;46;1;land;false;forest;7
8178;110;54;1;land;false;hills;7
8179;117;27;1;land;false;hills;7
8180;179;61;1;land;true;hills;7
8181;153;19;1;land;false;forest;7
8182;123;58;1;land;false;hills;7
8183;174;3;1;land;false;hills;7
8184;139;128;1;land;false;hills;7
8185;104;173;1;land;false;plains;7
8186;144;154;1;land;false;hills;7
8187;180;149;1;land;false;hills;7
8188;136;140;1;land;false;hills;7
8189;141;152;1;land;true;hills;7
8190;144;171;1;land;false;plains;7
8191;148;131;1;land;false;plains;7
8192;156;190;1;land;true;plains;7
8193;121;15;1;land;true;plains;7
8194;84;46;1;land;true;plains;7
8195;99;90;1;land;true;hills;7
8196;147;86;1;land;false;plains;7
8197;183;189;1;land;false;hills;7
8198;155;163;1;land;false;plains;7
8199;198;155;1;land;false;forest;7
8200;187;145;1;land;false;forest;7
8201;196;150;1;land;false;hills;7
8202;154;194;1;land;false;plains;7
8203;159;132;1;land;false;plains;7
8204;168;176;1;land;false;forest;7
8205;166;136;1;land;false;forest;7
8206;179;175;1;land;false;hills;7
8207;178;36;1;land;false;plains;7
8208;141;16;1;land;false;mountain;7
8209;187;34;1;land;false;hills;7
8210;131;28;1;land;false;plains;7
8211;192;1;1;land;false;plains;7
8212;147;10;1;land;false;hills;7
8213;201;16;1;land;false;plains;7
8214;182;13;1;land;false;hills;7
8215;139;17;1;land;false;hills;7
8216;170;32;1;land;false;hills;7
8217;15;133;1;land;true;mountain;7
8218;35;146;1;land;false;mountain;7
8219;37;135;1;land;false;hills;7
8220;14;124;1;land;false;mountain;7
8221;38;164;1;land;false;mountain;7
8222;19;153;1;land;true;mountain;7
8223;39;132;1;land;false;forest;7
8224;30;118;1;land;false;mountain;7
8225;3;160;1;land;true;mountain;7
8226;10;130;1;land;true;mountain;7
8227;39;127;1;land;false;mountain;7
8228;36;129;1;land;false;mountain;7
8229;10;154;1;land;false;mountain;7
8230;8;102;1;land;true;mountain;7
8231;23;146;1;land;true;mountain;7
8232;9;91;1;land;false;hills;7
8233;14;138;1;land;false;mountain;7
8234;2;137;1;land;false;mountain;7
8235;15;87;1;land;true;plains;7
8236;10;148;1;land;true;forest;7
8237;27;135;1;land;true;mountain;7
8238;36;125;1;land;true;plains;7
8239;30;119;1;land;true;mountain;7
8240;4;106;1;land;false;mountain;7
8241;40;163;1;land;false;mountain;7
8242;13;91;1;land;false;hills;7
8243;248;109;1;land;true;hills;7
8244;216;103;1;land;false;plains;7
8245;204;121;1;land;false;mountain;7
8246;201;137;1;land;false;hills;7
8247;204;71;1;land;false;plains;7
8248;217;89;1;land;false;hills;7
8249;243;133;1;land;false;plains;7
8250;241;144;1;land;true;plains;7
8251;246;80;1;land;true;hills;7
8252;232;108;1;land;false;plains;7
8253;247;114;1;land;false;plains;7
8254;237;117;1;land;true;plains;7
8255;204;89;1;land;false;hills;7
8256;199;116;1;land;true;plains;7
8257;206;88;1;land;false;mountain;7
8258;238;140;1;land;false;plains;7
8259;204;91;1;land;false;hills;7
8260;198;112;1;land;false;hills;7
8261;216;132;1;land;false;hills;7
8262;251;143;1;land;true;plains;7
8263;229;116;1;land;true;plains;7
8264;223;98;1;land;false;hills;7
8265;215;137;1;land;false;plains;7
8266;244;146;1;land;false;hills;7
8267;207;132;1;land;false;hills;7
8268;230;116;1;land;false;plains;7
8269;240;134;1;land;false;plains;7
8270;225;218;1;land;false;hills;7
8271;211;224;1;land;false;plains;7
8272;180;224;1;land;false;plains;7
8273;245;224;1;land;false;plains;7
8274;189;224;1;land;false;plains;7
8275;224;219;1;land;false;plains;7
8276;241;240;1;land;false;plains;7
8277;222;239;1;land;false;plains;7
8278;174;230;1;land;false;hills;7
8279;206;215;1;land;false;plains;7
8280;190;218;1;land;false;plains;7
8281;174;212;1;land;false;plains;7
8282;205;249;1;land;false;plains;7
8283;28;69;1;land;false;plains;7
8284;83;40;1;land;true;mountain;7
8285;53;117;1;land;false;hills;7
8286;79;117;1;land;false;mountain;7
8287;22;82;1;land;false;hills;7
8288;38;63;1;land;false;hills;7
8289;65;81;1;land;false;hills;7
8290;59;44;1;land;false;hills;7
8291;10;114;1;land;false;hills;7
8292;35;245;1;land;true;hills;7
8293;9;219;1;land;false;mountain;7
8294;30;197;1;land;false;hills;7
8295;7;204;1;land;true;hills;7
8296;3;232;1;land;false;mountain;7
8297;10;185;1;land;false;hills;7
8298;4;254;1;land;false;plains;7
8299;26;193;1;land;false;plains;7
8300;35;181;1;land;true;hills;7
8301;59;214;1;land;false;mountain;7
8302;43;213;1;land;false;plains;7
8303;36;226;1;land;false;hills;7
8304;47;114;1;land;false;mountain;7
8305;3;106;1;land;false;mountain;7
8306;60;87;1;land;false;hills;7
8307;15;93;1;land;true;mountain;7
8308;51;109;1;land;false;forest;7
8309;54;78;1;land;false;forest;7
8310;6;67;1;land;true;mountain;7
8311;6;218;1;land;false;plains;7
8312;18;232;1;land;false;plains;7
8313;19;229;1;land;false;plains;7
8314;41;206;1;land;false;plains;7
8315;41;188;1;land;false;plains;7
8316;12;183;1;land;true;plains;7
8317;199;122;1;land;true;plains;7
8318;228;102;1;land;true;plains;7
8319;243;77;1;land;false;mountain;7
8320;215;134;1;land;true;plains;7
8321;173;74;1;land;false;plains;7
8322;217;140;1;land;true;plains;7
8323;165;74;1;land;true;mountain;7
8324;178;115;1;land;true;mountain;7
8325;185;99;1;land;false;hills;7
8326;197;118;1;land;false;mountain;7
8327;184;95;1;land;true;plains;7
8328;222;101;1;land;false;mountain;7
8329;225;75;1;land;true;plains;7
8330;217;115;1;land;true;mountain;7
8331;222;118;1;land;true;mountain;7
8332;240;111;1;land;true;plains;7
8333;176;142;1;land;true;plains;7
8334;195;103;1;land;false;mountain;7
8335;211;146;1;land;true;hills;7
8336;169;72;1;land;false;hills;7
8337;186;115;1;land;false;hills;7
8338;212;117;1;land;false;hills;7
8339;195;58;1;land;false;mountain;7
8340;203;104;1;land;false;hills;7
8341;166;106;1;land;false;hills;7
8342;152;58;1;land;false;mountain;7
8343;206;95;1;land;false;hills;7
8344;214;95;1;land;false;mountain;7
8345;168;76;1;land;false;hills;7
8346;141;71;1;land;false;plains;7
8347;193;118;1;land;false;hills;7
8348;150;101;1;land;false;mountain;7
8349;212;87;1;land;false;mountain;7
8350;153;61;1;land;false;mountain;7
8351;155;126;1;land;false;mountain;7
8352;208;81;1;land;false;hills;7
8353;219;60;1;land;false;hills;7
8354;157;53;1;land;false;hills;7
8355;169;106;1;land;false;hills;7
8356;212;21;1;land;false;plains;7
8357;215;27;1;land;false;hills;7
8358;231;25;1;land;false;hills;7
8359;222;67;1;land;false;plains;7
8360;249;30;1;land;false;plains;7
8361;244;20;1;land;false;plains;7
8362;238;31;1;land;false;hills;7
8363;219;77;1;land;false;hills;7
8364;228;60;1;land;false;hills;7
8365;238;76;1;land;false;mountain;7
8366;220;93;1;land;false;hills;7
8367;231;64;1;land;false;plains;7
8368;224;93;1;land;false;hills;7
8369;214;34;1;land;false;hills;7
8370;236;19;1;land;false;plains;7
8371;241;171;1;land;false;forest;7
8372;221;160;1;land;false;jungle;7
8373;171;180;1;land;false;hills;7
8374;233;222;1;land;false;forest;7
8375;240;190;1;land;false;hills;7
8376;176;167;1;land;false;mountain;7
8377;185;187;1;land;false;jungle;7
8378;171;149;1;land;false;forest;7
8379;177;183;1;land;false;hills;7
8380;208;214;1;land;false;hills;7
8381;219;143;1;land;false;plains;7
8382;199;210;1;land;false;jungle;7
8383;241;202;1;land;false;jungle;7
8384;205;183;1;land;false;forest;7
8385;228;219;1;land;false;jungle;7
8386;177;178;1;land;false;forest;7
8387;173;212;1;land;false;mountain;7
8388;180;199;1;land;false;jungle;7
8389;27;155;1;land;false;plains;7
8390;14;152;1;land;false;hills;7
8391;3;136;1;land;false;plains;7
8392;25;130;1;land;false;hills;7
8393;14;125;1;land;false;hills;7
8394;12;148;1;land;false;hills;7
8395;48;167;1;land;false;hills;7
8396;42;179;1;land;false;plains;7
8397;15;12;1;land;true;mountain;7
8398;8;65;1;land;false;plains;7
8399;9;6;1;land;true;hills;7
8400;37;53;1;land;false;hills;7
8401;18;36;1;land;true;hills;7
8402;50;56;1;land;true;mountain;7
8403;3;57;1;land;false;plains;7
8404;39;15;1;land;false;hills;7
8405;54;14;1;land;true;hills;7
8406;54;7;1;land;true;mountain;7
8407;18;51;1;land;true;plains;7
8408;126;3;1;land;true;forest;7
8409;79;37;1;land;false;forest;7
8410;54;1;1;land;true;mountain;7
8411;63;23;1;land;true;forest;7
8412;70;25;1;land;true;forest;7
8413;57;42;1;land;false;forest;7
8414;62;152;1;land;false;mountain;7
8415;96;110;1;land;true;mountain;7
8416;27;166;1;land;false;mountain;7
8417;39;137;1;land;false;mountain;7
8418;44;154;1;land;false;hills;7
8419;86;147;1;land;false;hills;7
8420;26;144;1;land;true;forest;7
8421;100;137;1;land;false;mountain;7
8422;69;150;1;land;false;hills;7
8423;44;165;1;land;true;mountain;7
8424;54;165;1;land;false;mountain;7
8425;97;185;1;land;false;hills;7
8426;46;137;1;land;false;mountain;7
8427;85;110;1;land;false;mountain;7
8428;62;107;1;land;false;hills;7
8429;36;169;1;land;false;hills;7
8430;50;52;1;land;false;hills;7
8431;49;11;1;land;false;plains;7
8432;84;67;1;land;false;forest;7
8433;50;12;1;land;false;forest;7
8434;87;54;1;land;false;plains;7
8435;31;26;1;land;false;hills;7
8436;77;4;1;land;false;forest;7
8437;39;64;1;land;false;plains;7
8438;96;37;1;land;false;plains;7
8439;57;49;1;land;false;forest;7
8440;96;13;1;land;false;forest;7
8441;44;66;1;land;false;plains;7
8442;45;157;1;land;true;forest;7
8443;8;153;1;land;false;plains;7
8444;19;94;1;land;true;plains;7
8445;18;155;1;land;true;plains;7
8446;17;164;1;land;true;hills;7
8447;5;139;1;land;true;hills;7
8448;44;134;1;land;false;forest;7
8449;62;117;1;land;false;plains;7
8450;44;235;1;land;false;plains;7
8451;7;188;1;land;false;hills;7
8452;46;227;1;land;false;plains;7
8453;47;211;1;land;false;plains;7
8454;46;222;1;land;false;plains;7
8455;12;180;1;land;false;plains;7
8456;9;206;1;land;false;plains;7
8457;6;190;1;land;false;plains;7
8458;47;228;1;land;false;hills;7
8459;42;214;1;land;false;plains;7
8460;11;223;1;land;false;forest;7
8461;236;67;1;land;false;hills;7
8462;233;93;1;land;false;plains;7
8463;203;114;1;land;false;forest;7
8464;224;64;1;land;false;forest;7
8465;234;122;1;land;false;plains;7
8466;250;46;1;land;false;forest;7
8467;199;93;1;land;false;forest;7
8468;30;145;1;land;true;mountain;7
8469;33;164;1;land;true;hills;7
8470;69;184;1;land;true;plains;7
8471;89;153;1;land;true;plains;7
8472;70;16;1;land;false;forest;7
8473;57;46;1;land;false;plains;7
8474;36;53;1;land;false;plains;7
8475;33;94;1;land;false;forest;7
8476;17;78;1;land;false;plains;7
8477;13;25;1;land;false;forest;7
8478;20;43;1;land;false;forest;7
8479;27;88;1;land;false;plains;7
8480;101;157;1;land;true;plains;7
8481;139;132;1;land;true;plains;7
8482;124;183;1;land;true;plains;7
8483;76;202;1;land;true;plains;7
8484;72;128;1;land;true;plains;7
8485;149;184;1;land;true;hills;7
8486;71;3;1;land;false;hills;7
8487;35;33;1;land;false;hills;7
8488;74;50;1;land;false;forest;7
8489;76;56;1;land;false;forest;7
8490;107;54;1;land;false;hills;7
8491;138;2;1;land;false;hills;7
8492;142;25;1;land;false;hills;7
8493;104;36;1;land;false;hills;7
8494;177;2;1;land;false;plains;7
8495;122;35;1;land;false;hills;7
8496;147;17;1;land;false;hills;7
8497;134;35;1;land;false;hills;7
8498;173;7;1;land;false;desert;7
8499;153;10;1;land;false;hills;7
8500;168;5;1;land;false;hills;7
8501;144;9;1;land;false;hills;7
8502;160;112;1;land;false;plains;7
8503;134;120;1;land;false;plains;7
8504;138;139;1;land;false;plains;7
8505;157;115;1;land;false;plains;7
8506;168;151;1;land;false;plains;7
8507;98;125;1;land;false;hills;7
8508;28;159;1;land;false;plains;7
8509;37;130;1;land;false;plains;7
8510;95;132;1;land;false;plains;7
8511;90;183;1;land;false;plains;7
8512;92;109;1;land;false;plains;7
8513;29;134;1;land;false;plains;7
8514;50;172;1;land;false;plains;7
8515;46;153;1;land;false;plains;7
8516;83;169;1;land;false;plains;7
8517;21;169;1;land;false;plains;7
8518;45;151;1;land;false;plains;7
8519;73;146;1;land;false;plains;7
8520;62;118;1;land;false;plains;7
8521;63;105;1;land;false;plains;7
8522;66;153;1;land;false;plains;7
8523;93;145;1;land;false;plains;7
8524;47;233;1;land;true;forest;7
8525;33;230;1;land;true;hills;7
8526;5;207;1;land;false;forest;7
8527;10;243;1;land;true;hills;7
8528;40;247;1;land;true;hills;7
8529;71;226;1;land;false;forest;7
8530;54;242;1;land;true;forest;7
8531;69;214;1;land;true;hills;7
8532;19;253;1;land;true;forest;7
8533;20;234;1;land;true;hills;7
8534;67;116;1;land;true;hills;7
8535;30;107;1;land;true;plains;7
8536;10;137;1;land;true;hills;7
8537;37;164;1;land;false;hills;7
8538;41;113;1;land;false;plains;7
8539;66;95;1;land;true;hills;7
8540;34;4;1;land;false;hills;7
8541;54;49;1;land;false;plains;7
8542;1;31;1;land;false;hills;7
8543;51;48;1;land;false;plains;7
8544;41;35;1;land;false;plains;7
8545;12;22;1;land;false;plains;7
8546;40;25;1;land;false;plains;7
8547;45;41;1;land;false;hills;7
8548;55;47;1;land;false;plains;7
8549;13;33;1;land;false;plains;7
8550;100;106;1;land;false;desert;7
8551;103;109;1;land;false;hills;7
8552;134;112;1;land;false;hills;7
8553;125;119;1;land;false;hills;7
8554;82;66;1;land;false;mountain;7
8555;67;84;1;land;false;desert;7
8556;89;241;1;land;false;mountain;7
8557;63;245;1;land;false;mountain;7
8558;116;211;1;land;true;mountain;7
8559;48;217;1;land;false;mountain;7
8560;72;222;1;land;true;plains;7
8561;112;237;1;land;false;hills;7
8562;50;245;1;land;true;mountain;7
8563;118;141;1;land;false;hills;7
8564;91;159;1;land;false;forest;7
8565;55;147;1;land;false;jungle;7
8566;104;116;1;land;false;hills;7
8567;103;126;1;land;false;jungle;7
8568;101;118;1;land;false;mountain;7
8569;89;154;1;land;false;jungle;7
8570;184;72;1;land;true;hills;7
8571;158;107;1;land;true;plains;7
8572;143;59;1;land;true;plains;7
8573;149;92;1;land;false;hills;7
8574;144;112;1;land;true;hills;7
8575;136;95;1;land;true;plains;7
8576;112;84;1;land;true;hills;7
8577;117;171;1;land;false;desert;7
8578;115;181;1;land;false;plains;7
8579;110;223;1;land;false;plains;7
8580;161;191;1;land;false;desert;7
8581;94;167;1;land;false;plains;7
8582;145;227;1;land;false;plains;7
8583;99;178;1;land;false;plains;7
8584;115;183;1;land;false;desert;7
8585;109;225;1;land;false;plains;7
8586;152;74;1;land;false;hills;7
8587;161;82;1;land;true;plains;7
8588;110;42;1;land;false;plains;7
8589;90;88;1;land;true;hills;7
8590;120;56;1;land;true;hills;7
8591;105;101;1;land;true;hills;7
8592;146;36;1;land;true;hills;7
8593;95;40;1;land;true;plains;7
8594;165;43;1;land;false;forest;7
8595;133;56;1;land;true;plains;7
8596;165;30;1;land;true;hills;7
8597;116;45;1;land;true;hills;7
8598;142;59;1;land;true;hills;7
8599;97;35;1;land;false;forest;7
8600;110;77;1;land;true;plains;7
8601;166;30;1;land;true;hills;7
8602;162;181;1;land;true;hills;7
8603;188;154;1;land;true;hills;7
8604;146;201;1;land;false;forest;7
8605;170;158;1;land;false;forest;7
8606;143;153;1;land;false;jungle;7
8607;190;170;1;land;true;forest;7
8608;180;190;1;land;true;forest;7
8609;215;161;1;land;false;forest;7
8610;209;151;1;land;false;hills;7
8611;178;177;1;land;false;forest;7
8612;194;181;1;land;true;jungle;7
8613;135;76;1;land;false;plains;7
8614;187;105;1;land;false;plains;7
8615;212;49;1;land;false;hills;7
8616;177;38;1;land;false;plains;7
8617;157;84;1;land;false;hills;7
8618;175;101;1;land;false;plains;7
8619;145;42;1;land;false;plains;7
8620;142;61;1;land;false;plains;7
8621;176;194;1;land;true;forest;7
8622;124;197;1;land;true;hills;7
8623;181;192;1;land;false;forest;7
8624;166;154;1;land;false;forest;7
8625;123;132;1;land;false;plains;7
8626;132;183;1;land;false;forest;7
8627;177;192;1;land;true;hills;7
8628;187;198;1;land;true;hills;7
8629;186;201;1;land;true;hills;7
8630;96;234;1;land;false;plains;7
8631;97;225;1;land;false;plains;7
8632;108;254;1;land;false;desert;7
8633;158;228;1;land;false;desert;7
8634;150;243;1;land;false;desert;7
8635;107;218;1;land;false;hills;7
8636;124;250;1;land;false;desert;7
8637;139;221;1;land;false;plains;7
8638;129;222;1;land;false;plains;7
8639;111;215;1;land;false;plains;7
8640;101;253;1;land;false;desert;7
8641;142;224;1;land;false;hills;7
8642;153;251;1;land;false;hills;7
8643;98;233;1;land;false;hills;7
8644;95;239;1;land;false;plains;7
8645;136;90;1;land;false;mountain;7
8646;128;82;1;land;false;hills;7
8647;149;61;1;land;false;forest;7
8648;97;88;1;land;false;forest;7
8649;103;87;1;land;false;forest;7
8650;136;102;1;land;false;hills;7
8651;130;101;1;land;false;forest;7
8652;139;124;1;land;false;hills;7
8653;84;132;1;land;false;hills;7
8654;108;116;1;land;false;forest;7
8655;114;87;1;land;false;hills;7
8656;132;94;1;land;false;forest;7
8657;115;108;1;land;false;hills;7
8658;101;125;1;land;false;mountain;7
8659;77;90;1;land;false;hills;7
8660;108;79;1;land;false;mountain;7
8661;83;77;1;land;false;forest;7
8662;140;65;1;land;false;forest;7
8663;136;101;1;land;false;hills;7
8664;122;106;1;land;false;forest;7
8665;119;59;1;land;false;hills;7
8666;102;95;1;land;false;forest;7
8667;145;112;1;land;false;forest;7
8668;135;132;1;land;false;forest;7
8669;85;117;1;land;false;forest;7
8670;92;61;1;land;false;mountain;7
8671;145;225;1;land;true;plains;7
8672;96;253;1;land;true;hills;7
8673;94;230;1;land;true;mountain;7
8674;115;215;1;land;false;plains;7
8675;129;243;1;land;true;mountain;7
8676;78;252;1;land;false;hills;7
8677;146;246;1;land;false;hills;7
8678;147;210;1;land;true;hills;7
8679;144;242;1;land;false;hills;7
8680;147;235;1;land;true;plains;7
8681;125;242;1;land;true;mountain;7
8682;77;247;1;land;true;plains;7
8683;105;225;1;land;true;mountain;7
8684;137;245;1;land;true;hills;7
8685;125;204;1;land;true;hills;7
8686;137;222;1;land;true;plains;7
8687;91;239;1;land;false;hills;7
8688;80;244;1;land;false;hills;7
8689;125;207;1;land;true;plains;7
8690;98;243;1;land;true;plains;7
8691;126;233;1;land;false;plains;7
8692;83;215;1;land;true;plains;7
8693;94;225;1;land;false;hills;7
8694;80;251;1;land;true;plains;7
8695;52;93;1;land;true;hills;7
8696;117;129;1;land;true;hills;7
8697;88;152;1;land;false;hills;7
8698;65;138;1;land;false;forest;7
8699;82;89;1;land;true;desert;7
8700;119;89;1;land;true;plains;7
8701;84;116;1;land;false;hills;7
8702;118;109;1;land;true;plains;7
8703;96;133;1;land;false;hills;7
8704;68;161;1;land;true;hills;7
8705;103;124;1;land;false;hills;7
8706;75;145;1;land;true;hills;7
8707;124;146;1;land;true;plains;7
8708;99;140;1;land;true;plains;7
8709;195;184;1;land;false;plains;7
8710;171;191;1;land;false;plains;7
8711;183;236;1;land;false;hills;7
8712;146;207;1;land;true;hills;7
8713;180;243;1;land;false;plains;7
8714;159;189;1;land;true;hills;7
8715;181;221;1;land;false;plains;7
8716;180;197;1;land;false;plains;7
8717;188;175;1;land;true;hills;7
8718;160;235;1;land;true;hills;7
8719;176;218;1;land;false;desert;7
8720;216;194;1;land;false;hills;7
8721;196;214;1;land;false;hills;7
8722;146;228;1;land;false;mountain;7
8723;211;189;1;land;true;hills;7
8724;158;244;1;land;false;plains;7
8725;174;218;1;land;false;plains;7
8726;205;179;1;land;false;hills;7
8727;156;207;1;land;true;hills;7
8728;197;221;1;land;false;hills;7
8729;158;229;1;land;false;mountain;7
8730;170;244;1;land;false;hills;7
8731;156;232;1;land;false;hills;7
8732;173;211;1;land;false;plains;7
8733;171;170;1;land;false;hills;7
8734;150;224;1;land;false;hills;7
8735;213;167;1;land;true;hills;7
8736;194;187;1;land;true;plains;7
8737;204;241;1;land;false;desert;7
8738;178;173;1;land;false;plains;7
8739;166;209;1;land;true;plains;7
8740;185;168;1;land;false;hills;7
8741;138;216;1;land;false;plains;7
8742;213;225;1;land;true;hills;7
8743;157;177;1;land;false;hills;7
8744;189;189;1;land;false;plains;7
8745;143;177;1;land;false;plains;7
8746;207;243;1;land;false;desert;7
8747;213;177;1;land;false;hills;7
8748;208;191;1;land;false;hills;7
8749;201;184;1;land;false;hills;7
8750;176;220;1;land;true;hills;7
8751;212;193;1;land;false;hills;7
8752;153;174;1;land;true;hills;7
8753;166;230;1;land;false;hills;7
8754;216;242;1;land;false;hills;7
8755;151;172;1;land;false;plains;7
8756;185;195;1;land;true;plains;7
8757;207;181;1;land;false;plains;7
8758;174;172;1;land;false;hills;7
8759;150;174;1;land;true;plains;7
8760;188;194;1;land;false;desert;7
8761;191;206;1;land;false;hills;7
8762;151;200;1;land;false;hills;7
8763;170;226;1;land;true;plains;7
8764;155;171;1;land;false;desert;7
8765;209;172;1;land;true;hills;7
8766;152;186;1;land;false;hills;7
8767;193;210;1;land;false;hills;7
8768;152;243;1;land;false;hills;7
8769;157;193;1;land;true;hills;7
8770;158;176;1;land;false;plains;7
8771;173;179;1;land;false;hills;7
8772;142;221;1;land;true;desert;7
8773;153;175;1;land;false;mountain;7
8774;160;239;1;land;false;hills;7
8775;177;173;1;land;true;hills;7
8776;147;52;1;land;false;hills;7
8777;158;52;1;land;false;hills;7
8778;158;73;1;land;false;hills;7
8779;182;53;1;land;false;hills;7
8780;151;61;1;land;false;hills;7
8781;126;62;1;land;false;hills;7
8782;160;97;1;land;false;hills;7
8783;172;109;1;land;false;hills;7
8784;151;112;1;land;false;hills;7
8785;118;72;1;land;false;hills;7
8786;183;95;1;land;false;hills;7
8787;163;64;1;land;false;mountain;7
8788;153;88;1;land;false;hills;7
8789;186;131;1;land;false;hills;7
8790;150;109;1;land;false;hills;7
8791;125;100;1;land;false;hills;7
8792;95;93;1;land;false;hills;7
8793;110;76;1;land;false;hills;7
8794;128;37;1;land;false;hills;7
8795;116;98;1;land;false;hills;7
8796;143;36;1;land;false;hills;7
8797;198;197;1;land;false;plains;7
8798;222;237;1;land;false;hills;7
8799;226;211;1;land;false;plains;7
8800;218;204;1;land;false;plains;7
8801;190;174;1;land;false;hills;7
8802;215;192;1;land;false;plains;7
8803;217;190;1;land;false;plains;7
8804;199;215;1;land;false;hills;7
8805;229;173;1;land;false;plains;7
8806;244;187;1;land;false;plains;7
8807;226;165;1;land;false;plains;7
8808;205;212;1;land;false;plains;7
8809;229;170;1;land;false;plains;7
8810;249;175;1;land;false;plains;7
8811;200;233;1;land;false;plains;7
8812;186;183;1;land;false;plains;7
8813;229;212;1;land;false;plains;7
8814;212;173;1;land;false;plains;7
8815;201;223;1;land;false;plains;7
8816;246;206;1;land;false;hills;7
8817;250;203;1;land;false;plains;7
8818;251;165;1;land;false;plains;7
8819;247;165;1;land;false;plains;7
8820;211;218;1;land;false;plains;7
8821;186;207;1;land;false;hills;7
8822;232;235;1;land;false;hills;7
8823;188;224;1;land;false;hills;7
8824;199;170;1;land;false;plains;7
8825;188;202;1;land;false;plains;7
8826;236;185;1;land;false;plains;7
8827;169;195;1;land;false;plains;7
8828;228;191;1;land;false;plains;7
8829;166;162;1;land;false;plains;7
8830;197;156;1;land;false;plains;7
8831;206;168;1;land;false;plains;7
8832;189;81;1;land;true;plains;7
8833;148;96;1;land;false;desert;7
8834;179;92;1;land;false;hills;7
8835;203;29;1;land;false;desert;7
8836;175;62;1;land;false;desert;7
8837;168;91;1;land;false;hills;7
8838;198;30;1;land;false;hills;7
8839;168;47;1;land;true;hills;7
8840;211;55;1;land;true;plains;7
8841;162;41;1;land;false;hills;7
8842;204;45;1;land;false;hills;7
8843;154;78;1;land;false;desert;7
8844;199;88;1;land;false;hills;7
8845;160;58;1;land;false;desert;7
8846;208;31;1;land;false;plains;7
8847;159;80;1;land;false;desert;7
8848;15;151;1;land;false;hills;7
8849;5;153;1;land;false;hills;7
8850;28;136;1;land;false;mountain;7
8851;45;135;1;land;false;plains;7
8852;41;147;1;land;false;plains;7
8853;22;150;1;land;false;mountain;7
8854;35;168;1;land;false;plains;7
8855;5;123;1;land;false;mountain;7
8856;28;185;1;land;false;plains;7
8857;7;168;1;land;false;hills;7
8858;50;137;1;land;false;hills;7
8859;41;177;1;land;false;plains;7
8860;48;128;1;land;false;plains;7
8861;40;120;1;land;false;plains;7
8862;24;177;1;land;false;mountain;7
8863;41;125;1;land;false;plains;7
8864;254;59;1;land;false;hills;7
8865;213;42;1;land;false;plains;7
8866;248;25;1;land;false;plains;7
8867;226;39;1;land;false;plains;7
8868;237;37;1;land;false;plains;7
8869;245;67;1;land;false;plains;7
8870;230;22;1;land;false;plains;7
8871;233;30;1;land;false;plains;7
8872;216;6;1;land;false;plains;7
8873;227;0;1;land;false;plains;7
8874;218;48;1;land;false;plains;7
8875;238;27;1;land;false;plains;7
8876;243;153;1;land;true;plains;7
8877;240;141;1;land;true;hills;7
8878;235;147;1;land;false;plains;7
8879;208;195;1;land;false;hills;7
8880;220;183;1;land;true;plains;7
8881;240;153;1;land;true;hills;7
8882;215;151;1;land;true;plains;7
8883;214;199;1;land;true;hills;7
8884;235;190;1;land;false;hills;7
8885;243;178;1;land;true;plains;7
8886;232;157;1;land;false;plains;7
8887;233;160;1;land;true;hills;7
8888;214;200;1;land;false;plains;7
8889;220;142;1;land;false;hills;7
8890;236;169;1;land;true;hills;7
8891;229;196;1;land;true;plains;7
8892;242;211;1;land;false;hills;7
8893;245;7;1;land;false;mountain;7
8894;208;2;1;land;false;mountain;7
8895;228;49;1;land;false;mountain;7
8896;223;46;1;land;true;mountain;7
8897;241;8;1;land;true;mountain;7
8898;209;38;1;land;true;mountain;7
8899;230;41;1;land;false;hills;7
8900;253;1;1;land;true;mountain;7
8901;215;17;1;land;true;mountain;7
8902;227;40;1;land;false;mountain;7
8903;192;17;1;land;true;forest;7
8904;250;21;1;land;true;mountain;7
8905;226;22;1;land;false;hills;7
8906;214;46;1;land;true;mountain;7
8907;245;25;1;land;true;forest;7
8908;224;105;1;land;false;plains;7
8909;250;99;1;land;false;plains;7
8910;207;143;1;land;false;forest;7
8911;221;140;1;land;false;forest;7
8912;211;134;1;land;false;plains;7
8913;202;159;1;land;false;forest;7
8914;234;129;1;land;false;hills;7
8915;251;161;1;land;false;plains;7
8916;220;97;1;land;false;hills;7
8917;252;172;1;land;false;hills;7
8918;226;146;1;land;false;plains;7
8919;250;171;1;land;false;hills;7
8920;245;126;1;land;false;plains;7
8921;243;145;1;land;false;forest;7
8922;216;174;1;land;false;plains;7
8923;206;144;1;land;false;forest;7
8924;238;99;1;land;false;plains;7
8925;212;121;1;land;false;hills;7
8926;202;122;1;land;false;hills;7
8927;249;103;1;land;false;plains;7
8928;233;151;1;land;true;forest;7
8929;252;124;1;land;true;mountain;7
8930;243;128;1;land;true;hills;7
8931;219;197;1;land;true;mountain;7
8932;240;159;1;land;false;hills;7
8933;43;97;1;land;false;plains;7
8934;51;135;1;land;false;plains;7
8935;3;116;1;land;false;plains;7
8936;66;99;1;land;false;plains;7
8937;4;111;1;land;false;plains;7
8938;11;130;1;land;false;plains;7
8939;18;86;1;land;false;hills;7
8940;44;143;1;land;false;plains;7
8941;25;80;1;land;false;plains;7
8942;18;151;1;land;false;plains;7
8943;42;110;1;land;false;hills;7
8944;19;124;1;land;false;plains;7
8945;29;102;1;land;false;plains;7
8946;18;125;1;land;false;plains;7
8947;2;118;1;land;false;plains;7
8948;6;146;1;land;false;plains;7
8949;17;124;1;land;false;plains;7
8950;14;114;1;land;false;plains;7
8951;39;150;1;land;false;hills;7
8952;45;100;1;land;false;hills;7
8953;104;94;1;land;false;plains;7
8954;38;77;1;land;false;hills;7
8955;91;82;1;land;false;hills;7
8956;48;130;1;land;true;hills;7
8957;19;134;1;land;false;plains;7
8958;81;83;1;land;false;forest;7
8959;59;89;1;land;false;forest;7
8960;64;118;1;land;false;plains;7
8961;82;92;1;land;false;forest;7
8962;17;104;1;land;true;plains;7
8963;34;80;1;land;true;hills;7
8964;15;77;1;land;true;hills;7
8965;84;75;1;land;false;forest;7
8966;79;116;1;land;false;plains;7
8967;89;137;1;land;true;hills;7
8968;17;131;1;land;true;plains;7
8969;54;69;1;land;false;forest;7
8970;16;88;1;land;false;plains;7
8971;70;98;1;land;false;forest;7
8972;39;136;1;land;false;plains;7
8973;154;80;1;land;false;hills;7
8974;85;38;1;land;false;hills;7
8975;156;75;1;land;false;hills;7
8976;150;99;1;land;false;hills;7
8977;119;102;1;land;false;hills;7
8978;99;108;1;land;false;hills;7
8979;114;61;1;land;false;hills;7
8980;85;77;1;land;false;hills;7
8981;64;26;1;land;true;plains;7
8982;81;92;1;land;true;hills;7
8983;114;73;1;land;true;plains;7
8984;60;131;1;land;false;hills;7
8985;95;115;1;land;false;hills;7
8986;45;127;1;land;false;hills;7
8987;115;114;1;land;false;hills;7
8988;84;164;1;land;false;hills;7
8989;78;150;1;land;false;mountain;7
8990;99;184;1;land;false;hills;7
8991;75;234;1;land;false;forest;7
8992;93;232;1;land;false;forest;7
8993;43;241;1;land;false;forest;7
8994;37;235;1;land;false;forest;7
8995;27;206;1;land;false;forest;7
8996;90;238;1;land;false;hills;7
8997;87;214;1;land;false;forest;7
8998;86;233;1;land;false;forest;7
8999;60;215;1;land;false;hills;7
9000;27;240;1;land;false;forest;7
9001;76;138;1;land;false;hills;7
9002;40;127;1;land;false;hills;7
9003;87;159;1;land;false;hills;7
9004;46;165;1;land;false;hills;7
9005;55;106;1;land;false;hills;7
9006;17;155;1;land;false;hills;7
9007;98;116;1;land;true;mountain;7
9008;106;93;1;land;false;plains;7
9009;123;90;1;land;false;hills;7
9010;152;66;1;land;false;hills;7
9011;118;134;1;land;false;hills;7
9012;135;67;1;land;false;plains;7
9013;118;114;1;land;false;plains;7
9014;93;72;1;land;true;forest;7
9015;105;122;1;land;true;mountain;7
9016;93;61;1;land;false;plains;7
9017;123;118;1;land;false;hills;7
9018;96;61;1;land;false;plains;7
9019;124;67;1;land;false;hills;7
9020;108;83;1;land;false;mountain;7
9021;84;108;1;land;false;mountain;7
9022;107;242;1;land;false;hills;7
9023;85;224;1;land;false;hills;7
9024;117;203;1;land;false;forest;7
9025;92;240;1;land;false;plains;7
9026;88;239;1;land;false;hills;7
9027;103;249;1;land;false;hills;7
9028;101;235;1;land;false;mountain;7
9029;128;252;1;land;false;desert;7
9030;135;252;1;land;false;plains;7
9031;64;227;1;land;false;forest;7
9032;95;240;1;land;false;forest;7
9033;122;218;1;land;false;plains;7
9034;75;226;1;land;false;desert;7
9035;117;216;1;land;false;forest;7
9036;111;221;1;land;false;plains;7
9037;113;204;1;land;false;hills;7
9038;78;114;1;land;false;mountain;7
9039;67;157;1;land;true;mountain;7
9040;82;102;1;land;false;plains;7
9041;138;152;1;land;false;hills;7
9042;87;128;1;land;false;mountain;7
9043;103;140;1;land;true;mountain;7
9044;68;149;1;land;false;plains;7
9045;97;144;1;land;false;mountain;7
9046;129;117;1;land;false;hills;7
9047;133;98;1;land;true;mountain;7
9048;87;157;1;land;true;mountain;7
9049;71;148;1;land;false;hills;7
9050;95;144;1;land;true;mountain;7
9051;98;139;1;land;true;mountain;7
9052;114;102;1;land;true;mountain;7
9053;113;156;1;land;false;mountain;7
9054;137;122;1;land;false;mountain;7
9055;74;161;1;land;true;mountain;7
9056;77;148;1;land;true;mountain;7
9057;132;144;1;land;false;plains;7
9058;70;140;1;land;false;mountain;7
9059;88;215;1;land;false;hills;7
9060;85;185;1;land;false;hills;7
9061;43;214;1;land;false;mountain;7
9062;80;232;1;land;false;hills;7
9063;55;244;1;land;false;hills;7
9064;99;228;1;land;false;hills;7
9065;49;187;1;land;false;hills;7
9066;60;239;1;land;false;plains;7
9067;57;210;1;land;false;hills;7
9068;69;230;1;land;false;mountain;7
9069;47;190;1;land;false;forest;7
9070;108;235;1;land;false;hills;7
9071;159;114;1;land;true;mountain;7
9072;202;106;1;land;true;mountain;7
9073;186;96;1;land;false;hills;7
9074;168;108;1;land;false;hills;7
9075;159;103;1;land;true;hills;7
9076;168;92;1;land;true;forest;7
9077;170;107;1;land;true;hills;7
9078;190;81;1;land;false;mountain;7
9079;171;117;1;land;false;hills;7
9080;149;93;1;land;false;hills;7
9081;144;113;1;land;true;forest;7
9082;158;116;1;land;false;hills;7
9083;176;61;1;land;true;forest;7
9084;184;107;1;land;true;forest;7
9085;153;108;1;land;true;hills;7
9086;143;65;1;land;false;hills;7
9087;208;73;1;land;true;mountain;7
9088;175;77;1;land;false;mountain;7
9089;176;81;1;land;false;hills;7
9090;190;117;1;land;false;hills;7
9091;173;111;1;land;false;mountain;7
9092;209;71;1;land;true;forest;7
9093;194;92;1;land;true;mountain;7
9094;143;66;1;land;true;forest;7
9095;161;120;1;land;false;hills;7
9096;128;45;1;land;false;hills;7
9097;162;57;1;land;false;desert;7
9098;159;62;1;land;false;hills;7
9099;111;49;1;land;false;hills;7
9100;166;107;1;land;false;desert;7
9101;120;44;1;land;false;hills;7
9102;142;198;1;land;false;plains;7
9103;125;238;1;land;false;hills;7
9104;86;222;1;land;false;plains;7
9105;95;209;1;land;false;plains;7
9106;108;215;1;land;false;hills;7
9107;129;221;1;land;false;plains;7
9108;156;243;1;land;false;plains;7
9109;132;238;1;land;false;plains;7
9110;113;245;1;land;false;hills;7
9111;164;185;1;land;false;plains;7
9112;140;200;1;land;false;hills;7
9113;137;198;1;land;false;plains;7
9114;130;220;1;land;false;plains;7
9115;112;225;1;land;false;plains;7
9116;86;235;1;land;false;plains;7
9117;127;193;1;land;false;plains;7
9118;113;223;1;land;false;hills;7
9119;240;34;1;land;false;plains;7
9120;246;22;1;land;false;plains;7
9121;244;74;1;land;false;plains;7
9122;224;67;1;land;false;plains;7
9123;240;32;1;land;false;plains;7
9124;190;79;1;land;false;plains;7
9125;248;50;1;land;false;plains;7
9126;210;80;1;land;false;plains;7
9127;190;32;1;land;false;plains;7
9128;236;35;1;land;false;plains;7
9129;215;201;1;land;false;hills;7
9130;211;170;1;land;false;forest;7
9131;228;172;1;land;false;hills;7
9132;224;183;1;land;false;forest;7
9133;197;181;1;land;false;hills;7
9134;196;216;1;land;false;hills;7
9135;222;56;1;land;true;mountain;7
9136;169;33;1;land;true;plains;7
9137;153;103;1;land;true;mountain;7
9138;188;93;1;land;true;forest;7
9139;194;53;1;land;true;jungle;7
9140;165;68;1;land;true;forest;7
9141;226;54;1;land;true;forest;7
9142;165;161;1;land;false;hills;7
9143;172;133;1;land;false;hills;7
9144;192;177;1;land;false;hills;7
9145;197;151;1;land;false;forest;7
9146;155;166;1;land;false;hills;7
9147;79;107;1;land;false;hills;7
9148;77;82;1;land;false;hills;7
9149;92;44;1;land;false;plains;7
9150;91;93;1;land;false;hills;7
9151;96;112;1;land;false;hills;7
9152;141;105;1;land;false;hills;7
9153;137;65;1;land;false;mountain;7
9154;121;60;1;land;false;plains;7
9155;84;44;1;land;false;hills;7
9156;85;104;1;land;false;hills;7
9157;145;58;1;land;false;plains;7
9158;86;57;1;land;false;plains;7
9159;151;88;1;land;false;plains;7
9160;149;67;1;land;false;hills;7
9161;105;102;1;land;false;plains;7
9162;118;61;1;land;false;plains;7
9163;146;77;1;land;false;plains;7
9164;72;192;1;land;false;desert;7
9165;116;164;1;land;false;desert;7
9166;94;150;1;land;false;desert;7
9167;69;190;1;land;false;desert;7
9168;116;182;1;land;false;desert;7
9169;90;149;1;land;false;desert;7
9170;64;145;1;land;false;hills;7
9171;82;136;1;land;false;hills;7
9172;121;180;1;land;false;desert;7
9173;73;39;1;land;false;hills;7
9174;98;85;1;land;false;hills;7
9175;54;67;1;land;false;plains;7
9176;122;74;1;land;false;plains;7
9177;98;39;1;land;false;hills;7
9178;113;63;1;land;false;plains;7
9179;99;31;1;land;false;hills;7
9180;106;27;1;land;false;hills;7
9181;74;34;1;land;false;plains;7
9182;95;172;1;land;true;mountain;7
9183;104;225;1;land;true;mountain;7
9184;71;227;1;land;true;mountain;7
9185;136;54;1;land;false;forest;7
9186;154;49;1;land;false;hills;7
9187;133;32;1;land;false;forest;7
9188;180;32;1;land;false;forest;7
9189;160;2;1;land;false;forest;7
9190;151;8;1;land;false;hills;7
9191;160;23;1;land;false;hills;7
9192;149;20;1;land;false;hills;7
9193;199;42;1;land;false;plains;7
9194;182;16;1;land;false;forest;7
9195;151;51;1;land;false;plains;7
9196;164;14;1;land;false;hills;7
9197;119;41;1;land;false;hills;7
9198;133;42;1;land;false;hills;7
9199;167;65;1;land;false;hills;7
9200;136;75;1;land;false;hills;7
9201;177;10;1;land;false;forest;7
9202;142;78;1;land;false;hills;7
9203;148;142;1;land;false;forest;7
9204;193;81;1;land;false;hills;7
9205;151;83;1;land;false;forest;7
9206;163;91;1;land;false;hills;7
9207;203;108;1;land;false;forest;7
9208;198;108;1;land;false;forest;7
9209;194;135;1;land;false;forest;7
9210;178;125;1;land;false;forest;7
9211;214;98;1;land;false;forest;7
9212;164;114;1;land;false;hills;7
9213;167;153;1;land;false;plains;7
9214;186;117;1;land;false;forest;7
9215;151;126;1;land;false;hills;7
9216;161;121;1;land;false;forest;7
9217;132;146;1;land;false;hills;7
9218;154;114;1;land;false;forest;7
9219;187;167;1;land;false;hills;7
9220;127;125;1;land;false;hills;7
9221;149;142;1;land;false;hills;7
9222;143;119;1;land;false;forest;7
9223;132;119;1;land;false;forest;7
9224;190;132;1;land;false;mountain;7
9225;150;150;1;land;false;hills;7
9226;201;140;1;land;false;forest;7
9227;135;159;1;land;false;hills;7
9228;168;133;1;land;false;forest;7
9229;146;123;1;land;false;forest;7
9230;174;169;1;land;false;mountain;7
9231;162;148;1;land;false;hills;7
9232;205;91;1;land;false;hills;7
9233;194;80;1;land;false;hills;7
9234;211;89;1;land;false;desert;7
9235;247;92;1;land;false;desert;7
9236;224;111;1;land;false;desert;7
9237;232;114;1;land;true;plains;7
9238;197;87;1;land;true;hills;7
9239;222;133;1;land;false;desert;7
9240;195;81;1;land;true;desert;7
9241;216;124;1;land;true;plains;7
9242;203;139;1;land;true;hills;7
9243;251;88;1;land;false;desert;7
9244;254;104;1;land;false;desert;7
9245;228;246;1;land;false;forest;7
9246;209;246;1;land;false;plains;7
9247;235;240;1;land;false;plains;7
9248;237;251;1;land;false;plains;7
9249;253;226;1;land;false;plains;7
9250;203;181;1;land;false;plains;7
9251;190;161;1;land;false;hills;7
9252;212;197;1;land;false;hills;7
9253;161;188;1;land;false;plains;7
9254;198;149;1;land;false;hills;7
9255;189;175;1;land;false;hills;7
9256;212;189;1;land;false;plains;7
9257;221;174;1;land;false;plains;7
9258;159;221;1;land;false;plains;7
9259;225;180;1;land;false;plains;7
9260;158;211;1;land;false;plains;7
9261;205;4;1;land;true;hills;7
9262;163;33;1;land;false;hills;7
9263;158;6;1;land;true;hills;7
9264;190;15;1;land;true;hills;7
9265;179;21;1;land;true;hills;7
9266;162;7;1;land;true;mountain;7
9267;222;28;1;land;false;hills;7
9268;155;5;1;land;false;hills;7
9269;179;5;1;land;true;plains;7
9270;28;126;1;land;false;forest;7
9271;29;104;1;land;false;forest;7
9272;63;139;1;land;false;forest;7
9273;22;88;1;land;false;forest;7
9274;14;129;1;land;false;forest;7
9275;57;98;1;land;false;forest;7
9276;17;194;1;land;false;hills;7
9277;9;229;1;land;false;hills;7
9278;17;197;1;land;false;plains;7
9279;5;205;1;land;false;hills;7
9280;3;218;1;land;false;plains;7
9281;6;223;1;land;false;plains;7
9282;8;244;1;land;false;plains;7
9283;4;194;1;land;false;hills;7
9284;7;87;1;land;false;plains;7
9285;13;106;1;land;false;plains;7
9286;14;83;1;land;false;plains;7
9287;26;139;1;land;true;plains;7
9288;7;141;1;land;false;plains;7
9289;3;146;1;land;true;hills;7
9290;30;144;1;land;false;plains;7
9291;31;106;1;land;true;plains;7
9292;248;235;1;land;false;hills;7
9293;225;248;1;land;false;hills;7
9294;199;252;1;land;false;hills;7
9295;218;242;1;land;false;hills;7
9296;252;247;1;land;false;hills;7
9297;201;221;1;land;false;hills;7
9298;217;247;1;land;false;hills;7
9299;231;221;1;land;false;mountain;7
9300;221;254;1;land;false;hills;7
9301;214;212;1;land;false;hills;7
9302;252;251;1;land;false;hills;7
9303;240;218;1;land;false;hills;7
9304;252;213;1;land;false;plains;7
9305;197;252;1;land;false;hills;7
9306;247;238;1;land;false;hills;7
9307;53;72;1;land;false;plains;7
9308;102;39;1;land;false;hills;7
9309;72;92;1;land;false;hills;7
9310;89;60;1;land;false;hills;7
9311;34;59;1;land;false;plains;7
9312;76;90;1;land;false;hills;7
9313;73;113;1;land;false;plains;7
9314;61;47;1;land;false;plains;7
9315;85;44;1;land;false;plains;7
9316;109;99;1;land;false;plains;7
9317;84;105;1;land;false;hills;7
9318;37;79;1;land;true;hills;7
9319;23;76;1;land;false;jungle;7
9320;8;123;1;land;true;hills;7
9321;60;136;1;land;true;forest;7
9322;65;121;1;land;false;jungle;7
9323;25;89;1;land;true;hills;7
9324;40;75;1;land;false;hills;7
9325;11;81;1;land;true;hills;7
9326;31;124;1;land;false;hills;7
9327;69;122;1;land;false;hills;7
9328;63;89;1;land;false;forest;7
9329;83;109;1;land;false;forest;7
9330;71;126;1;land;false;jungle;7
9331;69;74;1;land;false;hills;7
9332;21;84;1;land;false;hills;7
9333;73;95;1;land;false;forest;7
9334;28;124;1;land;true;hills;7
9335;20;106;1;land;true;hills;7
9336;33;77;1;land;true;forest;7
9337;17;119;1;land;true;forest;7
9338;38;109;1;land;false;forest;7
9339;74;78;1;land;true;hills;7
9340;34;90;1;land;false;hills;7
9341;57;66;1;land;true;hills;7
9342;63;116;1;land;true;hills;7
9343;22;95;1;land;false;forest;7
9344;43;90;1;land;false;mountain;7
9345;8;105;1;land;false;hills;7
9346;18;142;1;land;true;hills;7
9347;30;126;1;land;false;jungle;7
9348;56;74;1;land;true;hills;7
9349;20;133;1;land;false;forest;7
9350;26;183;1;land;true;hills;7
9351;14;191;1;land;false;plains;7
9352;46;234;1;land;true;plains;7
9353;15;170;1;land;false;plains;7
9354;0;179;1;land;false;plains;7
9355;33;196;1;land;false;plains;7
9356;27;204;1;land;false;plains;7
9357;0;169;1;land;true;hills;7
9358;57;228;1;land;false;plains;7
9359;23;227;1;land;false;plains;7
9360;247;123;1;land;false;hills;7
9361;230;72;1;land;false;hills;7
9362;245;95;1;land;false;hills;7
9363;198;122;1;land;true;plains;7
9364;210;102;1;land;false;hills;7
9365;211;88;1;land;true;hills;7
9366;192;80;1;land;false;hills;7
9367;219;91;1;land;true;plains;7
9368;244;88;1;land;false;plains;7
9369;227;74;1;land;false;mountain;7
9370;208;140;1;land;true;plains;7
9371;200;89;1;land;false;hills;7
9372;234;83;1;land;false;mountain;7
9373;200;112;1;land;false;plains;7
9374;200;76;1;land;false;plains;7
9375;222;134;1;land;true;mountain;7
9376;218;127;1;land;true;mountain;7
9377;241;127;1;land;false;hills;7
9378;178;105;1;land;false;hills;7
9379;209;75;1;land;false;hills;7
9380;177;79;1;land;false;plains;7
9381;182;81;1;land;false;plains;7
9382;227;127;1;land;false;hills;7
9383;232;57;1;land;false;hills;7
9384;221;84;1;land;false;plains;7
9385;235;81;1;land;false;plains;7
9386;177;99;1;land;false;plains;7
9387;206;68;1;land;false;hills;7
9388;194;89;1;land;false;plains;7
9389;221;237;1;land;false;hills;7
9390;245;197;1;land;false;mountain;7
9391;233;212;1;land;false;mountain;7
9392;222;186;1;land;false;hills;7
9393;220;181;1;land;false;mountain;7
9394;239;241;1;land;false;mountain;7
9395;236;243;1;land;false;hills;7
9396;238;57;1;land;true;hills;7
9397;253;116;1;land;true;hills;7
9398;235;152;1;land;false;hills;7
9399;201;186;1;land;false;hills;7
9400;195;205;1;land;false;hills;7
9401;202;174;1;land;false;plains;7
9402;41;27;1;land;false;hills;7
9403;63;51;1;land;false;plains;7
9404;74;44;1;land;false;forest;7
9405;96;36;1;land;false;forest;7
9406;96;23;1;land;false;forest;7
9407;86;55;1;land;false;forest;7
9408;31;77;1;land;false;forest;7
9409;55;59;1;land;false;forest;7
9410;101;51;1;land;false;forest;7
9411;30;58;1;land;false;plains;7
9412;26;32;1;land;false;plains;7
9413;59;62;1;land;false;plains;7
9414;95;0;1;land;false;plains;7
9415;118;10;1;land;true;hills;7
9416;142;13;1;land;false;plains;7
9417;123;22;1;land;false;plains;7
9418;98;35;1;land;true;hills;7
9419;136;8;1;land;false;plains;7
9420;78;24;1;land;true;hills;7
9421;75;1;1;land;true;plains;7
9422;108;27;1;land;false;plains;7
9423;125;3;1;land;false;plains;7
9424;93;24;1;land;true;hills;7
9425;73;42;1;land;true;plains;7
9426;75;23;1;land;false;plains;7
9427;94;14;1;land;true;plains;7
9428;124;2;1;land;false;plains;7
9429;147;15;1;land;true;hills;7
9430;141;43;1;land;false;plains;7
9431;146;6;1;land;false;plains;7
9432;129;10;1;land;false;forest;7
9433;116;171;1;land;false;hills;7
9434;122;107;1;land;false;hills;7
9435;127;167;1;land;false;hills;7
9436;48;65;1;land;false;hills;7
9437;122;15;1;land;true;hills;7
9438;93;50;1;land;false;plains;7
9439;51;41;1;land;false;plains;7
9440;90;44;1;land;false;plains;7
9441;53;5;1;land;false;plains;7
9442;67;20;1;land;false;plains;7
9443;119;28;1;land;false;hills;7
9444;60;46;1;land;true;hills;7
9445;50;62;1;land;false;plains;7
9446;115;55;1;land;false;hills;7
9447;119;67;1;land;false;plains;7
9448;78;14;1;land;false;plains;7
9449;109;19;1;land;false;plains;7
9450;115;2;1;land;false;plains;7
9451;70;18;1;land;false;hills;7
9452;66;32;1;land;false;hills;7
9453;104;31;1;land;false;plains;7
9454;104;47;1;land;false;hills;7
9455;69;50;1;land;false;plains;7
9456;99;22;1;land;false;plains;7
9457;87;141;1;land;false;hills;7
9458;13;244;1;land;false;hills;7
9459;76;243;1;land;false;hills;7
9460;16;184;1;land;false;hills;7
9461;34;225;1;land;false;mountain;7
9462;27;37;1;land;true;hills;7
9463;4;92;1;land;false;hills;7
9464;25;59;1;land;true;hills;7
9465;11;46;1;land;false;hills;7
9466;33;58;1;land;false;plains;7
9467;48;40;1;land;false;hills;7
9468;31;87;1;land;false;mountain;7
9469;37;52;1;land;false;hills;7
9470;39;79;1;land;true;plains;7
9471;36;81;1;land;true;hills;7
9472;7;92;1;land;false;hills;7
9473;11;45;1;land;true;hills;7
9474;34;60;1;land;true;hills;7
9475;26;80;1;land;false;hills;7
9476;32;99;1;land;true;hills;7
9477;19;42;1;land;true;hills;7
9478;36;78;1;land;false;mountain;7
9479;28;72;1;land;false;hills;7
9480;24;72;1;land;true;hills;7
9481;15;63;1;land;true;plains;7
9482;36;64;1;land;false;hills;7
9483;10;73;1;land;false;plains;7
9484;15;44;1;land;false;hills;7
9485;57;39;1;land;true;hills;7
9486;63;48;1;land;false;hills;7
9487;10;203;1;land;false;plains;7
9488;32;213;1;land;false;plains;7
9489;27;178;1;land;false;plains;7
9490;25;214;1;land;false;plains;7
9491;7;227;1;land;false;plains;7
9492;29;187;1;land;false;plains;7
9493;40;237;1;land;false;plains;7
9494;8;234;1;land;false;plains;7
9495;10;208;1;land;false;plains;7
9496;3;226;1;land;false;plains;7
9497;29;229;1;land;false;plains;7
9498;27;182;1;land;false;plains;7
9499;121;147;1;land;true;hills;7
9500;61;139;1;land;true;hills;7
9501;106;168;1;land;false;hills;7
9502;113;200;1;land;true;hills;7
9503;118;165;1;land;false;plains;7
9504;59;146;1;land;false;plains;7
9505;73;157;1;land;false;hills;7
9506;59;201;1;land;false;plains;7
9507;107;165;1;land;false;hills;7
9508;79;132;1;land;true;hills;7
9509;57;176;1;land;true;plains;7
9510;53;189;1;land;false;hills;7
9511;94;179;1;land;true;plains;7
9512;105;157;1;land;true;hills;7
9513;56;131;1;land;false;plains;7
9514;52;172;1;land;false;hills;7
9515;80;143;1;land;false;plains;7
9516;96;162;1;land;true;hills;7
9517;111;160;1;land;false;plains;7
9518;102;162;1;land;false;hills;7
9519;114;175;1;land;false;plains;7
9520;75;130;1;land;true;plains;7
9521;120;209;1;land;false;plains;7
9522;125;178;1;land;true;plains;7
9523;72;153;1;land;false;hills;7
9524;86;169;1;land;false;plains;7
9525;96;173;1;land;false;plains;7
9526;66;40;1;land;true;mountain;7
9527;95;65;1;land;false;mountain;7
9528;109;92;1;land;false;plains;7
9529;102;57;1;land;false;mountain;7
9530;54;23;1;land;true;mountain;7
9531;78;40;1;land;false;mountain;7
9532;53;51;1;land;true;mountain;7
9533;66;91;1;land;true;plains;7
9534;92;83;1;land;true;mountain;7
9535;106;68;1;land;false;plains;7
9536;67;18;1;land;true;mountain;7
9537;63;22;1;land;false;hills;7
9538;72;51;1;land;false;mountain;7
9539;33;51;1;land;true;plains;7
9540;67;73;1;land;true;mountain;7
9541;165;184;1;land;true;plains;7
9542;164;131;1;land;true;plains;7
9543;140;141;1;land;true;hills;7
9544;98;166;1;land;true;plains;7
9545;132;138;1;land;true;hills;7
9546;140;26;1;land;false;hills;7
9547;103;6;1;land;true;mountain;7
9548;105;43;1;land;false;hills;7
9549;144;28;1;land;false;hills;7
9550;149;33;1;land;true;mountain;7
9551;153;33;1;land;false;hills;7
9552;133;21;1;land;false;hills;7
9553;87;6;1;land;false;mountain;7
9554;105;19;1;land;true;forest;7
9555;103;9;1;land;true;hills;7
9556;128;39;1;land;false;hills;7
9557;100;29;1;land;false;forest;7
9558;89;36;1;land;true;plains;7
9559;90;0;1;land;true;hills;7
9560;150;32;1;land;true;plains;7
9561;103;25;1;land;true;mountain;7
9562;120;33;1;land;false;hills;7
9563;142;17;1;land;false;hills;7
9564;116;40;1;land;false;hills;7
9565;73;163;1;land;true;plains;7
9566;84;178;1;land;true;plains;7
9567;134;122;1;land;true;mountain;7
9568;145;6;1;land;true;mountain;7
9569;178;28;1;land;false;hills;7
9570;172;29;1;land;true;hills;7
9571;145;15;1;land;false;hills;7
9572;189;5;1;land;true;mountain;7
9573;98;211;1;land;false;hills;7
9574;173;214;1;land;false;forest;7
9575;145;221;1;land;false;forest;7
9576;134;222;1;land;false;hills;7
9577;146;206;1;land;false;hills;7
9578;168;247;1;land;false;forest;7
9579;158;240;1;land;false;hills;7
9580;107;250;1;land;false;hills;7
9581;130;242;1;land;false;forest;7
9582;174;235;1;land;false;hills;7
9583;141;239;1;land;false;forest;7
9584;172;231;1;land;false;plains;7
9585;75;121;1;land;false;hills;7
9586;74;116;1;land;false;hills;7
9587;96;185;1;land;false;plains;7
9588;71;157;1;land;false;plains;7
9589;43;166;1;land;false;hills;7
9590;74;160;1;land;false;hills;7
9591;83;170;1;land;false;hills;7
9592;50;116;1;land;true;plains;7
9593;60;15;1;land;false;plains;7
9594;47;30;1;land;false;forest;7
9595;31;50;1;land;false;forest;7
9596;16;24;1;land;false;hills;7
9597;22;28;1;land;false;forest;7
9598;27;18;1;land;false;forest;7
9599;39;44;1;land;false;forest;7
9600;31;43;1;land;false;forest;7
9601;32;10;1;land;false;forest;7
9602;65;5;1;land;false;forest;7
9603;67;14;1;land;false;forest;7
9604;47;52;1;land;false;hills;7
9605;5;12;1;land;false;hills;7
9606;49;4;1;land;false;hills;7
9607;36;49;1;land;false;hills;7
9608;43;24;1;land;false;forest;7
9609;43;47;1;land;false;forest;7
9610;64;52;1;land;false;forest;7
9611;36;3;1;land;false;hills;7
9612;32;3;1;land;false;hills;7
9613;39;46;1;land;false;hills;7
9614;68;20;1;land;false;forest;7
9615;63;13;1;land;false;forest;7
9616;68;10;1;land;false;forest;7
9617;26;3;1;land;false;hills;7
9618;88;231;1;land;true;plains;7
9619;126;217;1;land;false;desert;7
9620;102;227;1;land;false;desert;7
9621;108;217;1;land;true;desert;7
9622;95;248;1;land;false;desert;7
9623;117;226;1;land;true;hills;7
9624;104;240;1;land;true;plains;7
9625;142;244;1;land;false;desert;7
9626;137;246;1;land;false;plains;7
9627;130;201;1;land;true;hills;7
9628;116;247;1;land;false;hills;7
9629;122;225;1;land;false;hills;7
9630;105;136;1;land;false;plains;7
9631;100;100;1;land;false;plains;7
9632;120;127;1;land;false;plains;7
9633;99;109;1;land;false;plains;7
9634;139;159;1;land;false;plains;7
9635;70;112;1;land;false;plains;7
9636;88;160;1;land;false;plains;7
9637;102;109;1;land;false;plains;7
9638;106;207;1;land;true;hills;7
9639;56;181;1;land;false;plains;7
9640;97;251;1;land;false;plains;7
9641;113;254;1;land;true;hills;7
9642;82;181;1;land;false;hills;7
9643;95;200;1;land;true;hills;7
9644;81;194;1;land;false;hills;7
9645;202;100;1;land;false;hills;7
9646;160;70;1;land;false;plains;7
9647;151;128;1;land;false;hills;7
9648;153;122;1;land;false;hills;7
9649;186;83;1;land;false;hills;7
9650;208;112;1;land;false;hills;7
9651;178;56;1;land;false;plains;7
9652;162;78;1;land;false;plains;7
9653;207;81;1;land;false;plains;7
9654;214;57;1;land;false;hills;7
9655;167;178;1;land;false;hills;7
9656;144;216;1;land;false;plains;7
9657;170;224;1;land;false;plains;7
9658;124;188;1;land;false;plains;7
9659;134;214;1;land;false;plains;7
9660;174;166;1;land;false;plains;7
9661;150;204;1;land;false;plains;7
9662;171;207;1;land;false;hills;7
9663;157;154;1;land;false;plains;7
9664;116;151;1;land;false;plains;7
9665;154;210;1;land;false;mountain;7
9666;157;205;1;land;false;hills;7
9667;163;201;1;land;false;hills;7
9668;132;243;1;land;false;hills;7
9669;127;203;1;land;false;forest;7
9670;127;200;1;land;false;hills;7
9671;151;218;1;land;false;hills;7
9672;163;214;1;land;false;hills;7
9673;120;181;1;land;false;hills;7
9674;152;178;1;land;false;mountain;7
9675;102;253;1;land;false;hills;7
9676;146;247;1;land;false;hills;7
9677;153;253;1;land;false;hills;7
9678;138;184;1;land;false;hills;7
9679;99;189;1;land;false;mountain;7
9680;109;199;1;land;false;hills;7
9681;168;232;1;land;false;hills;7
9682;196;71;1;land;false;plains;7
9683;210;74;1;land;false;hills;7
9684;201;58;1;land;false;plains;7
9685;200;3;1;land;false;hills;7
9686;222;4;1;land;false;hills;7
9687;197;74;1;land;false;hills;7
9688;248;32;1;land;false;hills;7
9689;202;28;1;land;false;hills;7
9690;253;26;1;land;false;desert;7
9691;186;30;1;land;true;hills;7
9692;208;76;1;land;false;hills;7
9693;214;13;1;land;false;plains;7
9694;235;19;1;land;false;desert;7
9695;251;44;1;land;true;hills;7
9696;238;19;1;land;true;hills;7
9697;203;7;1;land;false;hills;7
9698;218;80;1;land;true;hills;7
9699;212;20;1;land;false;plains;7
9700;227;72;1;land;true;desert;7
9701;216;80;1;land;false;plains;7
9702;186;45;1;land;false;plains;7
9703;209;40;1;land;false;hills;7
9704;205;1;1;land;false;plains;7
9705;239;25;1;land;false;mountain;7
9706;220;48;1;land;false;hills;7
9707;227;78;1;land;false;hills;7
9708;215;71;1;land;false;plains;7
9709;230;62;1;land;true;hills;7
9710;190;43;1;land;false;plains;7
9711;213;9;1;land;false;desert;7
9712;198;80;1;land;false;hills;7
9713;247;67;1;land;false;hills;7
9714;146;169;1;land;false;plains;7
9715;172;196;1;land;false;hills;7
9716;170;128;1;land;false;plains;7
9717;146;180;1;land;false;hills;7
9718;149;153;1;land;false;mountain;7
9719;209;186;1;land;false;hills;7
9720;176;195;1;land;false;hills;7
9721;116;246;1;land;false;mountain;7
9722;162;242;1;land;false;hills;7
9723;179;250;1;land;false;mountain;7
9724;168;239;1;land;false;hills;7
9725;180;238;1;land;false;mountain;7
9726;145;237;1;land;true;hills;7
9727;142;220;1;land;false;mountain;7
9728;150;241;1;land;false;mountain;7
9729;183;222;1;land;false;mountain;7
9730;131;225;1;land;false;jungle;7
9731;145;248;1;land;true;forest;7
9732;143;224;1;land;false;forest;7
9733;155;249;1;land;false;forest;7
9734;162;243;1;land;true;plains;7
9735;155;245;1;land;false;mountain;7
9736;148;235;1;land;true;plains;7
9737;115;254;1;land;false;forest;7
9738;129;238;1;land;false;hills;7
9739;174;220;1;land;false;hills;7
9740;174;215;1;land;true;hills;7
9741;170;254;1;land;true;mountain;7
9742;178;249;1;land;false;hills;7
9743;143;233;1;land;false;plains;7
9744;123;210;1;land;false;plains;7
9745;145;235;1;land;false;plains;7
9746;132;198;1;land;false;hills;7
9747;167;201;1;land;false;hills;7
9748;81;88;1;land;false;forest;7
9749;85;91;1;land;false;forest;7
9750;149;97;1;land;false;forest;7
9751;96;97;1;land;false;forest;7
9752;225;178;1;land;false;hills;7
9753;195;233;1;land;false;plains;7
9754;199;220;1;land;false;plains;7
9755;168;182;1;land;false;plains;7
9756;188;229;1;land;false;plains;7
9757;233;204;1;land;false;plains;7
9758;218;189;1;land;false;plains;7
9759;206;205;1;land;false;plains;7
9760;240;228;1;land;false;hills;7
9761;220;216;1;land;false;plains;7
9762;240;199;1;land;false;plains;7
9763;191;214;1;land;false;hills;7
9764;181;97;1;land;false;hills;7
9765;188;124;1;land;false;hills;7
9766;181;53;1;land;false;hills;7
9767;155;72;1;land;false;plains;7
9768;173;91;1;land;false;plains;7
9769;180;104;1;land;false;hills;7
9770;171;60;1;land;false;plains;7
9771;189;84;1;land;false;hills;7
9772;219;106;1;land;false;plains;7
9773;220;131;1;land;false;plains;7
9774;220;119;1;land;false;plains;7
9775;206;201;1;land;false;hills;7
9776;156;194;1;land;false;forest;7
9777;138;243;1;land;false;hills;7
9778;198;253;1;land;false;hills;7
9779;194;216;1;land;false;hills;7
9780;238;167;1;land;false;hills;7
9781;237;220;1;land;false;desert;7
9782;219;236;1;land;false;desert;7
9783;218;188;1;land;false;desert;7
9784;235;182;1;land;false;desert;7
9785;227;232;1;land;false;hills;7
9786;217;176;1;land;false;desert;7
9787;248;31;1;land;false;hills;7
9788;247;69;1;land;false;plains;7
9789;251;48;1;land;false;plains;7
9790;225;24;1;land;false;desert;7
9791;236;50;1;land;false;desert;7
9792;208;49;1;land;false;plains;7
9793;192;8;1;land;false;desert;7
9794;246;5;1;land;false;desert;7
9795;225;50;1;land;false;desert;7
9796;227;42;1;land;false;desert;7
9797;196;53;1;land;false;desert;7
9798;197;67;1;land;false;desert;7
9799;196;25;1;land;false;desert;7
9800;202;179;1;land;true;plains;7
9801;184;179;1;land;true;mountain;7
9802;38;118;1;land;false;hills;7
9803;18;120;1;land;true;plains;7
9804;14;157;1;land;false;hills;7
9805;50;165;1;land;true;plains;7
9806;236;34;1;land;true;plains;7
9807;221;55;1;land;false;hills;7
9808;244;58;1;land;false;hills;7
9809;248;56;1;land;false;plains;7
9810;34;65;1;land;false;mountain;7
9811;63;42;1;land;false;forest;7
9812;48;59;1;land;false;hills;7
9813;69;69;1;land;false;hills;7
9814;40;5;1;land;true;plains;7
9815;41;13;1;land;true;mountain;7
9816;53;45;1;land;true;mountain;7
9817;17;71;1;land;true;forest;7
9818;66;73;1;land;true;plains;7
9819;37;63;1;land;false;forest;7
9820;28;28;1;land;false;mountain;7
9821;59;32;1;land;false;hills;7
9822;62;59;1;land;true;mountain;7
9823;2;64;1;land;false;mountain;7
9824;68;67;1;land;false;mountain;7
9825;20;33;1;land;false;hills;7
9826;30;8;1;land;false;mountain;7
9827;179;101;1;land;false;plains;7
9828;148;145;1;land;false;hills;7
9829;193;111;1;land;false;plains;7
9830;158;133;1;land;false;hills;7
9831;179;142;1;land;false;plains;7
9832;187;95;1;land;false;hills;7
9833;159;169;1;land;false;plains;7
9834;197;98;1;land;false;hills;7
9835;173;153;1;land;false;plains;7
9836;179;172;1;land;false;hills;7
9837;193;167;1;land;false;hills;7
9838;201;98;1;land;false;hills;7
9839;202;134;1;land;false;plains;7
9840;193;134;1;land;false;plains;7
9841;171;116;1;land;false;plains;7
9842;178;127;1;land;false;hills;7
9843;148;149;1;land;false;plains;7
9844;144;152;1;land;false;hills;7
9845;200;134;1;land;false;plains;7
9846;149;154;1;land;false;plains;7
9847;150;159;1;land;false;plains;7
9848;25;14;1;land;false;hills;7
9849;45;5;1;land;false;hills;7
9850;16;0;1;land;true;mountain;7
9851;34;18;1;land;false;mountain;7
9852;29;48;1;land;false;hills;7
9853;11;9;1;land;false;mountain;7
9854;29;22;1;land;false;mountain;7
9855;42;58;1;land;false;mountain;7
9856;45;12;1;land;true;plains;7
9857;44;55;1;land;false;hills;7
9858;43;31;1;land;true;mountain;7
9859;7;54;1;land;true;hills;7
9860;30;55;1;land;false;hills;7
9861;36;5;1;land;true;mountain;7
9862;118;159;1;land;false;forest;7
9863;147;162;1;land;false;hills;7
9864;133;175;1;land;false;hills;7
9865;170;188;1;land;false;forest;7
9866;144;191;1;land;false;forest;7
9867;169;183;1;land;false;hills;7
9868;126;192;1;land;false;hills;7
9869;116;119;1;land;false;forest;7
9870;192;139;1;land;false;hills;7
9871;202;133;1;land;false;hills;7
9872;176;126;1;land;false;plains;7
9873;221;102;1;land;false;plains;7
9874;227;119;1;land;false;plains;7
9875;87;23;1;land;false;plains;7
9876;19;49;1;land;false;plains;7
9877;77;16;1;land;false;hills;7
9878;73;2;1;land;false;plains;7
9879;86;21;1;land;false;plains;7
9880;34;19;1;land;false;plains;7
9881;27;91;1;land;false;hills;7
9882;13;72;1;land;false;hills;7
9883;1;88;1;land;true;mountain;7
9884;14;79;1;land;true;plains;7
9885;44;53;1;land;false;hills;7
9886;9;103;1;land;false;hills;7
9887;12;98;1;land;false;hills;7
9888;5;101;1;land;false;hills;7
9889;4;69;1;land;true;mountain;7
9890;22;117;1;land;false;hills;7
9891;6;74;1;land;true;mountain;7
9892;63;220;1;land;false;hills;7
9893;87;183;1;land;false;hills;7
9894;80;237;1;land;false;hills;7
9895;120;203;1;land;false;mountain;7
9896;83;189;1;land;false;hills;7
9897;246;108;1;land;true;forest;7
9898;202;85;1;land;true;hills;7
9899;233;109;1;land;false;plains;7
9900;238;107;1;land;false;hills;7
9901;231;81;1;land;true;hills;7
9902;242;64;1;land;true;mountain;7
9903;238;94;1;land;true;hills;7
9904;227;84;1;land;true;forest;7
9905;245;128;1;land;true;hills;7
9906;246;82;1;land;true;forest;7
9907;213;121;1;land;false;hills;7
9908;233;67;1;land;true;forest;7
9909;204;79;1;land;true;plains;7
9910;121;190;1;land;false;forest;7
9911;119;254;1;land;false;hills;7
9912;107;203;1;land;false;hills;7
9913;106;214;1;land;false;hills;7
9914;153;208;1;land;false;hills;7
9915;133;247;1;land;true;hills;7
9916;112;230;1;land;false;forest;7
9917;135;175;1;land;false;hills;7
9918;148;176;1;land;false;hills;7
9919;138;194;1;land;false;forest;7
9920;117;205;1;land;false;forest;7
9921;142;250;1;land;false;hills;7
9922;104;224;1;land;false;mountain;7
9923;141;213;1;land;false;forest;7
9924;254;236;1;land;false;hills;7
9925;238;219;1;land;false;plains;7
9926;219;253;1;land;false;hills;7
9927;212;238;1;land;false;hills;7
9928;248;234;1;land;false;hills;7
9929;235;228;1;land;false;plains;7
9930;205;240;1;land;false;hills;7
9931;246;215;1;land;false;plains;7
9932;233;241;1;land;false;plains;7
9933;226;239;1;land;false;hills;7
9934;252;205;1;land;false;plains;7
9935;214;253;1;land;false;hills;7
9936;244;211;1;land;false;plains;7
9937;253;244;1;land;false;hills;7
9938;227;203;1;land;false;plains;7
9939;210;239;1;land;false;plains;7
9940;182;5;1;land;false;plains;7
9941;189;40;1;land;false;hills;7
9942;195;2;1;land;false;hills;7
9943;236;15;1;land;false;hills;7
9944;244;49;1;land;false;mountain;7
9945;240;12;1;land;true;plains;7
9946;186;48;1;land;false;hills;7
9947;201;36;1;land;false;hills;7
9948;225;9;1;land;false;plains;7
9949;211;28;1;land;false;plains;7
9950;239;24;1;land;false;plains;7
9951;31;200;1;land;false;desert;7
9952;25;249;1;land;false;hills;7
9953;6;252;1;land;false;hills;7
9954;50;227;1;land;false;hills;7
9955;58;203;1;land;false;hills;7
9956;17;204;1;land;false;hills;7
9957;27;250;1;land;false;desert;7
9958;67;253;1;land;false;hills;7
9959;12;242;1;land;false;desert;7
9960;10;224;1;land;false;hills;7
9961;60;205;1;land;false;hills;7
9962;61;199;1;land;false;hills;7
9963;60;234;1;land;false;hills;7
9964;50;213;1;land;false;desert;7
9965;38;205;1;land;false;hills;7
9966;68;208;1;land;false;hills;7
9967;3;242;1;land;false;plains;7
9968;63;197;1;land;false;desert;7
9969;70;216;1;land;false;hills;7
9970;131;133;1;land;false;hills;7
9971;139;151;1;land;true;mountain;7
9972;88;129;1;land;true;mountain;7
9973;86;123;1;land;false;plains;7
9974;160;125;1;land;false;hills;7
9975;142;154;1;land;true;mountain;7
9976;117;143;1;land;false;plains;7
9977;127;138;1;land;false;hills;7
9978;107;115;1;land;true;mountain;7
9979;19;239;1;land;true;plains;7
9980;2;251;1;land;true;hills;7
9981;17;240;1;land;true;hills;7
9982;35;183;1;land;true;plains;7
9983;43;239;1;land;true;hills;7
9984;8;204;1;land;false;hills;7
9985;11;204;1;land;true;plains;7
9986;6;191;1;land;true;mountain;7
9987;38;194;1;land;true;plains;7
9988;49;206;1;land;false;plains;7
9989;103;179;1;land;false;plains;7
9990;116;170;1;land;false;forest;7
9991;223;4;1;land;false;hills;7
9992;246;69;1;land;false;hills;7
9993;241;17;1;land;false;mountain;7
9994;226;50;1;land;false;hills;7
9995;215;50;1;land;false;hills;7
9996;202;39;1;land;true;hills;7
9997;192;35;1;land;false;hills;7
9998;210;28;1;land;false;hills;7
9999;231;73;1;land;false;forest;7
10000;225;37;1;land;false;hills;7
10001;201;33;1;land;true;forest;7
10002;203;87;1;land;false;forest;7
10003;196;50;1;land;false;forest;7
10004;215;65;1;land;false;hills;7
10005;190;46;1;land;false;hills;7
10006;156;43;1;land;false;forest;7
10007;156;74;1;land;false;forest;7
10008;129;66;1;land;false;hills;7
10009;104;79;1;land;false;hills;7
10010;156;70;1;land;false;forest;7
10011;107;86;1;land;false;forest;7
10012;171;71;1;land;false;forest;7
10013;147;63;1;land;false;hills;7
10014;25;175;1;land;false;plains;7
10015;32;168;1;land;true;hills;7
10016;32;176;1;land;false;hills;7
10017;43;141;1;land;true;plains;7
10018;13;158;1;land;false;plains;7
10019;52;197;1;land;false;hills;7
10020;23;195;1;land;true;plains;7
10021;17;134;1;land;false;plains;7
10022;62;182;1;land;true;hills;7
10023;43;185;1;land;false;plains;7
10024;63;159;1;land;true;plains;7
10025;11;140;1;land;true;plains;7
10026;58;157;1;land;true;hills;7
10027;35;207;1;land;false;plains;7
10028;40;133;1;land;true;hills;7
10029;62;191;1;land;true;hills;7
10030;57;142;1;land;true;hills;7
10031;35;188;1;land;true;hills;7
10032;27;197;1;land;true;hills;7
10033;42;207;1;land;false;plains;7
10034;8;196;1;land;true;hills;7
10035;58;172;1;land;false;plains;7
10036;47;177;1;land;false;plains;7
10037;26;185;1;land;false;plains;7
10038;25;169;1;land;true;hills;7
10039;43;150;1;land;true;hills;7
10040;12;170;1;land;true;plains;7
10041;18;138;1;land;false;plains;7
10042;23;208;1;land;false;plains;7
10043;21;140;1;land;false;hills;7
10044;9;130;1;land;true;plains;7
10045;49;165;1;land;false;plains;7
10046;43;172;1;land;true;hills;7
10047;3;177;1;land;false;plains;7
10048;35;191;1;land;true;hills;7
10049;216;29;1;land;false;hills;7
10050;201;8;1;land;false;hills;7
10051;166;39;1;land;false;hills;7
10052;203;28;1;land;false;hills;7
10053;195;52;1;land;false;hills;7
10054;221;49;1;land;false;hills;7
10055;160;31;1;land;false;hills;7
10056;153;15;1;land;false;hills;7
10057;36;112;1;land;true;mountain;7
10058;34;151;1;land;true;plains;7
10059;22;114;1;land;true;mountain;7
10060;217;53;1;land;false;plains;7
10061;202;22;1;land;false;plains;7
10062;206;13;1;land;false;plains;7
10063;203;32;1;land;false;plains;7
10064;126;98;1;land;false;hills;7
10065;81;136;1;land;false;hills;7
10066;94;140;1;land;false;hills;7
10067;127;139;1;land;false;plains;7
10068;151;115;1;land;false;hills;7
10069;103;148;1;land;false;hills;7
10070;105;100;1;land;false;plains;7
10071;144;141;1;land;false;mountain;7
10072;98;147;1;land;false;hills;7
10073;137;89;1;land;false;plains;7
10074;137;136;1;land;false;hills;7
10075;87;78;1;land;false;plains;7
10076;232;22;1;land;false;hills;7
10077;215;38;1;land;false;hills;7
10078;242;13;1;land;false;hills;7
10079;215;4;1;land;false;hills;7
10080;223;27;1;land;false;hills;7
10081;248;0;1;land;false;plains;7
10082;60;206;1;land;true;mountain;7
10083;27;213;1;land;true;forest;7
10084;47;254;1;land;false;mountain;7
10085;53;241;1;land;true;forest;7
10086;8;213;1;land;true;plains;7
10087;53;206;1;land;true;plains;7
10088;195;88;1;land;false;plains;7
10089;188;146;1;land;false;forest;7
10090;141;97;1;land;false;jungle;7
10091;197;77;1;land;false;forest;7
10092;180;121;1;land;false;forest;7
10093;184;110;1;land;false;forest;7
10094;174;104;1;land;false;forest;7
10095;170;137;1;land;false;hills;7
10096;176;77;1;land;false;forest;7
10097;199;75;1;land;false;hills;7
10098;176;117;1;land;false;forest;7
10099;228;220;1;land;false;hills;7
10100;249;226;1;land;false;hills;7
10101;252;221;1;land;true;hills;7
10102;108;88;1;land;false;plains;7
10103;153;67;1;land;false;hills;7
10104;146;111;1;land;false;hills;7
10105;172;61;1;land;false;plains;7
10106;176;51;1;land;false;plains;7
10107;139;117;1;land;false;plains;7
10108;117;97;1;land;false;plains;7
10109;120;67;1;land;false;plains;7
10110;142;67;1;land;false;hills;7
10111;170;72;1;land;false;hills;7
10112;121;112;1;land;false;plains;7
10113;124;66;1;land;false;hills;7
10114;101;121;1;land;false;plains;7
10115;140;98;1;land;false;plains;7
10116;118;92;1;land;false;hills;7
10117;106;115;1;land;false;plains;7
10118;150;49;1;land;false;plains;7
10119;153;80;1;land;false;plains;7
10120;144;101;1;land;false;hills;7
10121;133;70;1;land;false;plains;7
10122;174;94;1;land;false;hills;7
10123;155;65;1;land;false;plains;7
10124;136;119;1;land;false;plains;7
10125;111;75;1;land;false;hills;7
10126;109;98;1;land;false;plains;7
10127;100;110;1;land;false;plains;7
10128;192;163;1;land;true;plains;7
10129;228;147;1;land;true;hills;7
10130;193;195;1;land;false;forest;7
10131;228;186;1;land;false;plains;7
10132;176;147;1;land;true;forest;7
10133;223;180;1;land;false;forest;7
10134;226;205;1;land;true;hills;7
10135;202;167;1;land;false;forest;7
10136;175;182;1;land;false;hills;7
10137;219;183;1;land;true;forest;7
10138;228;209;1;land;false;plains;7
10139;193;214;1;land;false;hills;7
10140;199;207;1;land;true;forest;7
10141;252;208;1;land;false;hills;7
10142;190;152;1;land;true;plains;7
10143;234;183;1;land;false;forest;7
10144;241;194;1;land;false;hills;7
10145;228;184;1;land;false;plains;7
10146;79;21;1;land;false;hills;7
10147;103;45;1;land;false;hills;7
10148;80;57;1;land;false;plains;7
10149;126;14;1;land;false;plains;7
10150;71;15;1;land;false;plains;7
10151;65;23;1;land;false;plains;7
10152;75;39;1;land;false;plains;7
10153;118;8;1;land;false;hills;7
10154;81;60;1;land;false;plains;7
10155;88;34;1;land;false;plains;7
10156;66;34;1;land;false;hills;7
10157;73;13;1;land;false;plains;7
10158;134;0;1;land;false;plains;7
10159;96;15;1;land;false;plains;7
10160;131;4;1;land;false;plains;7
10161;88;39;1;land;false;plains;7
10162;111;57;1;land;false;hills;7
10163;58;23;1;land;false;hills;7
10164;124;26;1;land;false;hills;7
10165;79;13;1;land;false;plains;7
10166;88;56;1;land;false;plains;7
10167;113;41;1;land;false;hills;7
10168;122;13;1;land;false;plains;7
10169;105;16;1;land;false;hills;7
10170;80;29;1;land;false;plains;7
10171;154;128;1;land;false;forest;7
10172;185;175;1;land;true;hills;7
10173;199;174;1;land;false;mountain;7
10174;226;127;1;land;true;hills;7
10175;178;126;1;land;false;hills;7
10176;208;187;1;land;false;hills;7
10177;159;187;1;land;false;jungle;7
10178;60;69;1;land;false;hills;7
10179;79;78;1;land;false;hills;7
10180;96;27;1;land;false;hills;7
10181;90;59;1;land;false;hills;7
10182;21;114;1;land;false;plains;7
10183;0;110;1;land;false;plains;7
10184;20;148;1;land;false;plains;7
10185;38;131;1;land;false;plains;7
10186;37;149;1;land;false;plains;7
10187;28;134;1;land;false;plains;7
10188;34;135;1;land;false;plains;7
10189;41;152;1;land;false;plains;7
10190;4;152;1;land;false;plains;7
10191;35;144;1;land;false;plains;7
10192;0;145;1;land;false;plains;7
10193;119;2;1;land;true;forest;7
10194;171;16;1;land;false;hills;7
10195;122;31;1;land;true;mountain;7
10196;139;44;1;land;false;mountain;7
10197;172;25;1;land;false;mountain;7
10198;140;4;1;land;false;hills;7
10199;111;39;1;land;false;mountain;7
10200;88;222;1;land;false;hills;7
10201;101;215;1;land;false;plains;7
10202;126;252;1;land;false;mountain;7
10203;79;224;1;land;false;plains;7
10204;153;249;1;land;false;mountain;7
10205;128;239;1;land;false;forest;7
10206;121;221;1;land;false;plains;7
10207;88;253;1;land;false;hills;7
10208;144;251;1;land;false;plains;7
10209;158;232;1;land;false;hills;7
10210;149;250;1;land;false;hills;7
10211;103;225;1;land;false;mountain;7
10212;150;219;1;land;false;hills;7
10213;153;241;1;land;false;plains;7
10214;98;253;1;land;false;hills;7
10215;134;248;1;land;false;plains;7
10216;136;216;1;land;false;mountain;7
10217;187;220;1;land;false;hills;7
10218;174;244;1;land;false;plains;7
10219;148;234;1;land;false;desert;7
10220;178;246;1;land;false;hills;7
10221;191;250;1;land;false;hills;7
10222;182;250;1;land;false;plains;7
10223;127;73;1;land;false;hills;7
10224;73;48;1;land;false;hills;7
10225;72;70;1;land;false;hills;7
10226;86;59;1;land;false;hills;7
10227;103;47;1;land;false;forest;7
10228;101;120;1;land;false;hills;7
10229;129;94;1;land;false;mountain;7
10230;235;203;1;land;false;hills;7
10231;209;218;1;land;false;plains;7
10232;204;223;1;land;false;hills;7
10233;241;217;1;land;false;plains;7
10234;222;214;1;land;false;hills;7
10235;215;219;1;land;false;hills;7
10236;223;250;1;land;false;plains;7
10237;213;210;1;land;false;plains;7
10238;226;195;1;land;false;plains;7
10239;236;198;1;land;false;plains;7
10240;194;241;1;land;false;hills;7
10241;33;129;1;land;false;mountain;7
10242;110;131;1;land;true;mountain;7
10243;43;128;1;land;false;mountain;7
10244;49;83;1;land;true;mountain;7
10245;65;108;1;land;true;forest;7
10246;77;101;1;land;false;mountain;7
10247;107;78;1;land;true;plains;7
10248;33;92;1;land;true;plains;7
10249;34;89;1;land;false;mountain;7
10250;82;120;1;land;false;hills;7
10251;106;110;1;land;false;hills;7
10252;111;86;1;land;true;mountain;7
10253;38;88;1;land;false;hills;7
10254;53;105;1;land;true;plains;7
10255;215;105;1;land;false;plains;7
10256;226;122;1;land;false;forest;7
10257;235;144;1;land;false;forest;7
10258;26;24;1;land;false;hills;7
10259;33;98;1;land;false;forest;7
10260;8;34;1;land;false;forest;7
10261;35;88;1;land;false;forest;7
10262;53;61;1;land;false;forest;7
10263;9;24;1;land;false;forest;7
10264;180;195;1;land;false;hills;7
10265;213;164;1;land;false;hills;7
10266;204;184;1;land;false;plains;7
10267;219;187;1;land;false;hills;7
10268;219;163;1;land;false;plains;7
10269;201;236;1;land;false;forest;7
10270;172;212;1;land;false;plains;7
10271;148;187;1;land;false;plains;7
10272;52;79;1;land;false;hills;7
10273;4;57;1;land;false;mountain;7
10274;30;93;1;land;false;forest;7
10275;0;96;1;land;false;forest;7
10276;40;50;1;land;false;hills;7
10277;29;101;1;land;false;hills;7
10278;10;82;1;land;false;hills;7
10279;0;100;1;land;false;forest;7
10280;46;99;1;land;false;forest;7
10281;25;82;1;land;false;forest;7
10282;56;75;1;land;false;hills;7
10283;11;124;1;land;false;forest;7
10284;46;91;1;land;false;hills;7
10285;4;86;1;land;false;mountain;7
10286;38;54;1;land;false;forest;7
10287;34;100;1;land;false;hills;7
10288;42;76;1;land;false;hills;7
10289;23;92;1;land;false;hills;7
10290;58;50;1;land;false;hills;7
10291;0;83;1;land;false;forest;7
10292;37;123;1;land;false;mountain;7
10293;57;111;1;land;false;forest;7
10294;29;47;1;land;false;forest;7
10295;48;79;1;land;false;hills;7
10296;49;111;1;land;false;forest;7
10297;117;88;1;land;true;hills;7
10298;93;20;1;land;true;plains;7
10299;65;87;1;land;true;plains;7
10300;207;110;1;land;false;hills;7
10301;223;178;1;land;false;hills;7
10302;251;126;1;land;false;hills;7
10303;222;111;1;land;false;plains;7
10304;245;162;1;land;false;hills;7
10305;227;164;1;land;false;plains;7
10306;212;143;1;land;false;mountain;7
10307;239;126;1;land;false;hills;7
10308;220;188;1;land;false;hills;7
10309;218;117;1;land;false;hills;7
10310;233;138;1;land;false;hills;7
10311;241;153;1;land;false;hills;7
10312;92;32;1;land;false;mountain;7
10313;73;36;1;land;false;mountain;7
10314;101;62;1;land;false;forest;7
10315;28;38;1;land;false;forest;7
10316;101;39;1;land;false;mountain;7
10317;94;73;1;land;false;plains;7
10318;70;75;1;land;false;hills;7
10319;230;210;1;land;false;mountain;7
10320;196;198;1;land;false;plains;7
10321;205;169;1;land;false;plains;7
10322;208;178;1;land;false;hills;7
10323;224;195;1;land;false;mountain;7
10324;235;191;1;land;false;mountain;7
10325;216;177;1;land;false;hills;7
10326;200;189;1;land;false;hills;7
10327;179;154;1;land;false;plains;7
10328;177;197;1;land;false;mountain;7
10329;242;206;1;land;false;mountain;7
10330;100;15;1;land;false;hills;7
10331;120;27;1;land;false;hills;7
10332;142;12;1;land;false;hills;7
10333;161;43;1;land;false;hills;7
10334;154;8;1;land;false;hills;7
10335;116;37;1;land;false;mountain;7
10336;126;38;1;land;false;hills;7
10337;159;21;1;land;false;mountain;7
10338;122;10;1;land;false;mountain;7
10339;132;18;1;land;false;mountain;7
10340;108;45;1;land;false;mountain;7
10341;158;21;1;land;false;hills;7
10342;113;38;1;land;false;hills;7
10343;173;38;1;land;false;hills;7
10344;171;39;1;land;false;mountain;7
10345;150;8;1;land;false;desert;7
10346;172;3;1;land;false;plains;7
10347;108;29;1;land;false;plains;7
10348;100;44;1;land;false;mountain;7
10349;139;1;1;land;false;mountain;7
10350;108;17;1;land;false;hills;7
10351;122;32;1;land;false;mountain;7
10352;137;36;1;land;false;plains;7
10353;173;2;1;land;false;mountain;7
10354;139;43;1;land;false;mountain;7
10355;120;37;1;land;false;mountain;7
10356;123;11;1;land;false;mountain;7
10357;165;33;1;land;false;hills;7
10358;138;9;1;land;false;plains;7
10359;102;40;1;land;false;plains;7
10360;130;0;1;land;false;forest;7
10361;147;38;1;land;false;hills;7
10362;121;8;1;land;false;plains;7
10363;147;43;1;land;false;plains;7
10364;89;35;1;land;false;plains;7
10365;82;33;1;land;false;plains;7
10366;94;45;1;land;false;forest;7
10367;131;18;1;land;false;forest;7
10368;112;10;1;land;false;plains;7
10369;72;61;1;land;false;forest;7
10370;103;10;1;land;false;hills;7
10371;98;3;1;land;false;hills;7
10372;224;78;1;land;false;plains;7
10373;196;70;1;land;false;hills;7
10374;175;79;1;land;false;plains;7
10375;146;43;1;land;false;hills;7
10376;153;118;1;land;false;mountain;7
10377;173;116;1;land;false;hills;7
10378;152;71;1;land;false;mountain;7
10379;198;82;1;land;false;hills;7
10380;214;56;1;land;false;hills;7
10381;172;87;1;land;false;mountain;7
10382;210;94;1;land;false;mountain;7
10383;190;60;1;land;true;mountain;7
10384;218;53;1;land;false;mountain;7
10385;185;116;1;land;false;hills;7
10386;194;112;1;land;false;mountain;7
10387;155;70;1;land;false;hills;7
10388;209;81;1;land;true;mountain;7
10389;146;63;1;land;false;hills;7
10390;189;71;1;land;false;hills;7
10391;201;80;1;land;false;hills;7
10392;212;120;1;land;false;hills;7
10393;161;66;1;land;false;hills;7
10394;193;83;1;land;false;mountain;7
10395;185;42;1;land;false;hills;7
10396;216;98;1;land;false;hills;7
10397;182;113;1;land;false;plains;7
10398;197;65;1;land;false;hills;7
10399;199;99;1;land;false;hills;7
10400;176;80;1;land;false;hills;7
10401;178;122;1;land;true;mountain;7
10402;221;88;1;land;false;hills;7
10403;164;107;1;land;false;plains;7
10404;210;92;1;land;false;hills;7
10405;155;76;1;land;false;mountain;7
10406;166;101;1;land;false;hills;7
10407;219;49;1;land;false;hills;7
10408;203;60;1;land;false;hills;7
10409;157;43;1;land;true;plains;7
10410;168;97;1;land;false;mountain;7
10411;146;76;1;land;false;hills;7
10412;222;43;1;land;false;hills;7
10413;245;86;1;land;true;plains;7
10414;250;25;1;land;true;mountain;7
10415;250;29;1;land;false;plains;7
10416;223;87;1;land;true;mountain;7
10417;217;90;1;land;false;hills;7
10418;242;33;1;land;false;hills;7
10419;241;37;1;land;true;plains;7
10420;232;39;1;land;true;mountain;7
10421;246;40;1;land;false;hills;7
10422;158;143;1;land;false;plains;7
10423;150;152;1;land;false;plains;7
10424;160;146;1;land;false;plains;7
10425;144;140;1;land;false;plains;7
10426;196;203;1;land;false;plains;7
10427;185;142;1;land;false;plains;7
10428;154;191;1;land;false;plains;7
10429;156;150;1;land;false;desert;7
10430;174;194;1;land;false;plains;7
10431;150;134;1;land;false;plains;7
10432;156;173;1;land;false;plains;7
10433;156;145;1;land;false;plains;7
10434;128;125;1;land;false;plains;7
10435;136;194;1;land;false;plains;7
10436;143;130;1;land;false;plains;7
10437;143;129;1;land;false;plains;7
10438;47;1;1;land;true;plains;7
10439;52;20;1;land;true;plains;7
10440;50;5;1;land;true;plains;7
10441;63;28;1;land;true;hills;7
10442;81;24;1;land;true;plains;7
10443;171;185;1;land;true;plains;7
10444;119;142;1;land;true;hills;7
10445;101;136;1;land;true;plains;7
10446;99;165;1;land;true;hills;7
10447;100;186;1;land;true;plains;7
10448;117;177;1;land;true;mountain;7
10449;130;110;1;land;true;plains;7
10450;132;143;1;land;true;plains;7
10451;3;46;1;land;false;plains;7
10452;39;67;1;land;false;plains;7
10453;44;13;1;land;false;plains;7
10454;44;41;1;land;false;hills;7
10455;25;21;1;land;false;plains;7
10456;8;13;1;land;false;plains;7
10457;30;57;1;land;false;plains;7
10458;34;21;1;land;false;plains;7
10459;19;40;1;land;false;plains;7
10460;64;244;1;land;false;forest;7
10461;63;219;1;land;false;mountain;7
10462;75;231;1;land;false;plains;7
10463;93;221;1;land;false;mountain;7
10464;115;243;1;land;false;hills;7
10465;83;248;1;land;false;hills;7
10466;49;217;1;land;false;hills;7
10467;118;248;1;land;false;hills;7
10468;107;227;1;land;false;plains;7
10469;117;237;1;land;false;hills;7
10470;116;219;1;land;false;hills;7
10471;105;247;1;land;false;plains;7
10472;84;163;1;land;false;hills;7
10473;109;179;1;land;false;plains;7
10474;68;173;1;land;false;hills;7
10475;118;154;1;land;false;plains;7
10476;95;163;1;land;false;hills;7
10477;103;138;1;land;false;hills;7
10478;114;114;1;land;false;desert;7
10479;91;155;1;land;false;hills;7
10480;76;130;1;land;false;plains;7
10481;67;132;1;land;false;hills;7
10482;145;171;1;land;false;hills;7
10483;146;182;1;land;false;plains;7
10484;139;113;1;land;false;hills;7
10485;130;162;1;land;false;plains;7
10486;137;139;1;land;false;hills;7
10487;143;115;1;land;false;hills;7
10488;80;187;1;land;false;hills;7
10489;95;139;1;land;false;forest;7
10490;88;165;1;land;false;hills;7
10491;69;125;1;land;false;hills;7
10492;73;185;1;land;false;hills;7
10493;109;139;1;land;false;forest;7
10494;120;133;1;land;false;plains;7
10495;133;169;1;land;false;plains;7
10496;108;156;1;land;false;desert;7
10497;69;117;1;land;false;hills;7
10498;136;167;1;land;false;plains;7
10499;131;169;1;land;false;hills;7
10500;83;125;1;land;false;hills;7
10501;252;209;1;land;true;plains;7
10502;206;216;1;land;false;plains;7
10503;235;234;1;land;true;hills;7
10504;207;226;1;land;false;plains;7
10505;160;119;1;land;false;forest;7
10506;183;110;1;land;false;hills;7
10507;136;62;1;land;false;forest;7
10508;73;230;1;land;false;hills;7
10509;60;204;1;land;true;mountain;7
10510;68;201;1;land;true;hills;7
10511;0;211;1;land;false;mountain;7
10512;21;246;1;land;false;mountain;7
10513;64;211;1;land;true;mountain;7
10514;12;229;1;land;true;forest;7
10515;59;225;1;land;false;hills;7
10516;26;247;1;land;false;hills;7
10517;34;198;1;land;false;hills;7
10518;63;224;1;land;false;mountain;7
10519;8;228;1;land;false;plains;7
10520;10;220;1;land;true;mountain;7
10521;39;243;1;land;true;forest;7
10522;48;248;1;land;false;mountain;7
10523;52;239;1;land;false;hills;7
10524;26;251;1;land;true;plains;7
10525;34;250;1;land;false;plains;7
10526;9;220;1;land;false;mountain;7
10527;60;218;1;land;false;hills;7
10528;40;244;1;land;false;hills;7
10529;65;197;1;land;false;mountain;7
10530;60;250;1;land;false;hills;7
10531;15;222;1;land;false;hills;7
10532;17;243;1;land;true;plains;7
10533;51;219;1;land;false;hills;7
10534;33;235;1;land;false;plains;7
10535;55;251;1;land;true;forest;7
10536;1;217;1;land;false;hills;7
10537;53;251;1;land;true;plains;7
10538;60;235;1;land;false;hills;7
10539;22;236;1;land;false;mountain;7
10540;70;238;1;land;false;hills;7
10541;62;251;1;land;false;hills;7
10542;49;196;1;land;false;hills;7
10543;137;158;1;land;false;hills;7
10544;156;149;1;land;false;mountain;7
10545;127;89;1;land;false;hills;7
10546;140;158;1;land;false;mountain;7
10547;116;133;1;land;false;hills;7
10548;129;140;1;land;false;hills;7
10549;127;115;1;land;false;hills;7
10550;139;120;1;land;false;hills;7
10551;159;137;1;land;false;hills;7
10552;148;134;1;land;false;hills;7
10553;167;89;1;land;false;hills;7
10554;113;160;1;land;false;plains;7
10555;148;98;1;land;false;hills;7
10556;120;113;1;land;false;hills;7
10557;169;105;1;land;false;plains;7
10558;181;129;1;land;false;plains;7
10559;170;120;1;land;true;mountain;7
10560;195;90;1;land;true;mountain;7
10561;223;95;1;land;false;hills;7
10562;187;92;1;land;true;plains;7
10563;191;61;1;land;false;hills;7
10564;197;68;1;land;false;hills;7
10565;230;127;1;land;true;hills;7
10566;187;75;1;land;true;mountain;7
10567;222;104;1;land;false;plains;7
10568;192;113;1;land;true;plains;7
10569;171;114;1;land;true;plains;7
10570;171;73;1;land;false;hills;7
10571;176;79;1;land;false;hills;7
10572;94;188;1;land;false;plains;7
10573;75;173;1;land;false;plains;7
10574;70;149;1;land;false;plains;7
10575;60;209;1;land;false;plains;7
10576;77;188;1;land;false;plains;7
10577;68;153;1;land;false;plains;7
10578;96;214;1;land;true;hills;7
10579;95;187;1;land;false;plains;7
10580;108;209;1;land;true;hills;7
10581;75;166;1;land;false;hills;7
10582;114;153;1;land;false;plains;7
10583;80;218;1;land;false;plains;7
10584;74;205;1;land;false;plains;7
10585;81;153;1;land;false;plains;7
10586;192;86;1;land;false;hills;7
10587;204;78;1;land;false;hills;7
10588;137;113;1;land;false;mountain;7
10589;166;48;1;land;false;hills;7
10590;200;42;1;land;false;mountain;7
10591;253;27;1;land;true;hills;7
10592;228;37;1;land;false;plains;7
10593;253;9;1;land;false;hills;7
10594;238;60;1;land;true;hills;7
10595;245;75;1;land;true;hills;7
10596;233;80;1;land;true;plains;7
10597;251;70;1;land;false;hills;7
10598;247;48;1;land;true;plains;7
10599;250;74;1;land;false;plains;7
10600;119;208;1;land;false;hills;7
10601;113;189;1;land;false;hills;7
10602;136;200;1;land;false;hills;7
10603;129;219;1;land;false;hills;7
10604;213;32;1;land;false;plains;7
10605;207;83;1;land;false;plains;7
10606;200;86;1;land;false;hills;7
10607;245;27;1;land;false;hills;7
10608;245;72;1;land;false;plains;7
10609;219;76;1;land;true;plains;7
10610;209;80;1;land;false;plains;7
10611;231;109;1;land;false;plains;7
10612;210;49;1;land;false;hills;7
10613;157;253;1;land;true;mountain;7
10614;171;198;1;land;false;mountain;7
10615;147;252;1;land;true;plains;7
10616;192;220;1;land;true;mountain;7
10617;118;217;1;land;true;mountain;7
10618;140;203;1;land;true;plains;7
10619;128;245;1;land;true;mountain;7
10620;172;246;1;land;true;plains;7
10621;148;239;1;land;true;mountain;7
10622;135;225;1;land;true;plains;7
10623;161;213;1;land;true;plains;7
10624;169;231;1;land;true;mountain;7
10625;79;146;1;land;false;hills;7
10626;64;135;1;land;false;hills;7
10627;22;134;1;land;false;hills;7
10628;64;142;1;land;false;plains;7
10629;76;136;1;land;false;plains;7
10630;38;95;1;land;false;plains;7
10631;69;134;1;land;false;plains;7
10632;5;113;1;land;false;plains;7
10633;36;102;1;land;false;plains;7
10634;45;155;1;land;false;plains;7
10635;19;156;1;land;false;mountain;7
10636;23;147;1;land;false;hills;7
10637;64;128;1;land;false;mountain;7
10638;56;110;1;land;false;hills;7
10639;51;128;1;land;false;hills;7
10640;9;132;1;land;false;plains;7
10641;54;85;1;land;false;plains;7
10642;48;90;1;land;false;hills;7
10643;48;123;1;land;false;plains;7
10644;15;110;1;land;false;plains;7
10645;75;99;1;land;true;plains;7
10646;94;42;1;land;true;plains;7
10647;71;84;1;land;false;hills;7
10648;103;34;1;land;true;hills;7
10649;13;179;1;land;false;forest;7
10650;1;169;1;land;false;forest;7
10651;33;194;1;land;false;forest;7
10652;50;199;1;land;false;plains;7
10653;29;207;1;land;false;forest;7
10654;18;238;1;land;false;forest;7
10655;2;175;1;land;false;forest;7
10656;12;217;1;land;false;plains;7
10657;44;223;1;land;false;forest;7
10658;43;180;1;land;true;hills;7
10659;34;219;1;land;false;forest;7
10660;4;176;1;land;false;forest;7
10661;45;221;1;land;false;forest;7
10662;20;206;1;land;false;forest;7
10663;120;13;1;land;true;plains;7
10664;167;15;1;land;true;mountain;7
10665;127;23;1;land;true;plains;7
10666;247;164;1;land;false;hills;7
10667;212;146;1;land;false;hills;7
10668;245;165;1;land;false;hills;7
10669;249;178;1;land;false;hills;7
10670;232;216;1;land;false;hills;7
10671;244;176;1;land;false;hills;7
10672;218;182;1;land;false;hills;7
10673;214;174;1;land;false;hills;7
10674;99;104;1;land;true;forest;7
10675;134;89;1;land;false;forest;7
10676;137;61;1;land;true;hills;7
10677;111;36;1;land;true;hills;7
10678;141;73;1;land;false;hills;7
10679;110;95;1;land;true;hills;7
10680;109;91;1;land;true;forest;7
10681;93;83;1;land;true;forest;7
10682;134;69;1;land;true;forest;7
10683;111;99;1;land;false;forest;7
10684;93;66;1;land;true;hills;7
10685;224;42;1;land;false;hills;7
10686;177;8;1;land;false;plains;7
10687;226;4;1;land;false;hills;7
10688;179;31;1;land;false;hills;7
10689;172;21;1;land;false;hills;7
10690;167;25;1;land;false;hills;7
10691;64;144;1;land;false;hills;7
10692;44;161;1;land;false;mountain;7
10693;45;146;1;land;false;plains;7
10694;41;38;1;land;false;hills;7
10695;92;29;1;land;false;jungle;7
10696;39;20;1;land;false;hills;7
10697;21;17;1;land;false;hills;7
10698;73;212;1;land;false;plains;7
10699;106;231;1;land;true;mountain;7
10700;131;229;1;land;false;plains;7
10701;63;227;1;land;false;plains;7
10702;99;215;1;land;false;hills;7
10703;113;227;1;land;false;plains;7
10704;118;219;1;land;false;plains;7
10705;90;207;1;land;false;plains;7
10706;113;213;1;land;false;mountain;7
10707;91;210;1;land;false;plains;7
10708;126;206;1;land;false;plains;7
10709;63;250;1;land;false;hills;7
10710;115;239;1;land;false;plains;7
10711;100;216;1;land;true;plains;7
10712;133;223;1;land;false;hills;7
10713;71;242;1;land;false;plains;7
10714;80;239;1;land;true;plains;7
10715;98;251;1;land;false;plains;7
10716;133;231;1;land;false;plains;7
10717;66;234;1;land;false;plains;7
10718;99;253;1;land;false;plains;7
10719;241;124;1;land;false;desert;7
10720;231;124;1;land;false;desert;7
10721;232;141;1;land;false;hills;7
10722;244;137;1;land;false;hills;7
10723;248;157;1;land;false;hills;7
10724;212;159;1;land;false;hills;7
10725;230;90;1;land;false;desert;7
10726;54;116;1;land;false;hills;7
10727;2;94;1;land;false;mountain;7
10728;56;113;1;land;false;hills;7
10729;63;65;1;land;false;plains;7
10730;54;63;1;land;false;plains;7
10731;34;85;1;land;false;mountain;7
10732;65;44;1;land;false;plains;7
10733;2;115;1;land;false;plains;7
10734;21;110;1;land;false;plains;7
10735;61;53;1;land;false;hills;7
10736;63;79;1;land;false;plains;7
10737;4;104;1;land;false;hills;7
10738;54;66;1;land;false;hills;7
10739;5;110;1;land;false;hills;7
10740;7;83;1;land;false;plains;7
10741;182;184;1;land;true;hills;7
10742;131;185;1;land;false;plains;7
10743;170;194;1;land;false;hills;7
10744;152;249;1;land;false;plains;7
10745;52;60;1;land;false;plains;7
10746;42;243;1;land;false;plains;7
10747;75;205;1;land;true;hills;7
10748;70;235;1;land;false;plains;7
10749;91;214;1;land;false;plains;7
10750;36;220;1;land;false;mountain;7
10751;47;202;1;land;false;plains;7
10752;69;220;1;land;true;hills;7
10753;64;243;1;land;false;plains;7
10754;29;250;1;land;false;plains;7
10755;17;237;1;land;false;plains;7
10756;23;221;1;land;false;mountain;7
10757;69;204;1;land;false;mountain;7
10758;16;210;1;land;false;plains;7
10759;33;209;1;land;false;hills;7
10760;55;242;1;land;false;plains;7
10761;47;223;1;land;false;forest;7
10762;64;212;1;land;false;forest;7
10763;31;205;1;land;false;forest;7
10764;35;206;1;land;false;hills;7
10765;23;203;1;land;false;plains;7
10766;11;214;1;land;false;hills;7
10767;25;185;1;land;false;hills;7
10768;28;254;1;land;false;forest;7
10769;22;198;1;land;false;hills;7
10770;7;251;1;land;false;hills;7
10771;61;195;1;land;false;plains;7
10772;61;189;1;land;false;forest;7
10773;3;249;1;land;false;plains;7
10774;90;208;1;land;false;mountain;7
10775;63;247;1;land;false;plains;7
10776;41;210;1;land;true;hills;7
10777;83;229;1;land;false;plains;7
10778;53;193;1;land;true;plains;7
10779;39;238;1;land;false;plains;7
10780;66;248;1;land;true;plains;7
10781;67;181;1;land;true;hills;7
10782;48;225;1;land;true;hills;7
10783;113;174;1;land;false;plains;7
10784;65;237;1;land;true;hills;7
10785;110;242;1;land;true;plains;7
10786;91;219;1;land;false;plains;7
10787;46;175;1;land;false;plains;7
10788;41;65;1;land;false;desert;7
10789;12;52;1;land;false;mountain;7
10790;16;43;1;land;false;desert;7
10791;47;42;1;land;false;plains;7
10792;1;15;1;land;false;plains;7
10793;13;52;1;land;false;plains;7
10794;34;9;1;land;false;mountain;7
10795;19;69;1;land;false;hills;7
10796;15;39;1;land;false;mountain;7
10797;166;155;1;land;true;hills;7
10798;118;193;1;land;false;plains;7
10799;113;149;1;land;false;forest;7
10800;131;183;1;land;false;mountain;7
10801;107;188;1;land;false;mountain;7
10802;100;176;1;land;false;mountain;7
10803;150;173;1;land;false;hills;7
10804;95;176;1;land;false;plains;7
10805;137;166;1;land;false;mountain;7
10806;155;162;1;land;false;mountain;7
10807;148;132;1;land;false;mountain;7
10808;40;147;1;land;true;plains;7
10809;37;172;1;land;false;plains;7
10810;12;209;1;land;true;hills;7
10811;70;159;1;land;false;hills;7
10812;82;178;1;land;false;plains;7
10813;73;159;1;land;false;hills;7
10814;40;206;1;land;false;plains;7
10815;42;173;1;land;false;plains;7
10816;121;58;1;land;false;plains;7
10817;180;28;1;land;false;forest;7
10818;129;27;1;land;false;hills;7
10819;131;50;1;land;false;forest;7
10820;134;84;1;land;false;forest;7
10821;138;68;1;land;false;forest;7
10822;161;29;1;land;false;hills;7
10823;145;72;1;land;false;forest;7
10824;112;26;1;land;false;forest;7
10825;109;35;1;land;false;forest;7
10826;188;35;1;land;false;hills;7
10827;230;55;1;land;false;plains;7
10828;230;9;1;land;false;plains;7
10829;214;50;1;land;false;hills;7
10830;217;62;1;land;true;hills;7
10831;174;58;1;land;true;hills;7
10832;214;52;1;land;false;plains;7
10833;197;16;1;land;true;hills;7
10834;177;43;1;land;false;hills;7
10835;248;40;1;land;false;hills;7
10836;228;16;1;land;false;plains;7
10837;246;8;1;land;true;hills;7
10838;203;27;1;land;false;plains;7
10839;234;40;1;land;false;hills;7
10840;74;171;1;land;false;hills;7
10841;55;193;1;land;false;hills;7
10842;62;132;1;land;false;plains;7
10843;85;195;1;land;false;plains;7
10844;130;138;1;land;false;plains;7
10845;71;147;1;land;false;hills;7
10846;130;131;1;land;false;hills;7
10847;105;166;1;land;false;hills;7
10848;82;141;1;land;false;plains;7
10849;67;145;1;land;true;plains;7
10850;129;152;1;land;false;hills;7
10851;83;195;1;land;true;plains;7
10852;105;126;1;land;false;hills;7
10853;126;189;1;land;false;hills;7
10854;127;165;1;land;false;plains;7
10855;108;179;1;land;false;hills;7
10856;68;142;1;land;false;hills;7
10857;131;137;1;land;false;plains;7
10858;123;175;1;land;false;plains;7
10859;119;195;1;land;false;hills;7
10860;128;136;1;land;false;hills;7
10861;65;189;1;land;false;plains;7
10862;71;189;1;land;false;plains;7
10863;128;188;1;land;false;hills;7
10864;161;49;1;land;false;plains;7
10865;209;27;1;land;false;plains;7
10866;177;44;1;land;false;hills;7
10867;208;82;1;land;false;plains;7
10868;166;22;1;land;false;plains;7
10869;151;46;1;land;false;mountain;7
10870;180;36;1;land;false;plains;7
10871;167;58;1;land;false;hills;7
10872;198;58;1;land;false;plains;7
10873;65;166;1;land;true;mountain;7
10874;102;80;1;land;false;plains;7
10875;115;95;1;land;false;hills;7
10876;164;80;1;land;false;hills;7
10877;154;103;1;land;false;hills;7
10878;150;139;1;land;false;hills;7
10879;164;113;1;land;false;hills;7
10880;155;88;1;land;false;hills;7
10881;168;140;1;land;false;hills;7
10882;179;84;1;land;false;mountain;7
10883;128;79;1;land;false;hills;7
10884;117;104;1;land;false;hills;7
10885;140;136;1;land;false;plains;7
10886;109;120;1;land;false;desert;7
10887;117;137;1;land;false;hills;7
10888;157;129;1;land;false;hills;7
10889;125;91;1;land;false;hills;7
10890;125;151;1;land;false;plains;7
10891;131;142;1;land;false;hills;7
10892;163;99;1;land;false;hills;7
10893;236;21;1;land;false;hills;7
10894;194;35;1;land;false;mountain;7
10895;214;36;1;land;false;plains;7
10896;241;36;1;land;false;hills;7
10897;208;37;1;land;false;plains;7
10898;221;23;1;land;false;plains;7
10899;208;12;1;land;false;plains;7
10900;208;5;1;land;false;plains;7
10901;232;29;1;land;false;plains;7
10902;249;40;1;land;false;plains;7
10903;211;2;1;land;false;plains;7
10904;220;20;1;land;false;plains;7
10905;200;26;1;land;false;hills;7
10906;254;2;1;land;false;plains;7
10907;147;128;1;land;false;mountain;7
10908;132;108;1;land;false;mountain;7
10909;154;171;1;land;false;mountain;7
10910;69;223;1;land;false;plains;7
10911;75;216;1;land;false;plains;7
10912;69;221;1;land;false;hills;7
10913;24;191;1;land;false;plains;7
10914;20;216;1;land;false;hills;7
10915;79;238;1;land;false;plains;7
10916;48;250;1;land;false;hills;7
10917;74;238;1;land;false;hills;7
10918;66;188;1;land;false;hills;7
10919;63;230;1;land;false;plains;7
10920;13;225;1;land;false;hills;7
10921;57;201;1;land;false;hills;7
10922;51;232;1;land;false;plains;7
10923;69;211;1;land;false;plains;7
10924;214;77;1;land;false;plains;7
10925;165;124;1;land;false;plains;7
10926;152;108;1;land;false;plains;7
10927;175;95;1;land;false;plains;7
10928;219;113;1;land;false;plains;7
10929;201;94;1;land;false;plains;7
10930;219;136;1;land;false;plains;7
10931;188;111;1;land;false;hills;7
10932;152;139;1;land;false;plains;7
10933;146;119;1;land;false;plains;7
10934;193;115;1;land;false;plains;7
10935;195;79;1;land;false;hills;7
10936;189;103;1;land;false;plains;7
10937;171;84;1;land;false;hills;7
10938;213;85;1;land;false;plains;7
10939;223;138;1;land;false;plains;7
10940;209;118;1;land;false;plains;7
10941;156;114;1;land;false;plains;7
10942;174;91;1;land;false;plains;7
10943;197;114;1;land;false;plains;7
10944;209;138;1;land;false;plains;7
10945;159;115;1;land;false;plains;7
10946;170;125;1;land;false;plains;7
10947;180;106;1;land;false;plains;7
10948;154;72;1;land;false;hills;7
10949;169;98;1;land;false;plains;7
10950;146;121;1;land;false;plains;7
10951;182;78;1;land;false;plains;7
10952;159;72;1;land;false;plains;7
10953;208;115;1;land;false;plains;7
10954;200;91;1;land;false;plains;7
10955;153;102;1;land;false;plains;7
10956;170;134;1;land;false;plains;7
10957;154;96;1;land;false;hills;7
10958;225;96;1;land;false;plains;7
10959;161;147;1;land;false;plains;7
10960;167;80;1;land;false;plains;7
10961;208;118;1;land;false;plains;7
10962;167;109;1;land;false;plains;7
10963;205;130;1;land;false;hills;7
10964;146;141;1;land;false;plains;7
10965;181;134;1;land;false;plains;7
10966;52;227;1;land;false;hills;7
10967;57;242;1;land;false;plains;7
10968;20;241;1;land;false;hills;7
10969;13;236;1;land;false;hills;7
10970;59;217;1;land;false;hills;7
10971;179;68;1;land;false;hills;7
10972;124;76;1;land;false;hills;7
10973;147;96;1;land;false;hills;7
10974;183;125;1;land;false;hills;7
10975;145;64;1;land;false;plains;7
10976;160;113;1;land;false;plains;7
10977;153;112;1;land;false;hills;7
10978;179;116;1;land;false;plains;7
10979;157;88;1;land;false;hills;7
10980;153;74;1;land;false;hills;7
10981;252;190;1;land;false;hills;7
10982;246;222;1;land;false;desert;7
10983;204;205;1;land;false;hills;7
10984;208;172;1;land;false;mountain;7
10985;228;212;1;land;false;plains;7
10986;203;224;1;land;false;desert;7
10987;234;220;1;land;false;mountain;7
10988;221;197;1;land;false;desert;7
10989;199;154;1;land;false;hills;7
10990;197;154;1;land;false;desert;7
10991;210;167;1;land;false;hills;7
10992;244;206;1;land;false;hills;7
10993;200;174;1;land;false;hills;7
10994;254;207;1;land;false;hills;7
10995;224;205;1;land;false;desert;7
10996;226;174;1;land;false;hills;7
10997;249;202;1;land;false;desert;7
10998;227;158;1;land;false;hills;7
10999;249;162;1;land;false;mountain;7
11000;218;164;1;land;false;desert;7
11001;228;197;1;land;false;hills;7
11002;124;32;1;land;false;forest;7
11003;107;24;1;land;false;forest;7
11004;91;17;1;land;false;plains;7
11005;148;53;1;land;false;hills;7
11006;124;21;1;land;false;hills;7
11007;148;47;1;land;false;hills;7
11008;227;146;1;land;false;hills;7
11009;247;201;1;land;false;hills;7
11010;180;183;1;land;false;hills;7
11011;242;172;1;land;false;hills;7
11012;222;139;1;land;false;hills;7
11013;210;127;1;land;false;hills;7
11014;196;158;1;land;false;mountain;7
11015;185;130;1;land;false;mountain;7
11016;247;203;1;land;false;hills;7
11017;251;131;1;land;false;hills;7
11018;238;175;1;land;false;hills;7
11019;122;28;1;land;false;hills;7
11020;117;43;1;land;false;hills;7
11021;73;22;1;land;false;hills;7
11022;59;40;1;land;false;hills;7
11023;96;80;1;land;false;hills;7
11024;80;33;1;land;false;hills;7
11025;85;55;1;land;false;hills;7
11026;129;61;1;land;false;hills;7
11027;95;46;1;land;false;hills;7
11028;57;100;1;land;false;desert;7
11029;13;129;1;land;false;hills;7
11030;16;135;1;land;false;hills;7
11031;36;139;1;land;false;desert;7
11032;61;167;1;land;false;hills;7
11033;2;162;1;land;false;hills;7
11034;171;43;1;land;true;forest;7
11035;192;29;1;land;false;hills;7
11036;163;29;1;land;true;plains;7
11037;205;29;1;land;false;hills;7
11038;197;53;1;land;false;hills;7
11039;133;47;1;land;true;forest;7
11040;158;45;1;land;true;forest;7
11041;127;3;1;land;false;hills;7
11042;22;189;1;land;false;hills;7
11043;15;141;1;land;false;hills;7
11044;40;192;1;land;false;hills;7
11045;35;135;1;land;false;hills;7
11046;25;200;1;land;false;hills;7
11047;39;148;1;land;false;hills;7
11048;243;212;1;land;true;plains;7
11049;226;225;1;land;false;hills;7
11050;235;219;1;land;false;hills;7
11051;235;201;1;land;false;plains;7
11052;212;206;1;land;false;hills;7
11053;249;246;1;land;false;plains;7
11054;205;236;1;land;false;plains;7
11055;209;226;1;land;false;plains;7
11056;179;244;1;land;false;plains;7
11057;218;247;1;land;true;plains;7
11058;227;227;1;land;false;plains;7
11059;208;232;1;land;false;mountain;7
11060;195;209;1;land;true;hills;7
11061;235;215;1;land;false;plains;7
11062;231;223;1;land;false;hills;7
11063;183;196;1;land;false;hills;7
11064;176;242;1;land;false;plains;7
11065;153;246;1;land;false;plains;7
11066;174;219;1;land;false;plains;7
11067;199;254;1;land;false;plains;7
11068;197;244;1;land;false;plains;7
11069;176;243;1;land;false;hills;7
11070;220;240;1;land;false;hills;7
11071;226;241;1;land;false;plains;7
11072;221;251;1;land;false;plains;7
11073;150;221;1;land;false;plains;7
11074;173;226;1;land;false;plains;7
11075;10;239;1;land;false;hills;7
11076;7;235;1;land;false;forest;7
11077;31;188;1;land;false;mountain;7
11078;4;185;1;land;false;hills;7
11079;14;194;1;land;false;mountain;7
11080;21;244;1;land;false;plains;7
11081;25;204;1;land;false;mountain;7
11082;30;200;1;land;false;mountain;7
11083;16;202;1;land;false;hills;7
11084;10;218;1;land;false;hills;7
11085;3;204;1;land;false;plains;7
11086;6;183;1;land;false;hills;7
11087;16;253;1;land;false;hills;7
11088;5;178;1;land;false;forest;7
11089;1;207;1;land;false;plains;7
11090;6;208;1;land;false;mountain;7
11091;16;232;1;land;false;hills;7
11092;5;239;1;land;false;mountain;7
11093;23;192;1;land;false;hills;7
11094;248;167;1;land;false;plains;7
11095;223;197;1;land;false;plains;7
11096;199;198;1;land;false;plains;7
11097;229;194;1;land;false;plains;7
11098;228;204;1;land;false;plains;7
11099;235;221;1;land;false;hills;7
11100;233;177;1;land;false;plains;7
11101;253;168;1;land;false;plains;7
11102;243;232;1;land;false;plains;7
11103;216;222;1;land;false;plains;7
11104;225;220;1;land;false;plains;7
11105;239;217;1;land;false;plains;7
11106;49;103;1;land;false;hills;7
11107;52;132;1;land;true;hills;7
11108;42;119;1;land;false;mountain;7
11109;41;101;1;land;false;hills;7
11110;32;121;1;land;false;plains;7
11111;15;83;1;land;true;mountain;7
11112;50;125;1;land;false;mountain;7
11113;15;101;1;land;false;plains;7
11114;51;71;1;land;false;plains;7
11115;172;170;1;land;false;plains;7
11116;163;236;1;land;false;hills;7
11117;97;51;1;land;false;plains;7
11118;104;77;1;land;false;hills;7
11119;49;50;1;land;false;forest;7
11120;100;33;1;land;false;hills;7
11121;37;75;1;land;false;forest;7
11122;70;84;1;land;false;forest;7
11123;105;35;1;land;false;plains;7
11124;64;69;1;land;false;hills;7
11125;48;98;1;land;false;forest;7
11126;103;55;1;land;false;forest;7
11127;68;53;1;land;false;jungle;7
11128;75;102;1;land;false;hills;7
11129;187;223;1;land;false;plains;7
11130;184;202;1;land;false;forest;7
11131;237;221;1;land;false;hills;7
11132;229;220;1;land;false;forest;7
11133;244;182;1;land;false;hills;7
11134;211;187;1;land;false;plains;7
11135;223;161;1;land;false;plains;7
11136;177;230;1;land;false;plains;7
11137;193;168;1;land;false;plains;7
11138;162;161;1;land;false;forest;7
11139;176;219;1;land;false;mountain;7
11140;198;178;1;land;false;hills;7
11141;219;172;1;land;false;plains;7
11142;184;147;1;land;false;plains;7
11143;197;203;1;land;false;mountain;7
11144;166;218;1;land;false;mountain;7
11145;171;178;1;land;false;plains;7
11146;218;216;1;land;false;plains;7
11147;120;24;1;land;false;desert;7
11148;106;29;1;land;false;desert;7
11149;151;60;1;land;false;plains;7
11150;123;39;1;land;false;plains;7
11151;103;89;1;land;false;plains;7
11152;143;52;1;land;false;plains;7
11153;108;32;1;land;false;desert;7
11154;79;63;1;land;false;desert;7
11155;136;57;1;land;false;hills;7
11156;151;30;1;land;false;plains;7
11157;121;77;1;land;false;plains;7
11158;76;48;1;land;false;plains;7
11159;81;41;1;land;false;plains;7
11160;105;80;1;land;false;desert;7
11161;76;46;1;land;false;plains;7
11162;92;45;1;land;false;forest;7
11163;89;45;1;land;false;hills;7
11164;85;74;1;land;false;hills;7
11165;97;76;1;land;false;forest;7
11166;118;44;1;land;true;forest;7
11167;126;56;1;land;false;forest;7
11168;103;52;1;land;false;forest;7
11169;109;21;1;land;false;hills;7
11170;73;58;1;land;false;hills;7
11171;52;31;1;land;true;hills;7
11172;62;20;1;land;false;forest;7
11173;82;35;1;land;false;forest;7
11174;126;15;1;land;true;jungle;7
11175;123;0;1;land;false;hills;7
11176;102;17;1;land;true;hills;7
11177;50;60;1;land;true;forest;7
11178;76;34;1;land;true;forest;7
11179;75;15;1;land;false;forest;7
11180;88;73;1;land;false;forest;7
11181;99;5;1;land;false;hills;7
11182;53;35;1;land;true;forest;7
11183;116;54;1;land;false;forest;7
11184;78;63;1;land;false;mountain;7
11185;85;35;1;land;false;forest;7
11186;92;74;1;land;true;hills;7
11187;57;0;1;land;false;forest;7
11188;83;3;1;land;false;mountain;7
11189;106;21;1;land;true;forest;7
11190;245;156;1;land;true;desert;7
11191;231;146;1;land;false;hills;7
11192;223;144;1;land;false;hills;7
11193;195;203;1;land;true;mountain;7
11194;210;194;1;land;false;hills;7
11195;205;153;1;land;false;hills;7
11196;207;174;1;land;false;hills;7
11197;188;150;1;land;false;hills;7
11198;205;214;1;land;false;hills;7
11199;224;140;1;land;false;hills;7
11200;206;206;1;land;true;mountain;7
11201;199;184;1;land;false;hills;7
11202;216;171;1;land;true;hills;7
11203;199;155;1;land;false;hills;7
11204;253;172;1;land;false;hills;7
11205;209;198;1;land;true;hills;7
11206;198;203;1;land;false;mountain;7
11207;210;146;1;land;false;hills;7
11208;66;128;1;land;false;hills;7
11209;9;177;1;land;false;plains;7
11210;39;125;1;land;false;plains;7
11211;80;166;1;land;false;plains;7
11212;70;180;1;land;false;plains;7
11213;4;135;1;land;false;plains;7
11214;51;154;1;land;false;mountain;7
11215;27;134;1;land;false;plains;7
11216;18;156;1;land;false;plains;7
11217;40;213;1;land;true;hills;7
11218;71;223;1;land;true;hills;7
11219;89;181;1;land;true;hills;7
11220;58;191;1;land;true;plains;7
11221;223;45;1;land;false;hills;7
11222;191;116;1;land;true;hills;7
11223;248;85;1;land;true;hills;7
11224;243;86;1;land;false;plains;7
11225;173;119;1;land;true;hills;7
11226;174;82;1;land;true;plains;7
11227;185;109;1;land;false;plains;7
11228;193;79;1;land;false;forest;7
11229;141;179;1;land;false;hills;7
11230;104;139;1;land;false;hills;7
11231;104;159;1;land;false;desert;7
11232;16;30;1;land;false;plains;7
11233;47;53;1;land;false;hills;7
11234;28;62;1;land;false;plains;7
11235;48;45;1;land;false;plains;7
11236;55;77;1;land;false;plains;7
11237;22;34;1;land;false;plains;7
11238;15;52;1;land;false;hills;7
11239;60;40;1;land;false;plains;7
11240;5;25;1;land;false;plains;7
11241;5;72;1;land;false;desert;7
11242;28;32;1;land;false;plains;7
11243;53;28;1;land;false;plains;7
11244;27;61;1;land;false;hills;7
11245;5;48;1;land;false;desert;7
11246;58;54;1;land;false;plains;7
11247;17;15;1;land;false;plains;7
11248;26;92;1;land;false;hills;7
11249;10;66;1;land;false;plains;7
11250;2;26;1;land;false;plains;7
11251;25;83;1;land;false;plains;7
11252;14;82;1;land;false;hills;7
11253;201;144;1;land;false;hills;7
11254;172;181;1;land;false;hills;7
11255;193;204;1;land;false;mountain;7
11256;168;205;1;land;false;hills;7
11257;202;200;1;land;false;hills;7
11258;162;144;1;land;false;hills;7
11259;153;146;1;land;false;hills;7
11260;150;136;1;land;false;mountain;7
11261;106;18;1;land;false;forest;7
11262;30;18;1;land;false;forest;7
11263;68;2;1;land;false;plains;7
11264;38;10;1;land;false;forest;7
11265;83;41;1;land;false;hills;7
11266;51;40;1;land;false;plains;7
11267;75;19;1;land;false;plains;7
11268;48;19;1;land;false;forest;7
11269;132;181;1;land;true;hills;7
11270;123;140;1;land;false;hills;7
11271;176;136;1;land;true;hills;7
11272;148;180;1;land;false;plains;7
11273;183;155;1;land;true;hills;7
11274;174;156;1;land;false;hills;7
11275;141;173;1;land;true;plains;7
11276;134;187;1;land;false;plains;7
11277;167;115;1;land;true;plains;7
11278;180;116;1;land;true;plains;7
11279;184;115;1;land;false;plains;7
11280;14;11;1;land;false;plains;7
11281;65;39;1;land;false;hills;7
11282;51;12;1;land;false;hills;7
11283;33;0;1;land;false;hills;7
11284;5;63;1;land;false;plains;7
11285;79;55;1;land;false;hills;7
11286;9;50;1;land;false;hills;7
11287;56;23;1;land;false;hills;7
11288;69;0;1;land;false;plains;7
11289;54;59;1;land;false;plains;7
11290;44;26;1;land;false;hills;7
11291;33;27;1;land;false;hills;7
11292;29;58;1;land;false;plains;7
11293;60;20;1;land;false;hills;7
11294;33;40;1;land;false;plains;7
11295;30;40;1;land;false;hills;7
11296;72;55;1;land;false;desert;7
11297;36;6;1;land;false;hills;7
11298;238;104;1;land;false;hills;7
11299;254;110;1;land;false;hills;7
11300;240;94;1;land;false;hills;7
11301;246;154;1;land;false;hills;7
11302;232;86;1;land;false;mountain;7
11303;199;80;1;land;false;hills;7
11304;232;80;1;land;false;hills;7
11305;249;82;1;land;false;hills;7
11306;229;97;1;land;false;hills;7
11307;250;148;1;land;false;hills;7
11308;246;96;1;land;false;hills;7
11309;223;91;1;land;false;hills;7
11310;118;233;1;land;true;mountain;7
11311;118;247;1;land;false;mountain;7
11312;87;248;1;land;false;hills;7
11313;126;236;1;land;false;mountain;7
11314;120;217;1;land;false;hills;7
11315;89;219;1;land;false;hills;7
11316;89;224;1;land;true;mountain;7
11317;129;220;1;land;false;hills;7
11318;131;244;1;land;false;mountain;7
11319;130;243;1;land;true;mountain;7
11320;130;218;1;land;false;hills;7
11321;175;105;1;land;false;hills;7
11322;223;171;1;land;false;mountain;7
11323;245;159;1;land;false;hills;7
11324;206;125;1;land;false;hills;7
11325;236;132;1;land;false;plains;7
11326;237;136;1;land;false;mountain;7
11327;239;142;1;land;false;hills;7
11328;178;124;1;land;false;hills;7
11329;206;141;1;land;false;hills;7
11330;193;162;1;land;false;forest;7
11331;187;140;1;land;false;hills;7
11332;186;166;1;land;false;hills;7
11333;187;172;1;land;false;hills;7
11334;192;125;1;land;false;hills;7
11335;180;174;1;land;false;hills;7
11336;116;197;1;land;false;forest;7
11337;103;254;1;land;false;hills;7
11338;68;214;1;land;false;forest;7
11339;72;201;1;land;false;plains;7
11340;90;200;1;land;false;hills;7
11341;100;234;1;land;true;mountain;7
11342;122;224;1;land;false;forest;7
11343;83;224;1;land;false;hills;7
11344;90;253;1;land;false;hills;7
11345;118;214;1;land;false;hills;7
11346;111;232;1;land;false;mountain;7
11347;110;253;1;land;false;hills;7
11348;59;230;1;land;false;plains;7
11349;73;201;1;land;false;plains;7
11350;113;250;1;land;false;plains;7
11351;89;239;1;land;false;hills;7
11352;118;204;1;land;false;forest;7
11353;76;235;1;land;false;mountain;7
11354;123;235;1;land;false;hills;7
11355;100;209;1;land;false;hills;7
11356;69;241;1;land;false;forest;7
11357;81;199;1;land;false;plains;7
11358;57;205;1;land;false;plains;7
11359;94;215;1;land;false;hills;7
11360;112;216;1;land;false;hills;7
11361;99;217;1;land;false;hills;7
11362;70;199;1;land;false;plains;7
11363;85;254;1;land;true;forest;7
11364;109;218;1;land;false;hills;7
11365;107;254;1;land;false;forest;7
11366;93;201;1;land;true;forest;7
11367;82;243;1;land;false;hills;7
11368;99;245;1;land;false;hills;7
11369;50;251;1;land;false;forest;7
11370;97;220;1;land;false;hills;7
11371;60;227;1;land;false;forest;7
11372;98;227;1;land;false;hills;7
11373;97;250;1;land;false;hills;7
11374;50;204;1;land;false;mountain;7
11375;56;235;1;land;false;hills;7
11376;100;254;1;land;false;hills;7
11377;119;224;1;land;false;plains;7
11378;130;127;1;land;false;hills;7
11379;141;185;1;land;false;hills;7
11380;156;146;1;land;true;hills;7
11381;101;150;1;land;false;hills;7
11382;139;111;1;land;false;plains;7
11383;102;151;1;land;true;hills;7
11384;152;129;1;land;true;hills;7
11385;191;77;1;land;false;hills;7
11386;212;132;1;land;false;hills;7
11387;190;127;1;land;false;hills;7
11388;193;123;1;land;false;hills;7
11389;185;98;1;land;false;mountain;7
11390;210;66;1;land;false;hills;7
11391;181;76;1;land;false;plains;7
11392;151;79;1;land;false;plains;7
11393;142;102;1;land;false;plains;7
11394;139;110;1;land;false;hills;7
11395;215;114;1;land;false;hills;7
11396;155;99;1;land;false;plains;7
11397;166;85;1;land;false;hills;7
11398;186;86;1;land;false;hills;7
11399;137;76;1;land;false;plains;7
11400;207;99;1;land;false;hills;7
11401;163;128;1;land;false;hills;7
11402;168;69;1;land;false;hills;7
11403;57;197;1;land;false;hills;7
11404;39;214;1;land;false;plains;7
11405;46;250;1;land;false;plains;7
11406;29;225;1;land;false;plains;7
11407;52;223;1;land;false;hills;7
11408;77;237;1;land;false;plains;7
11409;32;215;1;land;false;hills;7
11410;84;249;1;land;false;hills;7
11411;71;239;1;land;false;forest;7
11412;56;240;1;land;false;plains;7
11413;85;243;1;land;false;plains;7
11414;98;244;1;land;false;plains;7
11415;21;238;1;land;false;plains;7
11416;31;232;1;land;false;plains;7
11417;45;215;1;land;false;plains;7
11418;225;55;1;land;false;plains;7
11419;194;128;1;land;false;hills;7
11420;252;132;1;land;false;hills;7
11421;195;106;1;land;true;plains;7
11422;248;125;1;land;true;desert;7
11423;188;110;1;land;false;hills;7
11424;222;106;1;land;true;hills;7
11425;194;122;1;land;false;hills;7
11426;225;99;1;land;false;hills;7
11427;201;63;1;land;false;plains;7
11428;251;85;1;land;false;hills;7
11429;211;125;1;land;false;hills;7
11430;215;53;1;land;true;hills;7
11431;203;74;1;land;true;desert;7
11432;212;86;1;land;false;hills;7
11433;249;78;1;land;false;mountain;7
11434;254;84;1;land;false;hills;7
11435;89;216;1;land;false;forest;7
11436;86;188;1;land;false;hills;7
11437;110;217;1;land;false;hills;7
11438;101;249;1;land;false;plains;7
11439;100;217;1;land;false;plains;7
11440;121;222;1;land;false;plains;7
11441;48;243;1;land;false;plains;7
11442;96;210;1;land;false;plains;7
11443;29;20;1;land;true;plains;7
11444;20;22;1;land;true;mountain;7
11445;173;219;1;land;false;forest;7
11446;115;143;1;land;false;forest;7
11447;139;180;1;land;false;plains;7
11448;188;193;1;land;false;plains;7
11449;147;148;1;land;false;forest;7
11450;190;209;1;land;false;plains;7
11451;162;182;1;land;false;forest;7
11452;183;188;1;land;false;forest;7
11453;163;183;1;land;false;plains;7
11454;234;35;1;land;true;mountain;7
11455;247;51;1;land;true;mountain;7
11456;230;47;1;land;true;mountain;7
11457;253;90;1;land;false;hills;7
11458;234;33;1;land;true;mountain;7
11459;252;38;1;land;false;mountain;7
11460;189;10;1;land;false;hills;7
11461;231;35;1;land;false;hills;7
11462;225;28;1;land;false;mountain;7
11463;179;9;1;land;false;mountain;7
11464;228;4;1;land;false;plains;7
11465;232;38;1;land;false;hills;7
11466;213;24;1;land;false;hills;7
11467;243;27;1;land;false;plains;7
11468;64;168;1;land;true;mountain;6
11469;63;146;1;land;true;hills;6
11470;29;164;1;land;true;mountain;6
11471;62;160;1;land;true;mountain;6
11472;0;173;1;land;true;plains;6
11473;7;145;1;land;true;plains;6
11474;17;146;1;land;false;mountain;6
11475;0;101;1;land;true;plains;6
11476;16;29;1;land;true;plains;6
11477;33;55;1;land;false;hills;6
11478;25;68;1;land;true;hills;6
11479;32;83;1;land;true;hills;6
11480;1;53;1;land;true;hills;6
11481;12;35;1;land;true;hills;6
11482;7;45;1;land;false;plains;6
11483;11;71;1;land;false;plains;6
11484;20;62;1;land;true;plains;6
11485;16;52;1;land;true;forest;6
11486;32;88;1;land;true;hills;6
11487;204;118;1;land;false;hills;6
11488;216;154;1;land;false;hills;6
11489;176;159;1;land;true;mountain;6
11490;168;173;1;land;false;hills;6
11491;163;184;1;land;false;mountain;6
11492;201;163;1;land;false;hills;6
11493;170;114;1;land;true;mountain;6
11494;184;156;1;land;false;mountain;6
11495;68;105;1;land;false;hills;6
11496;72;158;1;land;false;forest;6
11497;127;132;1;land;false;hills;6
11498;125;155;1;land;false;hills;6
11499;93;118;1;land;false;hills;6
11500;106;133;1;land;false;mountain;6
11501;131;96;1;land;false;forest;6
11502;110;102;1;land;false;plains;6
11503;61;163;1;land;false;plains;6
11504;63;88;1;land;false;forest;6
11505;118;138;1;land;false;hills;6
11506;112;156;1;land;false;hills;6
11507;67;164;1;land;false;forest;6
11508;69;96;1;land;false;hills;6
11509;134;110;1;land;false;forest;6
11510;133;120;1;land;false;forest;6
11511;134;157;1;land;false;forest;6
11512;168;119;1;land;false;hills;6
11513;131;112;1;land;false;forest;6
11514;172;117;1;land;false;plains;6
11515;170;152;1;land;false;forest;6
11516;146;179;1;land;false;hills;6
11517;181;126;1;land;false;forest;6
11518;115;112;1;land;false;forest;6
11519;169;150;1;land;false;hills;6
11520;161;140;1;land;false;hills;6
11521;110;178;1;land;false;plains;6
11522;143;181;1;land;false;plains;6
11523;113;154;1;land;false;forest;6
11524;110;159;1;land;false;hills;6
11525;121;133;1;land;false;forest;6
11526;172;127;1;land;false;hills;6
11527;181;166;1;land;false;hills;6
11528;127;128;1;land;false;forest;6
11529;167;136;1;land;false;forest;6
11530;123;116;1;land;false;hills;6
11531;134;155;1;land;false;forest;6
11532;207;52;1;land;false;hills;6
11533;205;79;1;land;false;hills;6
11534;212;68;1;land;false;hills;6
11535;200;64;1;land;false;plains;6
11536;208;128;1;land;false;hills;6
11537;212;90;1;land;false;plains;6
11538;205;78;1;land;false;plains;6
11539;252;79;1;land;false;hills;6
11540;201;125;1;land;false;hills;6
11541;219;56;1;land;false;mountain;6
11542;244;52;1;land;false;hills;6
11543;200;94;1;land;false;hills;6
11544;202;124;1;land;false;plains;6
11545;208;63;1;land;false;forest;6
11546;222;64;1;land;false;hills;6
11547;230;73;1;land;false;mountain;6
11548;97;193;1;land;false;plains;6
11549;127;190;1;land;true;hills;6
11550;127;237;1;land;true;hills;6
11551;145;211;1;land;false;mountain;6
11552;152;198;1;land;false;hills;6
11553;89;237;1;land;false;plains;6
11554;146;220;1;land;false;hills;6
11555;90;195;1;land;false;hills;6
11556;127;208;1;land;false;desert;6
11557;135;222;1;land;false;desert;6
11558;86;208;1;land;false;hills;6
11559;128;226;1;land;false;hills;6
11560;83;250;1;land;false;desert;6
11561;111;200;1;land;false;desert;6
11562;82;192;1;land;false;plains;6
11563;113;218;1;land;false;plains;6
11564;134;242;1;land;false;hills;6
11565;173;202;1;land;true;hills;6
11566;167;199;1;land;true;hills;6
11567;144;173;1;land;false;forest;6
11568;144;196;1;land;false;forest;6
11569;103;174;1;land;false;hills;6
11570;126;223;1;land;false;forest;6
11571;125;182;1;land;true;hills;6
11572;117;208;1;land;false;hills;6
11573;143;155;1;land;true;forest;6
11574;166;201;1;land;false;forest;6
11575;115;177;1;land;true;plains;6
11576;148;220;1;land;false;forest;6
11577;116;205;1;land;false;forest;6
11578;138;230;1;land;false;forest;6
11579;147;198;1;land;false;forest;6
11580;142;201;1;land;true;forest;6
11581;121;165;1;land;false;forest;6
11582;168;218;1;land;true;forest;6
11583;121;159;1;land;true;hills;6
11584;136;182;1;land;false;forest;6
11585;155;219;1;land;false;forest;6
11586;169;162;1;land;false;forest;6
11587;113;211;1;land;true;hills;6
11588;154;202;1;land;false;hills;6
11589;136;157;1;land;false;forest;6
11590;114;170;1;land;false;forest;6
11591;176;173;1;land;false;plains;6
11592;178;198;1;land;false;hills;6
11593;218;131;1;land;false;hills;6
11594;245;160;1;land;false;mountain;6
11595;227;187;1;land;false;hills;6
11596;173;131;1;land;false;hills;6
11597;229;199;1;land;false;hills;6
11598;231;128;1;land;true;mountain;6
11599;239;165;1;land;false;plains;6
11600;233;199;1;land;false;mountain;6
11601;206;166;1;land;false;hills;6
11602;174;129;1;land;false;plains;6
11603;204;200;1;land;true;mountain;6
11604;177;140;1;land;false;hills;6
11605;194;202;1;land;false;hills;6
11606;81;175;1;land;false;hills;6
11607;27;175;1;land;true;desert;6
11608;95;155;1;land;true;mountain;6
11609;23;194;1;land;true;hills;6
11610;81;184;1;land;false;hills;6
11611;91;212;1;land;false;forest;6
11612;63;225;1;land;false;forest;6
11613;74;186;1;land;false;forest;6
11614;87;222;1;land;false;plains;6
11615;58;238;1;land;false;forest;6
11616;88;217;1;land;false;hills;6
11617;69;242;1;land;false;forest;6
11618;91;174;1;land;false;forest;6
11619;37;162;1;land;false;hills;6
11620;38;167;1;land;false;hills;6
11621;32;152;1;land;false;hills;6
11622;3;206;1;land;false;hills;6
11623;8;162;1;land;false;hills;6
11624;16;193;1;land;false;forest;6
11625;5;182;1;land;false;hills;6
11626;22;141;1;land;false;forest;6
11627;18;209;1;land;false;forest;6
11628;32;249;1;land;false;forest;6
11629;71;218;1;land;true;forest;6
11630;54;229;1;land;false;plains;6
11631;30;253;1;land;true;hills;6
11632;81;254;1;land;false;forest;6
11633;79;209;1;land;false;forest;6
11634;35;234;1;land;false;forest;6
11635;79;241;1;land;true;hills;6
11636;68;216;1;land;true;hills;6
11637;61;214;1;land;false;hills;6
11638;54;241;1;land;true;forest;6
11639;32;220;1;land;true;jungle;6
11640;55;250;1;land;false;forest;6
11641;61;231;1;land;false;forest;6
11642;45;237;1;land;false;forest;6
11643;82;245;1;land;false;forest;6
11644;31;224;1;land;false;forest;6
11645;86;221;1;land;false;forest;6
11646;29;211;1;land;true;hills;6
11647;89;213;1;land;false;forest;6
11648;52;236;1;land;false;hills;6
11649;24;244;1;land;false;forest;6
11650;40;71;1;land;false;plains;6
11651;6;107;1;land;false;forest;6
11652;66;108;1;land;false;hills;6
11653;78;110;1;land;false;forest;6
11654;33;83;1;land;false;hills;6
11655;50;117;1;land;false;forest;6
11656;29;111;1;land;false;hills;6
11657;44;133;1;land;false;forest;6
11658;1;106;1;land;false;forest;6
11659;11;110;1;land;false;hills;6
11660;58;94;1;land;false;forest;6
11661;59;80;1;land;false;forest;6
11662;40;208;1;land;true;hills;6
11663;58;194;1;land;false;hills;6
11664;68;177;1;land;false;forest;6
11665;42;216;1;land;false;hills;6
11666;56;168;1;land;false;hills;6
11667;40;194;1;land;true;hills;6
11668;51;170;1;land;false;hills;6
11669;92;239;1;land;false;hills;6
11670;46;211;1;land;true;plains;6
11671;49;193;1;land;false;forest;6
11672;61;240;1;land;false;hills;6
11673;102;214;1;land;false;hills;6
11674;51;159;1;land;false;hills;6
11675;209;163;1;land;true;plains;6
11676;236;183;1;land;false;plains;6
11677;207;170;1;land;true;hills;6
11678;236;197;1;land;true;hills;6
11679;207;164;1;land;true;plains;6
11680;236;200;1;land;true;plains;6
11681;214;143;1;land;true;plains;6
11682;220;139;1;land;true;hills;6
11683;20;188;1;land;true;plains;6
11684;68;154;1;land;true;hills;6
11685;57;150;1;land;false;plains;6
11686;61;162;1;land;false;plains;6
11687;77;137;1;land;false;hills;6
11688;74;142;1;land;false;hills;6
11689;53;180;1;land;true;hills;6
11690;16;182;1;land;false;hills;6
11691;76;180;1;land;true;plains;6
11692;32;150;1;land;true;plains;6
11693;93;154;1;land;false;plains;6
11694;68;125;1;land;true;plains;6
11695;27;144;1;land;true;plains;6
11696;43;134;1;land;true;plains;6
11697;15;126;1;land;true;hills;6
11698;17;159;1;land;true;hills;6
11699;39;189;1;land;false;hills;6
11700;17;193;1;land;false;plains;6
11701;68;202;1;land;false;hills;6
11702;68;164;1;land;false;mountain;6
11703;133;55;1;land;true;hills;6
11704;167;51;1;land;false;plains;6
11705;153;16;1;land;true;plains;6
11706;183;42;1;land;false;plains;6
11707;182;60;1;land;false;plains;6
11708;185;19;1;land;true;plains;6
11709;189;30;1;land;false;plains;6
11710;141;37;1;land;false;plains;6
11711;156;35;1;land;false;plains;6
11712;132;6;1;land;true;forest;6
11713;184;39;1;land;false;plains;6
11714;191;34;1;land;true;plains;6
11715;144;49;1;land;false;plains;6
11716;174;92;1;land;false;hills;6
11717;178;64;1;land;true;hills;6
11718;161;76;1;land;false;forest;6
11719;185;30;1;land;true;hills;6
11720;213;66;1;land;true;hills;6
11721;206;71;1;land;false;forest;6
11722;182;86;1;land;false;hills;6
11723;185;93;1;land;false;forest;6
11724;212;31;1;land;false;hills;6
11725;200;93;1;land;false;forest;6
11726;203;65;1;land;true;hills;6
11727;197;66;1;land;true;plains;6
11728;226;44;1;land;true;hills;6
11729;162;95;1;land;false;forest;6
11730;173;73;1;land;true;mountain;6
11731;190;49;1;land;true;forest;6
11732;167;26;1;land;true;hills;6
11733;198;61;1;land;false;hills;6
11734;147;45;1;land;true;mountain;6
11735;178;37;1;land;true;hills;6
11736;149;90;1;land;true;forest;6
11737;130;126;1;land;true;plains;6
11738;104;110;1;land;true;hills;6
11739;121;116;1;land;false;hills;6
11740;147;104;1;land;false;hills;6
11741;169;125;1;land;true;forest;6
11742;168;103;1;land;false;hills;6
11743;162;162;1;land;true;desert;6
11744;140;140;1;land;true;plains;6
11745;150;128;1;land;true;forest;6
11746;178;100;1;land;true;hills;6
11747;161;173;1;land;false;plains;6
11748;120;104;1;land;false;forest;6
11749;161;168;1;land;true;hills;6
11750;180;154;1;land;false;hills;6
11751;240;81;1;land;true;mountain;6
11752;207;107;1;land;false;mountain;6
11753;196;91;1;land;true;mountain;6
11754;219;104;1;land;true;mountain;6
11755;223;64;1;land;true;plains;6
11756;234;115;1;land;true;plains;6
11757;199;81;1;land;true;mountain;6
11758;84;83;1;land;false;hills;6
11759;54;113;1;land;false;hills;6
11760;117;118;1;land;true;desert;6
11761;88;92;1;land;false;mountain;6
11762;67;123;1;land;false;hills;6
11763;49;78;1;land;true;desert;6
11764;96;67;1;land;false;hills;6
11765;74;86;1;land;false;plains;6
11766;98;102;1;land;true;desert;6
11767;82;99;1;land;false;mountain;6
11768;81;84;1;land;false;hills;6
11769;105;56;1;land;false;hills;6
11770;112;99;1;land;false;plains;6
11771;47;101;1;land;true;desert;6
11772;122;114;1;land;false;hills;6
11773;115;89;1;land;false;plains;6
11774;91;98;1;land;false;plains;6
11775;53;50;1;land;true;desert;6
11776;72;60;1;land;false;mountain;6
11777;60;94;1;land;false;hills;6
11778;70;67;1;land;false;hills;6
11779;73;86;1;land;false;hills;6
11780;52;121;1;land;true;desert;6
11781;207;183;1;land;false;plains;6
11782;191;229;1;land;false;hills;6
11783;152;193;1;land;true;plains;6
11784;218;172;1;land;false;hills;6
11785;181;174;1;land;true;plains;6
11786;197;237;1;land;false;hills;6
11787;209;245;1;land;false;hills;6
11788;154;217;1;land;false;plains;6
11789;153;211;1;land;false;plains;6
11790;247;188;1;land;false;plains;6
11791;225;188;1;land;false;plains;6
11792;241;207;1;land;false;hills;6
11793;253;189;1;land;true;desert;6
11794;235;183;1;land;false;hills;6
11795;217;178;1;land;false;plains;6
11796;235;184;1;land;true;mountain;6
11797;230;201;1;land;false;hills;6
11798;213;155;1;land;true;hills;6
11799;248;158;1;land;false;hills;6
11800;248;140;1;land;true;desert;6
11801;227;177;1;land;false;plains;6
11802;215;144;1;land;true;hills;6
11803;224;190;1;land;true;hills;6
11804;233;146;1;land;false;plains;6
11805;243;163;1;land;false;mountain;6
11806;219;157;1;land;false;hills;6
11807;228;155;1;land;false;hills;6
11808;214;146;1;land;true;desert;6
11809;226;147;1;land;false;hills;6
11810;228;62;1;land;false;plains;6
11811;172;57;1;land;false;forest;6
11812;203;50;1;land;false;hills;6
11813;188;5;1;land;false;forest;6
11814;206;37;1;land;false;hills;6
11815;189;4;1;land;false;forest;6
11816;174;69;1;land;false;forest;6
11817;216;52;1;land;false;forest;6
11818;236;28;1;land;false;mountain;6
11819;219;0;1;land;false;forest;6
11820;210;16;1;land;false;forest;6
11821;185;41;1;land;false;forest;6
11822;208;18;1;land;false;mountain;6
11823;225;19;1;land;false;forest;6
11824;233;57;1;land;false;forest;6
11825;225;5;1;land;false;plains;6
11826;207;23;1;land;false;forest;6
11827;178;29;1;land;false;forest;6
11828;174;62;1;land;false;forest;6
11829;178;39;1;land;false;mountain;6
11830;170;16;1;land;false;plains;6
11831;201;1;1;land;false;forest;6
11832;248;8;1;land;false;hills;6
11833;227;7;1;land;false;forest;6
11834;73;108;1;land;false;forest;6
11835;63;58;1;land;false;forest;6
11836;76;38;1;land;false;forest;6
11837;76;107;1;land;false;forest;6
11838;51;55;1;land;false;plains;6
11839;18;55;1;land;false;hills;6
11840;81;38;1;land;false;plains;6
11841;32;47;1;land;false;hills;6
11842;84;25;1;land;false;plains;6
11843;88;237;1;land;true;plains;6
11844;88;168;1;land;true;plains;6
11845;100;189;1;land;true;hills;6
11846;139;230;1;land;true;forest;6
11847;72;172;1;land;true;hills;6
11848;108;208;1;land;true;hills;6
11849;129;233;1;land;true;plains;6
11850;89;200;1;land;true;hills;6
11851;74;172;1;land;true;plains;6
11852;97;170;1;land;false;hills;6
11853;81;227;1;land;true;plains;6
11854;176;221;1;land;true;hills;6
11855;235;226;1;land;false;forest;6
11856;184;229;1;land;false;forest;6
11857;239;242;1;land;false;forest;6
11858;191;190;1;land;false;forest;6
11859;242;232;1;land;false;plains;6
11860;194;222;1;land;false;forest;6
11861;219;234;1;land;false;hills;6
11862;229;235;1;land;false;forest;6
11863;205;220;1;land;false;forest;6
11864;248;211;1;land;false;forest;6
11865;215;193;1;land;false;jungle;6
11866;233;178;1;land;false;forest;6
11867;206;231;1;land;false;forest;6
11868;199;233;1;land;false;hills;6
11869;199;240;1;land;false;jungle;6
11870;223;175;1;land;false;forest;6
11871;247;208;1;land;false;forest;6
11872;252;218;1;land;true;hills;6
11873;223;224;1;land;false;plains;6
11874;224;209;1;land;false;hills;6
11875;194;210;1;land;false;forest;6
11876;206;243;1;land;false;forest;6
11877;36;191;1;land;false;forest;6
11878;13;254;1;land;false;hills;6
11879;28;232;1;land;false;hills;6
11880;44;199;1;land;false;hills;6
11881;27;216;1;land;false;hills;6
11882;0;243;1;land;false;plains;6
11883;18;226;1;land;false;hills;6
11884;40;253;1;land;false;hills;6
11885;77;194;1;land;true;hills;6
11886;127;180;1;land;true;desert;6
11887;53;177;1;land;true;mountain;6
11888;56;189;1;land;true;mountain;6
11889;77;166;1;land;true;plains;6
11890;117;220;1;land;true;plains;6
11891;207;214;1;land;true;plains;6
11892;210;254;1;land;true;plains;6
11893;201;213;1;land;false;mountain;6
11894;251;236;1;land;false;mountain;6
11895;242;251;1;land;true;plains;6
11896;213;231;1;land;true;plains;6
11897;239;220;1;land;true;plains;6
11898;214;241;1;land;false;mountain;6
11899;230;235;1;land;true;plains;6
11900;179;226;1;land;true;plains;6
11901;213;250;1;land;false;hills;6
11902;229;247;1;land;false;mountain;6
11903;192;248;1;land;true;mountain;6
11904;182;253;1;land;true;hills;6
11905;159;193;1;land;false;hills;6
11906;139;243;1;land;false;hills;6
11907;135;228;1;land;false;hills;6
11908;231;226;1;land;false;hills;6
11909;216;251;1;land;false;hills;6
11910;236;221;1;land;false;hills;6
11911;240;181;1;land;false;hills;6
11912;244;221;1;land;false;forest;6
11913;217;184;1;land;false;hills;6
11914;181;65;1;land;false;forest;6
11915;154;70;1;land;false;forest;6
11916;215;66;1;land;false;forest;6
11917;190;67;1;land;false;forest;6
11918;174;43;1;land;false;hills;6
11919;208;0;1;land;false;forest;6
11920;162;49;1;land;false;forest;6
11921;150;64;1;land;false;forest;6
11922;170;5;1;land;false;forest;6
11923;222;31;1;land;false;forest;6
11924;158;66;1;land;false;forest;6
11925;211;61;1;land;false;forest;6
11926;202;26;1;land;false;forest;6
11927;179;39;1;land;false;forest;6
11928;154;14;1;land;false;hills;6
11929;180;152;1;land;false;hills;6
11930;215;167;1;land;false;hills;6
11931;231;129;1;land;false;hills;6
11932;175;155;1;land;false;mountain;6
11933;192;170;1;land;true;hills;6
11934;227;184;1;land;false;hills;6
11935;244;135;1;land;false;hills;6
11936;186;179;1;land;false;hills;6
11937;195;142;1;land;true;plains;6
11938;182;156;1;land;false;hills;6
11939;175;115;1;land;false;hills;6
11940;216;149;1;land;false;hills;6
11941;175;149;1;land;true;plains;6
11942;207;169;1;land;false;hills;6
11943;231;175;1;land;false;hills;6
11944;175;128;1;land;true;hills;6
11945;175;140;1;land;false;hills;6
11946;238;146;1;land;false;hills;6
11947;200;170;1;land;false;hills;6
11948;247;185;1;land;false;hills;6
11949;231;110;1;land;true;hills;6
11950;181;177;1;land;false;hills;6
11951;185;160;1;land;false;hills;6
11952;244;161;1;land;false;mountain;6
11953;46;16;1;land;false;plains;6
11954;39;37;1;land;false;mountain;6
11955;4;39;1;land;false;mountain;6
11956;6;17;1;land;false;plains;6
11957;24;17;1;land;false;hills;6
11958;6;9;1;land;false;hills;6
11959;26;13;1;land;false;plains;6
11960;44;2;1;land;false;hills;6
11961;48;18;1;land;false;hills;6
11962;24;24;1;land;false;hills;6
11963;188;135;1;land;true;mountain;6
11964;169;144;1;land;true;forest;6
11965;186;119;1;land;true;hills;6
11966;135;142;1;land;true;forest;6
11967;173;162;1;land;false;hills;6
11968;186;218;1;land;false;forest;6
11969;200;238;1;land;false;hills;6
11970;139;248;1;land;false;forest;6
11971;156;240;1;land;false;hills;6
11972;152;248;1;land;false;hills;6
11973;215;253;1;land;false;hills;6
11974;209;225;1;land;false;hills;6
11975;162;214;1;land;false;hills;6
11976;200;213;1;land;false;hills;6
11977;191;237;1;land;false;hills;6
11978;164;222;1;land;false;hills;6
11979;202;223;1;land;false;hills;6
11980;139;215;1;land;false;hills;6
11981;205;218;1;land;false;forest;6
11982;201;251;1;land;false;hills;6
11983;148;233;1;land;false;hills;6
11984;180;244;1;land;false;hills;6
11985;213;221;1;land;false;hills;6
11986;197;224;1;land;false;hills;6
11987;172;213;1;land;false;hills;6
11988;211;222;1;land;false;mountain;6
11989;164;241;1;land;false;mountain;6
11990;178;241;1;land;false;hills;6
11991;192;236;1;land;false;hills;6
11992;194;240;1;land;false;hills;6
11993;125;189;1;land;false;hills;6
11994;105;193;1;land;false;plains;6
11995;107;251;1;land;false;hills;6
11996;70;200;1;land;false;hills;6
11997;63;186;1;land;false;plains;6
11998;120;241;1;land;false;plains;6
11999;101;247;1;land;false;plains;6
12000;115;217;1;land;false;forest;6
12001;125;218;1;land;false;plains;6
12002;92;230;1;land;false;hills;6
12003;109;196;1;land;false;hills;6
12004;119;249;1;land;false;plains;6
12005;94;216;1;land;false;plains;6
12006;68;221;1;land;false;plains;6
12007;80;199;1;land;false;plains;6
12008;148;169;1;land;true;hills;6
12009;161;139;1;land;true;desert;6
12010;149;189;1;land;true;plains;6
12011;221;181;1;land;false;hills;6
12012;152;140;1;land;false;hills;6
12013;217;174;1;land;true;mountain;6
12014;159;152;1;land;true;desert;6
12015;201;159;1;land;false;hills;6
12016;181;171;1;land;true;mountain;6
12017;153;145;1;land;true;mountain;6
12018;182;164;1;land;false;hills;6
12019;145;98;1;land;false;hills;6
12020;195;146;1;land;true;plains;6
12021;188;161;1;land;false;hills;6
12022;187;117;1;land;false;hills;6
12023;180;120;1;land;false;plains;6
12024;190;130;1;land;true;plains;6
12025;188;89;1;land;false;hills;6
12026;157;140;1;land;false;hills;6
12027;154;90;1;land;false;plains;6
12028;158;134;1;land;false;plains;6
12029;177;153;1;land;false;hills;6
12030;141;136;1;land;true;plains;6
12031;179;131;1;land;false;hills;6
12032;162;158;1;land;true;hills;6
12033;188;121;1;land;false;hills;6
12034;174;128;1;land;false;plains;6
12035;123;95;1;land;false;plains;6
12036;130;136;1;land;true;plains;6
12037;159;92;1;land;false;plains;6
12038;137;109;1;land;false;hills;6
12039;216;93;1;land;false;plains;6
12040;240;62;1;land;false;hills;6
12041;200;95;1;land;false;hills;6
12042;206;115;1;land;false;forest;6
12043;207;95;1;land;false;hills;6
12044;219;100;1;land;false;hills;6
12045;205;69;1;land;false;hills;6
12046;204;103;1;land;false;hills;6
12047;197;80;1;land;false;hills;6
12048;214;124;1;land;false;hills;6
12049;249;128;1;land;false;hills;6
12050;214;72;1;land;false;hills;6
12051;252;62;1;land;false;hills;6
12052;186;130;1;land;false;plains;6
12053;194;78;1;land;false;hills;6
12054;247;70;1;land;false;plains;6
12055;218;136;1;land;false;plains;6
12056;253;82;1;land;false;forest;6
12057;231;74;1;land;false;plains;6
12058;192;94;1;land;false;hills;6
12059;236;83;1;land;false;hills;6
12060;190;125;1;land;false;hills;6
12061;189;79;1;land;false;plains;6
12062;55;208;1;land;false;forest;6
12063;90;214;1;land;false;forest;6
12064;75;241;1;land;false;forest;6
12065;72;200;1;land;false;forest;6
12066;69;248;1;land;false;forest;6
12067;78;232;1;land;false;forest;6
12068;26;218;1;land;false;forest;6
12069;52;238;1;land;false;plains;6
12070;69;81;1;land;true;hills;6
12071;64;84;1;land;true;hills;6
12072;45;93;1;land;true;plains;6
12073;37;93;1;land;false;hills;6
12074;48;89;1;land;true;hills;6
12075;185;184;1;land;true;hills;6
12076;232;173;1;land;false;hills;6
12077;160;142;1;land;false;hills;6
12078;209;147;1;land;true;mountain;6
12079;234;111;1;land;false;hills;6
12080;225;101;1;land;false;hills;6
12081;205;127;1;land;false;hills;6
12082;250;87;1;land;false;mountain;6
12083;207;150;1;land;false;hills;6
12084;193;97;1;land;false;mountain;6
12085;196;114;1;land;true;mountain;6
12086;209;99;1;land;false;mountain;6
12087;200;114;1;land;true;plains;6
12088;179;111;1;land;false;hills;6
12089;34;103;1;land;false;plains;6
12090;21;53;1;land;false;plains;6
12091;15;91;1;land;false;plains;6
12092;59;58;1;land;false;plains;6
12093;1;102;1;land;false;forest;6
12094;24;79;1;land;false;plains;6
12095;36;80;1;land;false;plains;6
12096;22;112;1;land;false;plains;6
12097;6;90;1;land;false;plains;6
12098;10;75;1;land;false;plains;6
12099;45;122;1;land;false;plains;6
12100;25;91;1;land;false;forest;6
12101;15;105;1;land;false;forest;6
12102;20;91;1;land;false;plains;6
12103;60;102;1;land;false;plains;6
12104;65;58;1;land;false;plains;6
12105;167;237;1;land;false;plains;6
12106;210;183;1;land;false;forest;6
12107;149;202;1;land;false;hills;6
12108;163;223;1;land;false;hills;6
12109;157;178;1;land;false;forest;6
12110;156;193;1;land;false;hills;6
12111;54;45;1;land;true;forest;6
12112;58;55;1;land;false;forest;6
12113;64;40;1;land;false;hills;6
12114;87;26;1;land;false;forest;6
12115;109;52;1;land;false;hills;6
12116;50;29;1;land;false;hills;6
12117;42;37;1;land;true;hills;6
12118;39;25;1;land;false;forest;6
12119;90;34;1;land;false;forest;6
12120;38;56;1;land;true;forest;6
12121;52;35;1;land;false;hills;6
12122;62;170;1;land;false;hills;6
12123;80;169;1;land;false;hills;6
12124;98;157;1;land;false;plains;6
12125;108;105;1;land;false;hills;6
12126;54;123;1;land;false;plains;6
12127;85;135;1;land;false;hills;6
12128;84;172;1;land;false;mountain;6
12129;55;126;1;land;false;forest;6
12130;102;96;1;land;false;mountain;6
12131;159;32;1;land;true;hills;6
12132;189;29;1;land;true;hills;6
12133;142;33;1;land;true;jungle;6
12134;164;35;1;land;true;jungle;6
12135;169;19;1;land;true;hills;6
12136;161;39;1;land;false;hills;6
12137;180;55;1;land;true;hills;6
12138;206;2;1;land;true;forest;6
12139;208;10;1;land;true;forest;6
12140;49;20;1;land;false;hills;6
12141;37;77;1;land;true;plains;6
12142;58;59;1;land;false;hills;6
12143;51;82;1;land;false;hills;6
12144;64;50;1;land;false;hills;6
12145;46;78;1;land;false;forest;6
12146;61;23;1;land;true;hills;6
12147;56;4;1;land;true;plains;6
12148;68;35;1;land;true;plains;6
12149;35;40;1;land;true;plains;6
12150;62;51;1;land;false;hills;6
12151;58;19;1;land;true;hills;6
12152;57;64;1;land;false;forest;6
12153;71;55;1;land;true;forest;6
12154;34;53;1;land;false;mountain;6
12155;53;73;1;land;true;plains;6
12156;90;58;1;land;false;hills;6
12157;48;66;1;land;true;plains;6
12158;23;37;1;land;false;hills;6
12159;180;215;1;land;false;plains;6
12160;133;210;1;land;false;forest;6
12161;178;192;1;land;false;plains;6
12162;182;190;1;land;false;forest;6
12163;170;161;1;land;false;hills;6
12164;135;220;1;land;false;forest;6
12165;181;186;1;land;false;forest;6
12166;174;202;1;land;false;plains;6
12167;116;201;1;land;false;forest;6
12168;177;210;1;land;false;forest;6
12169;148;221;1;land;false;hills;6
12170;161;171;1;land;false;hills;6
12171;143;211;1;land;false;forest;6
12172;126;219;1;land;false;jungle;6
12173;162;174;1;land;false;forest;6
12174;164;194;1;land;false;forest;6
12175;180;186;1;land;false;plains;6
12176;133;12;1;land;false;hills;6
12177;139;25;1;land;false;hills;6
12178;183;38;1;land;false;hills;6
12179;156;51;1;land;false;hills;6
12180;157;24;1;land;false;hills;6
12181;150;37;1;land;false;hills;6
12182;131;69;1;land;false;mountain;6
12183;235;53;1;land;false;hills;6
12184;199;26;1;land;false;mountain;6
12185;214;26;1;land;false;forest;6
12186;207;50;1;land;false;plains;6
12187;241;13;1;land;true;hills;6
12188;222;6;1;land;false;hills;6
12189;244;5;1;land;false;hills;6
12190;237;32;1;land;false;hills;6
12191;204;7;1;land;false;mountain;6
12192;229;49;1;land;false;hills;6
12193;196;4;1;land;false;hills;6
12194;216;41;1;land;false;hills;6
12195;217;36;1;land;false;mountain;6
12196;237;4;1;land;false;mountain;6
12197;247;24;1;land;false;mountain;6
12198;210;45;1;land;false;forest;6
12199;197;2;1;land;false;mountain;6
12200;218;41;1;land;false;hills;6
12201;196;15;1;land;false;hills;6
12202;225;52;1;land;false;hills;6
12203;237;31;1;land;false;hills;6
12204;204;5;1;land;false;mountain;6
12205;209;14;1;land;false;hills;6
12206;236;31;1;land;false;hills;6
12207;229;45;1;land;false;plains;6
12208;66;150;1;land;false;hills;6
12209;76;166;1;land;false;forest;6
12210;49;136;1;land;false;hills;6
12211;106;177;1;land;false;forest;6
12212;38;175;1;land;false;forest;6
12213;57;173;1;land;false;forest;6
12214;41;133;1;land;false;hills;6
12215;40;139;1;land;false;forest;6
12216;111;141;1;land;false;forest;6
12217;59;166;1;land;false;forest;6
12218;37;138;1;land;false;forest;6
12219;30;184;1;land;false;mountain;6
12220;67;174;1;land;false;hills;6
12221;25;162;1;land;true;hills;6
12222;67;178;1;land;false;plains;6
12223;30;172;1;land;false;hills;6
12224;78;158;1;land;false;plains;6
12225;34;179;1;land;false;hills;6
12226;80;145;1;land;false;plains;6
12227;34;154;1;land;false;hills;6
12228;72;180;1;land;true;hills;6
12229;22;173;1;land;true;desert;6
12230;34;176;1;land;false;hills;6
12231;76;142;1;land;false;hills;6
12232;39;168;1;land;false;hills;6
12233;80;197;1;land;false;mountain;6
12234;58;154;1;land;false;hills;6
12235;121;216;1;land;false;mountain;6
12236;102;238;1;land;true;hills;6
12237;103;226;1;land;false;mountain;6
12238;129;241;1;land;false;hills;6
12239;116;231;1;land;false;hills;6
12240;95;214;1;land;true;hills;6
12241;116;254;1;land;false;hills;6
12242;103;211;1;land;false;hills;6
12243;112;243;1;land;false;hills;6
12244;117;246;1;land;false;forest;6
12245;66;242;1;land;false;hills;6
12246;86;245;1;land;false;mountain;6
12247;85;219;1;land;false;hills;6
12248;85;253;1;land;false;plains;6
12249;122;233;1;land;false;mountain;6
12250;110;240;1;land;true;plains;6
12251;123;207;1;land;true;hills;6
12252;151;189;1;land;false;hills;6
12253;107;245;1;land;true;hills;6
12254;93;189;1;land;true;plains;6
12255;170;74;1;land;false;mountain;6
12256;91;84;1;land;true;mountain;6
12257;114;82;1;land;false;hills;6
12258;125;98;1;land;false;hills;6
12259;165;66;1;land;true;forest;6
12260;157;59;1;land;true;plains;6
12261;144;120;1;land;false;mountain;6
12262;126;115;1;land;false;hills;6
12263;98;124;1;land;false;forest;6
12264;142;53;1;land;false;hills;6
12265;132;100;1;land;true;plains;6
12266;142;92;1;land;false;hills;6
12267;137;58;1;land;false;hills;6
12268;137;106;1;land;false;mountain;6
12269;156;102;1;land;true;plains;6
12270;163;110;1;land;false;forest;6
12271;166;59;1;land;false;hills;6
12272;215;90;1;land;false;plains;6
12273;228;54;1;land;false;hills;6
12274;207;57;1;land;false;plains;6
12275;175;65;1;land;true;hills;6
12276;220;94;1;land;false;plains;6
12277;221;58;1;land;false;hills;6
12278;227;55;1;land;false;plains;6
12279;239;77;1;land;false;plains;6
12280;185;63;1;land;false;hills;6
12281;186;46;1;land;false;plains;6
12282;214;54;1;land;false;mountain;6
12283;218;76;1;land;false;hills;6
12284;163;94;1;land;false;plains;6
12285;197;91;1;land;true;plains;6
12286;173;44;1;land;false;plains;6
12287;166;42;1;land;false;hills;6
12288;181;92;1;land;false;hills;6
12289;212;34;1;land;false;hills;6
12290;196;32;1;land;true;mountain;6
12291;207;19;1;land;false;plains;6
12292;188;77;1;land;false;plains;6
12293;166;55;1;land;false;hills;6
12294;207;85;1;land;false;hills;6
12295;227;47;1;land;false;hills;6
12296;168;74;1;land;false;hills;6
12297;161;78;1;land;false;hills;6
12298;196;23;1;land;false;plains;6
12299;170;48;1;land;false;hills;6
12300;188;95;1;land;false;hills;6
12301;233;45;1;land;false;plains;6
12302;176;74;1;land;false;mountain;6
12303;213;52;1;land;false;plains;6
12304;212;59;1;land;false;plains;6
12305;191;17;1;land;false;hills;6
12306;225;76;1;land;true;plains;6
12307;196;84;1;land;false;plains;6
12308;164;60;1;land;false;hills;6
12309;46;82;1;land;false;hills;6
12310;30;24;1;land;false;hills;6
12311;12;61;1;land;false;forest;6
12312;47;32;1;land;false;hills;6
12313;65;36;1;land;false;forest;6
12314;43;23;1;land;false;hills;6
12315;74;35;1;land;true;mountain;6
12316;225;43;1;land;true;hills;6
12317;238;23;1;land;true;plains;6
12318;252;24;1;land;false;plains;6
12319;228;11;1;land;true;hills;6
12320;243;78;1;land;true;plains;6
12321;241;2;1;land;true;plains;6
12322;235;78;1;land;true;plains;6
12323;235;13;1;land;true;hills;6
12324;229;14;1;land;false;plains;6
12325;253;76;1;land;true;plains;6
12326;36;47;1;land;false;hills;6
12327;55;57;1;land;true;mountain;6
12328;62;37;1;land;true;mountain;6
12329;31;47;1;land;false;hills;6
12330;47;45;1;land;false;hills;6
12331;73;50;1;land;false;hills;6
12332;91;52;1;land;false;desert;6
12333;75;35;1;land;false;mountain;6
12334;46;62;1;land;false;desert;6
12335;35;51;1;land;false;hills;6
12336;44;25;1;land;false;hills;6
12337;26;52;1;land;true;plains;6
12338;68;15;1;land;true;mountain;6
12339;43;9;1;land;true;plains;6
12340;43;42;1;land;false;plains;6
12341;49;62;1;land;true;desert;6
12342;71;46;1;land;true;plains;6
12343;81;13;1;land;false;hills;6
12344;37;60;1;land;false;hills;6
12345;44;19;1;land;false;hills;6
12346;146;177;1;land;true;hills;6
12347;174;214;1;land;true;plains;6
12348;176;189;1;land;true;hills;6
12349;130;185;1;land;false;plains;6
12350;127;157;1;land;true;plains;6
12351;113;201;1;land;true;plains;6
12352;142;185;1;land;true;plains;6
12353;161;185;1;land;true;hills;6
12354;169;210;1;land;false;plains;6
12355;131;147;1;land;true;plains;6
12356;155;182;1;land;true;plains;6
12357;142;196;1;land;true;hills;6
12358;122;139;1;land;true;hills;6
12359;182;215;1;land;true;plains;6
12360;138;25;1;land;false;plains;6
12361;126;12;1;land;false;plains;6
12362;145;17;1;land;false;hills;6
12363;144;36;1;land;false;plains;6
12364;185;39;1;land;false;plains;6
12365;162;51;1;land;false;forest;6
12366;164;50;1;land;false;plains;6
12367;146;7;1;land;false;plains;6
12368;141;21;1;land;false;plains;6
12369;144;55;1;land;false;forest;6
12370;136;53;1;land;false;plains;6
12371;176;2;1;land;false;plains;6
12372;58;110;1;land;false;mountain;6
12373;64;99;1;land;false;plains;6
12374;60;86;1;land;false;hills;6
12375;31;68;1;land;false;mountain;6
12376;64;115;1;land;false;forest;6
12377;55;101;1;land;false;hills;6
12378;27;62;1;land;false;mountain;6
12379;16;109;1;land;false;hills;6
12380;26;132;1;land;false;hills;6
12381;25;116;1;land;false;plains;6
12382;31;86;1;land;false;forest;6
12383;68;117;1;land;false;hills;6
12384;91;124;1;land;false;mountain;6
12385;24;126;1;land;false;hills;6
12386;69;110;1;land;false;mountain;6
12387;26;98;1;land;false;hills;6
12388;55;111;1;land;false;hills;6
12389;38;62;1;land;false;hills;6
12390;41;102;1;land;false;mountain;6
12391;74;102;1;land;false;plains;6
12392;45;71;1;land;false;mountain;6
12393;78;57;1;land;false;mountain;6
12394;24;103;1;land;false;mountain;6
12395;90;77;1;land;false;forest;6
12396;144;64;1;land;false;hills;6
12397;134;40;1;land;false;hills;6
12398;197;86;1;land;false;hills;6
12399;158;89;1;land;false;hills;6
12400;189;53;1;land;false;forest;6
12401;167;98;1;land;false;hills;6
12402;201;97;1;land;false;mountain;6
12403;140;100;1;land;false;plains;6
12404;195;45;1;land;false;hills;6
12405;133;79;1;land;false;hills;6
12406;170;57;1;land;false;hills;6
12407;158;67;1;land;false;forest;6
12408;156;93;1;land;false;hills;6
12409;189;89;1;land;false;hills;6
12410;49;171;1;land;true;mountain;6
12411;98;179;1;land;true;plains;6
12412;71;198;1;land;true;mountain;6
12413;43;160;1;land;false;hills;6
12414;53;211;1;land;false;hills;6
12415;85;167;1;land;false;hills;6
12416;70;170;1;land;false;mountain;6
12417;109;216;1;land;true;plains;6
12418;43;168;1;land;false;hills;6
12419;103;196;1;land;false;hills;6
12420;48;156;1;land;false;hills;6
12421;34;205;1;land;true;plains;6
12422;60;145;1;land;false;hills;6
12423;55;197;1;land;true;mountain;6
12424;54;169;1;land;false;mountain;6
12425;89;209;1;land;true;plains;6
12426;109;186;1;land;true;plains;6
12427;65;178;1;land;true;hills;6
12428;104;215;1;land;false;mountain;6
12429;107;205;1;land;false;hills;6
12430;78;190;1;land;true;plains;6
12431;95;224;1;land;true;hills;6
12432;75;207;1;land;false;mountain;6
12433;98;220;1;land;true;plains;6
12434;86;217;1;land;true;mountain;6
12435;43;182;1;land;false;hills;6
12436;92;210;1;land;true;plains;6
12437;49;190;1;land;true;plains;6
12438;49;212;1;land;false;hills;6
12439;79;222;1;land;false;hills;6
12440;110;180;1;land;false;plains;6
12441;106;146;1;land;false;hills;6
12442;44;173;1;land;false;hills;6
12443;104;169;1;land;true;hills;6
12444;55;207;1;land;true;plains;6
12445;67;219;1;land;false;hills;6
12446;36;200;1;land;false;hills;6
12447;73;197;1;land;true;hills;6
12448;55;154;1;land;true;mountain;6
12449;72;151;1;land;false;mountain;6
12450;45;220;1;land;false;hills;6
12451;45;206;1;land;false;mountain;6
12452;160;167;1;land;false;plains;6
12453;156;161;1;land;false;plains;6
12454;165;186;1;land;false;forest;6
12455;193;154;1;land;false;hills;6
12456;143;192;1;land;false;hills;6
12457;185;210;1;land;false;hills;6
12458;187;195;1;land;false;hills;6
12459;210;166;1;land;false;hills;6
12460;163;194;1;land;false;forest;6
12461;189;193;1;land;false;hills;6
12462;156;184;1;land;false;plains;6
12463;241;141;1;land;true;mountain;6
12464;237;148;1;land;false;mountain;6
12465;241;158;1;land;false;mountain;6
12466;250;187;1;land;false;hills;6
12467;251;177;1;land;false;mountain;6
12468;237;193;1;land;false;hills;6
12469;253;138;1;land;true;mountain;6
12470;223;182;1;land;false;mountain;6
12471;226;183;1;land;false;mountain;6
12472;234;165;1;land;false;mountain;6
12473;63;128;1;land;true;plains;6
12474;84;138;1;land;false;hills;6
12475;85;133;1;land;false;plains;6
12476;110;140;1;land;false;plains;6
12477;131;152;1;land;false;mountain;6
12478;96;124;1;land;false;plains;6
12479;133;150;1;land;false;mountain;6
12480;60;156;1;land;false;plains;6
12481;77;136;1;land;false;plains;6
12482;112;179;1;land;false;plains;6
12483;135;182;1;land;false;mountain;6
12484;108;180;1;land;false;plains;6
12485;119;173;1;land;true;plains;6
12486;120;146;1;land;true;hills;6
12487;136;133;1;land;true;hills;6
12488;187;164;1;land;false;plains;6
12489;167;121;1;land;false;hills;6
12490;138;155;1;land;true;hills;6
12491;129;142;1;land;false;plains;6
12492;185;127;1;land;true;hills;6
12493;190;93;1;land;false;plains;6
12494;158;140;1;land;true;hills;6
12495;201;155;1;land;false;hills;6
12496;165;144;1;land;true;hills;6
12497;51;27;1;land;true;plains;6
12498;20;18;1;land;true;plains;6
12499;17;17;1;land;false;plains;6
12500;44;33;1;land;false;plains;6
12501;65;10;1;land;false;plains;6
12502;56;6;1;land;false;hills;6
12503;84;39;1;land;true;plains;6
12504;31;37;1;land;true;hills;6
12505;91;164;1;land;false;forest;6
12506;87;134;1;land;true;hills;6
12507;37;208;1;land;true;hills;6
12508;46;149;1;land;true;plains;6
12509;42;200;1;land;true;hills;6
12510;97;157;1;land;true;plains;6
12511;90;163;1;land;true;hills;6
12512;86;199;1;land;true;hills;6
12513;110;192;1;land;true;mountain;6
12514;105;142;1;land;false;hills;6
12515;142;133;1;land;true;hills;6
12516;90;137;1;land;true;hills;6
12517;148;196;1;land;true;mountain;6
12518;150;195;1;land;true;hills;6
12519;115;193;1;land;true;hills;6
12520;159;146;1;land;true;plains;6
12521;107;200;1;land;false;desert;6
12522;88;171;1;land;false;plains;6
12523;123;149;1;land;false;hills;6
12524;139;141;1;land;true;desert;6
12525;149;128;1;land;true;desert;6
12526;94;169;1;land;false;plains;6
12527;133;180;1;land;true;desert;6
12528;141;178;1;land;true;plains;6
12529;114;6;1;land;false;hills;6
12530;172;46;1;land;false;forest;6
12531;168;10;1;land;false;hills;6
12532;142;22;1;land;false;hills;6
12533;123;25;1;land;false;hills;6
12534;130;65;1;land;false;jungle;6
12535;145;4;1;land;false;forest;6
12536;179;42;1;land;false;hills;6
12537;108;58;1;land;false;hills;6
12538;108;5;1;land;false;hills;6
12539;121;36;1;land;false;forest;6
12540;115;16;1;land;false;hills;6
12541;115;32;1;land;false;mountain;6
12542;108;34;1;land;false;hills;6
12543;111;50;1;land;false;hills;6
12544;168;25;1;land;true;mountain;6
12545;141;67;1;land;false;hills;6
12546;139;22;1;land;false;forest;6
12547;233;193;1;land;false;plains;6
12548;254;223;1;land;false;plains;6
12549;223;244;1;land;false;plains;6
12550;230;200;1;land;false;plains;6
12551;254;224;1;land;false;plains;6
12552;225;221;1;land;false;plains;6
12553;240;194;1;land;false;plains;6
12554;244;232;1;land;false;plains;6
12555;201;202;1;land;false;plains;6
12556;33;201;1;land;false;forest;6
12557;52;179;1;land;false;hills;6
12558;27;210;1;land;false;hills;6
12559;56;205;1;land;false;forest;6
12560;3;215;1;land;false;hills;6
12561;1;151;1;land;false;hills;6
12562;11;217;1;land;false;forest;6
12563;8;218;1;land;false;forest;6
12564;18;150;1;land;false;forest;6
12565;49;149;1;land;false;forest;6
12566;12;190;1;land;false;forest;6
12567;47;154;1;land;true;mountain;6
12568;2;180;1;land;false;hills;6
12569;54;143;1;land;true;forest;6
12570;18;200;1;land;false;forest;6
12571;15;216;1;land;false;forest;6
12572;31;209;1;land;false;forest;6
12573;3;181;1;land;false;hills;6
12574;1;178;1;land;false;mountain;6
12575;23;165;1;land;false;hills;6
12576;0;176;1;land;false;forest;6
12577;219;226;1;land;true;hills;6
12578;42;98;1;land;true;plains;6
12579;22;93;1;land;true;mountain;6
12580;13;99;1;land;true;mountain;6
12581;20;113;1;land;true;plains;6
12582;16;84;1;land;true;mountain;6
12583;57;20;1;land;false;hills;6
12584;42;18;1;land;true;forest;6
12585;67;7;1;land;true;forest;6
12586;32;50;1;land;true;hills;6
12587;37;35;1;land;true;forest;6
12588;27;30;1;land;true;mountain;6
12589;7;37;1;land;true;plains;6
12590;29;34;1;land;true;hills;6
12591;30;37;1;land;true;plains;6
12592;31;11;1;land;true;plains;6
12593;14;33;1;land;true;plains;6
12594;81;226;1;land;false;forest;6
12595;61;220;1;land;false;forest;6
12596;65;221;1;land;false;forest;6
12597;84;242;1;land;true;mountain;6
12598;54;235;1;land;true;hills;6
12599;84;248;1;land;false;forest;6
12600;59;233;1;land;true;jungle;6
12601;74;245;1;land;false;forest;6
12602;57;250;1;land;true;forest;6
12603;8;233;1;land;false;forest;6
12604;65;216;1;land;false;forest;6
12605;115;14;1;land;false;hills;6
12606;66;41;1;land;false;hills;6
12607;89;51;1;land;false;hills;6
12608;3;201;1;land;false;plains;6
12609;25;202;1;land;false;forest;6
12610;19;237;1;land;false;hills;6
12611;31;237;1;land;false;forest;6
12612;4;216;1;land;false;hills;6
12613;18;233;1;land;false;desert;6
12614;10;200;1;land;false;forest;6
12615;8;243;1;land;false;hills;6
12616;16;208;1;land;false;desert;6
12617;17;231;1;land;false;forest;6
12618;26;212;1;land;false;hills;6
12619;59;229;1;land;false;hills;6
12620;44;149;1;land;false;plains;6
12621;7;177;1;land;true;plains;6
12622;54;205;1;land;false;hills;6
12623;67;192;1;land;false;plains;6
12624;85;204;1;land;true;plains;6
12625;46;150;1;land;true;hills;6
12626;22;158;1;land;false;plains;6
12627;51;167;1;land;true;hills;6
12628;186;173;1;land;false;plains;6
12629;150;175;1;land;true;plains;6
12630;203;171;1;land;false;plains;6
12631;214;247;1;land;false;hills;6
12632;163;202;1;land;false;plains;6
12633;200;192;1;land;false;plains;6
12634;154;204;1;land;false;plains;6
12635;197;196;1;land;false;plains;6
12636;187;196;1;land;true;mountain;6
12637;166;197;1;land;false;hills;6
12638;203;220;1;land;false;hills;6
12639;193;238;1;land;false;plains;6
12640;176;199;1;land;false;plains;6
12641;169;240;1;land;false;hills;6
12642;106;224;1;land;false;hills;6
12643;100;196;1;land;false;plains;6
12644;100;183;1;land;false;plains;6
12645;64;179;1;land;false;plains;6
12646;60;190;1;land;false;plains;6
12647;124;242;1;land;false;plains;6
12648;111;182;1;land;true;desert;6
12649;109;183;1;land;false;plains;6
12650;107;204;1;land;false;plains;6
12651;62;206;1;land;true;desert;6
12652;74;178;1;land;false;hills;6
12653;0;195;1;land;true;desert;6
12654;27;156;1;land;false;hills;6
12655;35;164;1;land;true;desert;6
12656;1;159;1;land;false;plains;6
12657;6;167;1;land;false;plains;6
12658;41;186;1;land;false;hills;6
12659;6;128;1;land;true;mountain;6
12660;8;138;1;land;false;plains;6
12661;43;130;1;land;false;hills;6
12662;54;131;1;land;false;hills;6
12663;32;163;1;land;false;mountain;6
12664;45;123;1;land;false;plains;6
12665;31;158;1;land;false;plains;6
12666;34;170;1;land;false;hills;6
12667;6;189;1;land;false;mountain;6
12668;50;133;1;land;false;plains;6
12669;17;161;1;land;false;hills;6
12670;50;186;1;land;true;mountain;6
12671;18;135;1;land;true;mountain;6
12672;1;196;1;land;false;plains;6
12673;40;128;1;land;false;hills;6
12674;36;172;1;land;false;hills;6
12675;3;155;1;land;false;hills;6
12676;3;164;1;land;false;hills;6
12677;46;178;1;land;false;hills;6
12678;41;131;1;land;true;desert;6
12679;11;123;1;land;false;plains;6
12680;33;184;1;land;false;hills;6
12681;5;194;1;land;false;hills;6
12682;234;12;1;land;false;mountain;6
12683;214;29;1;land;false;hills;6
12684;242;30;1;land;false;hills;6
12685;221;10;1;land;false;hills;6
12686;247;6;1;land;false;hills;6
12687;146;44;1;land;false;hills;6
12688;163;6;1;land;false;hills;6
12689;153;4;1;land;true;forest;6
12690;143;16;1;land;false;hills;6
12691;165;12;1;land;true;plains;6
12692;167;74;1;land;true;forest;6
12693;150;38;1;land;false;forest;6
12694;145;20;1;land;true;forest;6
12695;189;68;1;land;true;hills;6
12696;147;53;1;land;false;hills;6
12697;130;58;1;land;true;hills;6
12698;214;155;1;land;true;hills;6
12699;247;153;1;land;false;hills;6
12700;230;170;1;land;true;hills;6
12701;226;131;1;land;true;mountain;6
12702;251;166;1;land;false;hills;6
12703;228;149;1;land;true;mountain;6
12704;232;159;1;land;true;hills;6
12705;250;207;1;land;false;hills;6
12706;223;218;1;land;false;desert;6
12707;237;233;1;land;true;hills;6
12708;243;233;1;land;false;hills;6
12709;165;231;1;land;false;hills;6
12710;234;242;1;land;false;desert;6
12711;211;241;1;land;false;hills;6
12712;202;245;1;land;false;hills;6
12713;179;253;1;land;false;hills;6
12714;193;254;1;land;false;mountain;6
12715;200;219;1;land;false;hills;6
12716;178;236;1;land;false;hills;6
12717;185;246;1;land;true;hills;6
12718;240;211;1;land;true;mountain;6
12719;174;247;1;land;false;hills;6
12720;203;234;1;land;false;desert;6
12721;222;251;1;land;false;hills;6
12722;206;252;1;land;false;hills;6
12723;243;241;1;land;true;desert;6
12724;195;206;1;land;false;plains;6
12725;201;240;1;land;false;desert;6
12726;171;229;1;land;false;hills;6
12727;78;174;1;land;false;hills;6
12728;41;150;1;land;false;plains;6
12729;19;186;1;land;false;plains;6
12730;28;218;1;land;false;hills;6
12731;63;204;1;land;false;plains;6
12732;3;208;1;land;false;hills;6
12733;1;149;1;land;false;plains;6
12734;50;206;1;land;false;hills;6
12735;110;90;1;land;false;hills;6
12736;166;137;1;land;false;plains;6
12737;160;72;1;land;false;plains;6
12738;144;77;1;land;false;mountain;6
12739;176;149;1;land;false;mountain;6
12740;157;119;1;land;false;forest;6
12741;135;102;1;land;false;hills;6
12742;126;142;1;land;false;plains;6
12743;22;64;1;land;true;forest;6
12744;49;86;1;land;true;forest;6
12745;232;56;1;land;false;hills;6
12746;211;68;1;land;false;hills;6
12747;220;77;1;land;false;hills;6
12748;222;116;1;land;false;hills;6
12749;251;67;1;land;false;hills;6
12750;247;111;1;land;false;hills;6
12751;207;86;1;land;false;plains;6
12752;212;58;1;land;false;hills;6
12753;222;53;1;land;false;hills;6
12754;241;97;1;land;false;hills;6
12755;119;9;1;land;true;desert;6
12756;149;19;1;land;false;desert;6
12757;146;34;1;land;true;desert;6
12758;143;22;1;land;true;hills;6
12759;82;9;1;land;false;desert;6
12760;118;24;1;land;true;desert;6
12761;150;28;1;land;true;desert;6
12762;135;14;1;land;true;hills;6
12763;115;45;1;land;true;desert;6
12764;82;31;1;land;false;plains;6
12765;105;14;1;land;true;desert;6
12766;133;19;1;land;false;desert;6
12767;114;24;1;land;true;desert;6
12768;132;9;1;land;false;desert;6
12769;143;46;1;land;true;desert;6
12770;76;43;1;land;false;plains;6
12771;99;34;1;land;true;desert;6
12772;152;14;1;land;false;plains;6
12773;73;10;1;land;true;hills;6
12774;78;7;1;land;true;hills;6
12775;89;65;1;land;true;mountain;6
12776;41;76;1;land;true;hills;6
12777;28;137;1;land;true;hills;6
12778;80;79;1;land;false;mountain;6
12779;37;78;1;land;true;hills;6
12780;147;200;1;land;true;plains;6
12781;127;231;1;land;true;mountain;6
12782;143;229;1;land;false;hills;6
12783;140;211;1;land;true;plains;6
12784;201;210;1;land;false;hills;6
12785;148;246;1;land;true;mountain;6
12786;173;249;1;land;true;plains;6
12787;124;251;1;land;true;plains;6
12788;154;195;1;land;false;hills;6
12789;159;195;1;land;true;forest;6
12790;156;159;1;land;false;hills;6
12791;158;201;1;land;false;hills;6
12792;201;81;1;land;false;hills;6
12793;158;71;1;land;false;plains;6
12794;163;56;1;land;false;forest;6
12795;201;66;1;land;false;hills;6
12796;159;39;1;land;false;mountain;6
12797;194;27;1;land;false;hills;6
12798;149;82;1;land;false;hills;6
12799;152;33;1;land;false;mountain;6
12800;155;43;1;land;false;desert;6
12801;164;81;1;land;false;hills;6
12802;192;93;1;land;false;desert;6
12803;161;53;1;land;false;forest;6
12804;153;37;1;land;false;hills;6
12805;210;93;1;land;false;hills;6
12806;186;82;1;land;false;mountain;6
12807;219;64;1;land;false;hills;6
12808;196;59;1;land;false;hills;6
12809;158;60;1;land;false;plains;6
12810;164;59;1;land;false;mountain;6
12811;186;23;1;land;false;mountain;6
12812;144;240;1;land;true;hills;6
12813;135;245;1;land;false;hills;6
12814;142;242;1;land;false;forest;6
12815;145;182;1;land;true;hills;6
12816;88;206;1;land;true;forest;6
12817;147;236;1;land;true;hills;6
12818;84;196;1;land;true;hills;6
12819;111;195;1;land;true;plains;6
12820;112;219;1;land;true;hills;6
12821;86;226;1;land;true;hills;6
12822;196;181;1;land;false;hills;6
12823;199;187;1;land;true;hills;6
12824;132;206;1;land;false;mountain;6
12825;152;176;1;land;true;hills;6
12826;193;209;1;land;true;hills;6
12827;163;215;1;land;true;hills;6
12828;140;182;1;land;true;hills;6
12829;196;200;1;land;true;hills;6
12830;134;207;1;land;false;hills;6
12831;181;179;1;land;true;hills;6
12832;71;135;1;land;false;hills;6
12833;91;138;1;land;true;hills;6
12834;73;74;1;land;true;plains;6
12835;116;143;1;land;false;hills;6
12836;123;82;1;land;false;plains;6
12837;102;88;1;land;true;hills;6
12838;65;109;1;land;false;plains;6
12839;38;178;1;land;false;forest;6
12840;76;206;1;land;false;forest;6
12841;26;147;1;land;false;hills;6
12842;70;219;1;land;false;forest;6
12843;36;216;1;land;false;forest;6
12844;30;215;1;land;false;forest;6
12845;40;214;1;land;false;forest;6
12846;53;153;1;land;false;hills;6
12847;32;218;1;land;false;forest;6
12848;43;177;1;land;false;forest;6
12849;30;79;1;land;false;plains;6
12850;27;57;1;land;false;plains;6
12851;64;111;1;land;false;hills;6
12852;66;68;1;land;false;hills;6
12853;64;70;1;land;false;plains;6
12854;41;48;1;land;false;hills;6
12855;9;64;1;land;false;hills;6
12856;61;63;1;land;false;plains;6
12857;64;51;1;land;false;mountain;6
12858;65;94;1;land;false;hills;6
12859;39;35;1;land;false;plains;6
12860;18;82;1;land;false;hills;6
12861;63;39;1;land;false;plains;6
12862;248;226;1;land;false;hills;6
12863;189;233;1;land;true;mountain;6
12864;221;228;1;land;false;hills;6
12865;222;228;1;land;true;hills;6
12866;249;253;1;land;true;plains;6
12867;251;128;1;land;true;plains;6
12868;228;124;1;land;true;plains;6
12869;247;244;1;land;false;hills;6
12870;246;210;1;land;false;hills;6
12871;222;231;1;land;false;hills;6
12872;217;241;1;land;false;hills;6
12873;195;216;1;land;false;mountain;6
12874;231;233;1;land;false;forest;6
12875;235;248;1;land;false;jungle;6
12876;241;233;1;land;false;hills;6
12877;241;210;1;land;false;mountain;6
12878;232;227;1;land;false;hills;6
12879;240;247;1;land;false;forest;6
12880;219;242;1;land;false;hills;6
12881;119;12;1;land;false;forest;6
12882;160;44;1;land;false;jungle;6
12883;126;36;1;land;false;hills;6
12884;143;6;1;land;false;forest;6
12885;182;47;1;land;false;forest;6
12886;135;44;1;land;false;jungle;6
12887;154;55;1;land;false;hills;6
12888;140;30;1;land;true;plains;6
12889;149;42;1;land;false;forest;6
12890;156;6;1;land;false;jungle;6
12891;170;17;1;land;false;forest;6
12892;157;17;1;land;false;forest;6
12893;185;226;1;land;false;hills;6
12894;186;217;1;land;false;plains;6
12895;173;207;1;land;true;plains;6
12896;159;217;1;land;false;hills;6
12897;189;202;1;land;false;plains;6
12898;159;244;1;land;true;desert;6
12899;194;191;1;land;false;hills;6
12900;175;237;1;land;false;plains;6
12901;192;226;1;land;true;mountain;6
12902;154;253;1;land;true;mountain;6
12903;159;232;1;land;true;plains;6
12904;229;237;1;land;false;hills;6
12905;225;247;1;land;false;hills;6
12906;226;210;1;land;false;hills;6
12907;152;242;1;land;false;mountain;6
12908;161;211;1;land;true;plains;6
12909;74;207;1;land;false;forest;6
12910;129;231;1;land;false;hills;6
12911;92;237;1;land;false;forest;6
12912;72;246;1;land;false;forest;6
12913;115;212;1;land;false;plains;6
12914;122;237;1;land;false;hills;6
12915;36;62;1;land;true;hills;6
12916;12;92;1;land;false;hills;6
12917;45;83;1;land;false;plains;6
12918;21;98;1;land;true;hills;6
12919;45;57;1;land;true;hills;6
12920;5;88;1;land;false;hills;6
12921;41;68;1;land;false;hills;6
12922;32;78;1;land;false;hills;6
12923;50;63;1;land;true;hills;6
12924;40;112;1;land;false;plains;6
12925;24;60;1;land;false;hills;6
12926;2;95;1;land;true;hills;6
12927;48;114;1;land;false;hills;6
12928;27;82;1;land;true;hills;6
12929;8;47;1;land;false;plains;6
12930;46;80;1;land;true;hills;6
12931;39;51;1;land;true;plains;6
12932;23;114;1;land;false;hills;6
12933;180;83;1;land;false;hills;6
12934;232;88;1;land;false;forest;6
12935;180;25;1;land;false;hills;6
12936;180;60;1;land;false;forest;6
12937;244;75;1;land;false;hills;6
12938;182;64;1;land;false;hills;6
12939;177;25;1;land;false;forest;6
12940;69;32;1;land;false;hills;6
12941;112;35;1;land;false;hills;6
12942;120;18;1;land;false;plains;6
12943;114;14;1;land;false;forest;6
12944;102;21;1;land;false;forest;6
12945;106;53;1;land;false;hills;6
12946;52;23;1;land;false;forest;6
12947;127;14;1;land;false;forest;6
12948;127;43;1;land;false;hills;6
12949;101;17;1;land;false;forest;6
12950;81;0;1;land;true;hills;6
12951;77;21;1;land;false;forest;6
12952;66;9;1;land;false;hills;6
12953;79;22;1;land;false;hills;6
12954;89;44;1;land;false;forest;6
12955;97;11;1;land;false;hills;6
12956;99;38;1;land;false;hills;6
12957;124;33;1;land;false;forest;6
12958;97;53;1;land;false;hills;6
12959;106;15;1;land;false;plains;6
12960;101;57;1;land;false;forest;6
12961;127;54;1;land;true;mountain;6
12962;119;1;1;land;false;hills;6
12963;115;53;1;land;false;plains;6
12964;75;22;1;land;false;hills;6
12965;56;3;1;land;false;plains;6
12966;107;27;1;land;false;hills;6
12967;102;54;1;land;false;hills;6
12968;56;52;1;land;false;hills;6
12969;117;17;1;land;false;forest;6
12970;96;59;1;land;false;hills;6
12971;64;57;1;land;false;hills;6
12972;83;46;1;land;false;forest;6
12973;81;5;1;land;false;mountain;6
12974;127;59;1;land;false;hills;6
12975;53;13;1;land;false;mountain;6
12976;59;17;1;land;false;mountain;6
12977;84;29;1;land;false;hills;6
12978;93;40;1;land;false;mountain;6
12979;111;8;1;land;true;hills;6
12980;82;0;1;land;false;plains;6
12981;73;41;1;land;false;forest;6
12982;13;63;1;land;false;forest;6
12983;25;27;1;land;true;hills;6
12984;36;17;1;land;true;forest;6
12985;12;53;1;land;false;forest;6
12986;21;78;1;land;false;forest;6
12987;4;51;1;land;true;hills;6
12988;13;87;1;land;false;hills;6
12989;26;78;1;land;false;jungle;6
12990;29;61;1;land;false;jungle;6
12991;20;49;1;land;false;hills;6
12992;6;37;1;land;false;forest;6
12993;22;26;1;land;false;forest;6
12994;41;32;1;land;false;forest;6
12995;34;69;1;land;false;forest;6
12996;4;75;1;land;false;mountain;6
12997;16;53;1;land;false;forest;6
12998;24;74;1;land;true;mountain;6
12999;27;51;1;land;false;hills;6
13000;42;80;1;land;false;forest;6
13001;28;78;1;land;false;forest;6
13002;17;59;1;land;false;hills;6
13003;3;43;1;land;true;mountain;6
13004;20;39;1;land;false;hills;6
13005;23;79;1;land;false;hills;6
13006;2;30;1;land;false;hills;6
13007;0;54;1;land;false;forest;6
13008;40;56;1;land;false;forest;6
13009;15;16;1;land;false;hills;6
13010;184;120;1;land;true;hills;6
13011;158;169;1;land;true;forest;6
13012;85;140;1;land;false;plains;6
13013;44;178;1;land;false;plains;6
13014;51;143;1;land;false;hills;6
13015;81;195;1;land;false;hills;6
13016;42;142;1;land;false;hills;6
13017;115;161;1;land;false;forest;6
13018;106;197;1;land;false;hills;6
13019;97;132;1;land;false;hills;6
13020;56;136;1;land;false;plains;6
13021;74;162;1;land;false;plains;6
13022;75;198;1;land;false;hills;6
13023;91;135;1;land;false;hills;6
13024;83;145;1;land;false;hills;6
13025;80;160;1;land;false;hills;6
13026;185;107;1;land;false;plains;6
13027;187;129;1;land;false;plains;6
13028;209;146;1;land;false;plains;6
13029;238;95;1;land;false;mountain;6
13030;248;112;1;land;false;plains;6
13031;238;147;1;land;false;mountain;6
13032;209;12;1;land;true;hills;6
13033;198;13;1;land;true;hills;6
13034;227;37;1;land;true;hills;6
13035;239;28;1;land;false;hills;6
13036;229;58;1;land;true;forest;6
13037;233;28;1;land;false;forest;6
13038;82;156;1;land;false;plains;6
13039;118;149;1;land;false;hills;6
13040;109;135;1;land;false;plains;6
13041;52;151;1;land;false;hills;6
13042;63;118;1;land;false;plains;6
13043;97;167;1;land;false;hills;6
13044;86;143;1;land;false;plains;6
13045;98;109;1;land;false;hills;6
13046;111;132;1;land;false;plains;6
13047;79;100;1;land;false;plains;6
13048;68;143;1;land;false;hills;6
13049;82;115;1;land;false;mountain;6
13050;83;154;1;land;false;hills;6
13051;58;167;1;land;false;plains;6
13052;106;148;1;land;false;hills;6
13053;171;58;1;land;false;plains;6
13054;147;54;1;land;false;plains;6
13055;189;51;1;land;false;hills;6
13056;168;56;1;land;false;forest;6
13057;170;68;1;land;false;plains;6
13058;190;55;1;land;false;hills;6
13059;125;14;1;land;false;plains;6
13060;120;77;1;land;false;hills;6
13061;181;37;1;land;false;plains;6
13062;118;58;1;land;false;plains;6
13063;122;231;1;land;false;hills;6
13064;112;222;1;land;false;forest;6
13065;183;226;1;land;false;plains;6
13066;181;239;1;land;false;plains;6
13067;183;244;1;land;false;forest;6
13068;39;184;1;land;false;hills;6
13069;30;149;1;land;false;forest;6
13070;6;181;1;land;false;plains;6
13071;27;167;1;land;false;plains;6
13072;1;155;1;land;false;forest;6
13073;26;152;1;land;true;hills;6
13074;9;182;1;land;false;hills;6
13075;28;125;1;land;false;hills;6
13076;11;186;1;land;false;forest;6
13077;29;183;1;land;true;plains;6
13078;29;148;1;land;false;hills;6
13079;26;154;1;land;false;forest;6
13080;9;189;1;land;false;hills;6
13081;19;163;1;land;false;hills;6
13082;66;136;1;land;false;forest;6
13083;78;96;1;land;false;plains;6
13084;38;133;1;land;false;hills;6
13085;63;82;1;land;false;hills;6
13086;24;149;1;land;false;hills;6
13087;60;111;1;land;false;hills;6
13088;24;100;1;land;false;hills;6
13089;54;87;1;land;false;plains;6
13090;75;76;1;land;false;plains;6
13091;87;111;1;land;false;hills;6
13092;18;149;1;land;false;hills;6
13093;92;98;1;land;false;mountain;6
13094;89;100;1;land;false;hills;6
13095;187;98;1;land;true;plains;6
13096;175;57;1;land;false;plains;6
13097;162;81;1;land;false;plains;6
13098;173;95;1;land;false;plains;6
13099;155;36;1;land;false;hills;6
13100;224;58;1;land;false;plains;6
13101;164;44;1;land;false;plains;6
13102;172;92;1;land;false;plains;6
13103;163;76;1;land;true;plains;6
13104;165;241;1;land;true;hills;6
13105;148;210;1;land;false;desert;6
13106;131;218;1;land;false;hills;6
13107;165;248;1;land;true;hills;6
13108;205;250;1;land;false;mountain;6
13109;151;181;1;land;false;forest;6
13110;194;212;1;land;false;hills;6
13111;156;252;1;land;false;hills;6
13112;135;234;1;land;false;mountain;6
13113;159;218;1;land;false;hills;6
13114;168;235;1;land;false;hills;6
13115;202;220;1;land;false;forest;6
13116;196;195;1;land;false;hills;6
13117;200;242;1;land;false;mountain;6
13118;162;236;1;land;false;hills;6
13119;142;191;1;land;false;forest;6
13120;200;254;1;land;false;plains;6
13121;154;209;1;land;true;mountain;6
13122;142;254;1;land;false;hills;6
13123;47;64;1;land;true;plains;6
13124;70;107;1;land;false;hills;6
13125;65;63;1;land;true;jungle;6
13126;45;68;1;land;true;plains;6
13127;78;46;1;land;false;forest;6
13128;99;52;1;land;true;hills;6
13129;76;88;1;land;true;jungle;6
13130;47;92;1;land;false;forest;6
13131;45;44;1;land;false;forest;6
13132;84;47;1;land;true;forest;6
13133;55;94;1;land;false;forest;6
13134;90;84;1;land;true;hills;6
13135;60;63;1;land;true;hills;6
13136;77;58;1;land;false;hills;6
13137;76;47;1;land;false;desert;6
13138;87;56;1;land;true;hills;6
13139;42;84;1;land;false;forest;6
13140;106;40;1;land;false;hills;6
13141;37;99;1;land;true;hills;6
13142;48;95;1;land;true;hills;6
13143;60;49;1;land;false;forest;6
13144;92;70;1;land;false;plains;6
13145;39;102;1;land;true;hills;6
13146;68;103;1;land;true;hills;6
13147;94;65;1;land;false;forest;6
13148;61;38;1;land;false;forest;6
13149;224;51;1;land;true;hills;6
13150;208;102;1;land;false;hills;6
13151;197;54;1;land;false;hills;6
13152;198;25;1;land;false;hills;6
13153;222;26;1;land;false;hills;6
13154;226;82;1;land;false;hills;6
13155;61;41;1;land;true;plains;6
13156;66;86;1;land;true;hills;6
13157;28;58;1;land;false;mountain;6
13158;57;96;1;land;true;plains;6
13159;25;94;1;land;true;hills;6
13160;20;23;1;land;false;hills;6
13161;19;20;1;land;true;mountain;6
13162;41;56;1;land;false;hills;6
13163;0;87;1;land;true;plains;6
13164;55;88;1;land;true;hills;6
13165;0;56;1;land;true;desert;6
13166;40;38;1;land;false;hills;6
13167;112;1;1;land;false;plains;6
13168;98;30;1;land;false;plains;6
13169;75;44;1;land;false;forest;6
13170;91;42;1;land;false;plains;6
13171;94;7;1;land;false;hills;6
13172;60;3;1;land;false;plains;6
13173;90;28;1;land;false;plains;6
13174;99;24;1;land;false;hills;6
13175;108;31;1;land;false;plains;6
13176;108;2;1;land;false;forest;6
13177;57;47;1;land;false;plains;6
13178;200;172;1;land;false;hills;6
13179;186;159;1;land;false;hills;6
13180;248;145;1;land;false;hills;6
13181;187;173;1;land;false;hills;6
13182;177;114;1;land;false;hills;6
13183;218;180;1;land;true;mountain;6
13184;216;120;1;land;false;forest;6
13185;230;177;1;land;false;forest;6
13186;210;179;1;land;false;hills;6
13187;184;138;1;land;false;forest;6
13188;176;119;1;land;false;hills;6
13189;187;143;1;land;false;mountain;6
13190;191;151;1;land;false;forest;6
13191;180;151;1;land;true;desert;6
13192;229;139;1;land;true;hills;6
13193;177;174;1;land;false;forest;6
13194;199;145;1;land;false;hills;6
13195;240;150;1;land;false;forest;6
13196;225;110;1;land;false;forest;6
13197;191;110;1;land;false;forest;6
13198;250;150;1;land;false;mountain;6
13199;202;121;1;land;false;hills;6
13200;195;159;1;land;false;mountain;6
13201;181;176;1;land;false;forest;6
13202;54;0;1;land;false;hills;6
13203;37;18;1;land;false;hills;6
13204;18;2;1;land;false;hills;6
13205;17;4;1;land;false;hills;6
13206;38;36;1;land;false;hills;6
13207;94;236;1;land;false;hills;6
13208;143;227;1;land;false;hills;6
13209;147;187;1;land;false;hills;6
13210;148;140;1;land;false;hills;6
13211;136;116;1;land;false;hills;6
13212;180;100;1;land;false;hills;6
13213;175;78;1;land;false;hills;6
13214;41;204;1;land;false;forest;6
13215;77;214;1;land;false;forest;6
13216;79;236;1;land;false;forest;6
13217;64;186;1;land;false;plains;6
13218;52;209;1;land;false;forest;6
13219;48;178;1;land;true;forest;6
13220;38;197;1;land;false;plains;6
13221;92;229;1;land;true;hills;6
13222;82;240;1;land;false;hills;6
13223;103;227;1;land;false;forest;6
13224;40;180;1;land;false;hills;6
13225;48;223;1;land;true;forest;6
13226;114;245;1;land;false;forest;6
13227;223;229;1;land;false;forest;6
13228;251;226;1;land;false;forest;6
13229;251;207;1;land;false;forest;6
13230;240;214;1;land;false;forest;6
13231;199;235;1;land;false;forest;6
13232;226;235;1;land;false;forest;6
13233;236;245;1;land;false;hills;6
13234;78;228;1;land;false;plains;6
13235;107;179;1;land;true;hills;6
13236;138;234;1;land;true;hills;6
13237;123;177;1;land;true;plains;6
13238;97;191;1;land;false;plains;6
13239;109;205;1;land;false;hills;6
13240;82;161;1;land;false;plains;6
13241;1;50;1;land;false;plains;6
13242;33;46;1;land;false;forest;6
13243;45;22;1;land;false;hills;6
13244;8;55;1;land;false;plains;6
13245;24;14;1;land;false;hills;6
13246;16;22;1;land;false;mountain;6
13247;21;25;1;land;false;plains;6
13248;8;14;1;land;false;forest;6
13249;8;68;1;land;false;hills;6
13250;11;33;1;land;false;hills;6
13251;37;214;1;land;false;forest;6
13252;21;197;1;land;false;mountain;6
13253;13;155;1;land;false;mountain;6
13254;6;153;1;land;false;hills;6
13255;48;171;1;land;false;mountain;6
13256;47;201;1;land;false;forest;6
13257;8;198;1;land;false;hills;6
13258;34;203;1;land;false;plains;6
13259;26;186;1;land;false;hills;6
13260;1;161;1;land;false;hills;6
13261;32;217;1;land;false;forest;6
13262;17;191;1;land;false;forest;6
13263;39;179;1;land;false;hills;6
13264;33;162;1;land;false;hills;6
13265;5;185;1;land;true;desert;6
13266;9;155;1;land;false;mountain;6
13267;22;174;1;land;true;mountain;6
13268;39;202;1;land;false;hills;6
13269;21;196;1;land;false;forest;6
13270;30;171;1;land;false;forest;6
13271;37;212;1;land;false;forest;6
13272;23;193;1;land;false;hills;6
13273;6;150;1;land;false;plains;6
13274;12;157;1;land;false;hills;6
13275;36;190;1;land;true;desert;6
13276;18;190;1;land;false;hills;6
13277;13;143;1;land;false;plains;6
13278;26;159;1;land;false;forest;6
13279;30;142;1;land;false;hills;6
13280;47;158;1;land;false;mountain;6
13281;28;145;1;land;false;forest;6
13282;54;223;1;land;true;forest;6
13283;100;237;1;land;false;mountain;6
13284;231;71;1;land;false;hills;6
13285;196;55;1;land;false;desert;6
13286;205;105;1;land;true;desert;6
13287;182;73;1;land;false;desert;6
13288;169;112;1;land;false;hills;6
13289;170;88;1;land;false;desert;6
13290;174;45;1;land;true;mountain;6
13291;198;88;1;land;false;hills;6
13292;174;44;1;land;false;desert;6
13293;248;59;1;land;false;hills;6
13294;245;62;1;land;false;hills;6
13295;213;60;1;land;false;plains;6
13296;233;91;1;land;false;plains;6
13297;241;46;1;land;false;hills;6
13298;226;111;1;land;false;plains;6
13299;254;102;1;land;false;plains;6
13300;223;36;1;land;false;mountain;6
13301;222;81;1;land;false;hills;6
13302;230;94;1;land;false;forest;6
13303;253;70;1;land;false;forest;6
13304;219;58;1;land;false;forest;6
13305;215;98;1;land;false;mountain;6
13306;231;34;1;land;false;plains;6
13307;225;63;1;land;false;hills;6
13308;212;47;1;land;false;hills;6
13309;239;79;1;land;false;hills;6
13310;252;93;1;land;false;hills;6
13311;215;62;1;land;false;hills;6
13312;252;41;1;land;false;forest;6
13313;215;40;1;land;false;hills;6
13314;212;33;1;land;false;plains;6
13315;213;95;1;land;false;plains;6
13316;250;77;1;land;false;hills;6
13317;227;89;1;land;false;hills;6
13318;230;36;1;land;false;hills;6
13319;229;80;1;land;false;plains;6
13320;253;153;1;land;false;forest;6
13321;213;188;1;land;false;hills;6
13322;222;174;1;land;false;forest;6
13323;225;136;1;land;false;hills;6
13324;215;130;1;land;false;forest;6
13325;213;169;1;land;true;hills;6
13326;217;123;1;land;true;forest;6
13327;242;127;1;land;false;mountain;6
13328;206;187;1;land;true;hills;6
13329;211;164;1;land;false;forest;6
13330;228;113;1;land;false;hills;6
13331;242;140;1;land;false;hills;6
13332;230;160;1;land;false;forest;6
13333;100;188;1;land;false;hills;6
13334;104;196;1;land;false;forest;6
13335;136;161;1;land;false;forest;6
13336;125;210;1;land;false;forest;6
13337;124;153;1;land;false;forest;6
13338;123;223;1;land;false;forest;6
13339;105;156;1;land;false;forest;6
13340;87;223;1;land;false;forest;6
13341;57;29;1;land;true;hills;6
13342;89;18;1;land;true;forest;6
13343;53;24;1;land;true;mountain;6
13344;95;78;1;land;false;hills;6
13345;87;45;1;land;false;forest;6
13346;95;26;1;land;false;forest;6
13347;108;64;1;land;false;forest;6
13348;77;68;1;land;false;hills;6
13349;135;10;1;land;false;forest;6
13350;150;18;1;land;false;hills;6
13351;88;35;1;land;false;hills;6
13352;97;61;1;land;false;forest;6
13353;150;59;1;land;false;forest;6
13354;95;122;1;land;false;forest;6
13355;107;140;1;land;false;hills;6
13356;93;180;1;land;false;hills;6
13357;126;178;1;land;false;hills;6
13358;127;164;1;land;false;hills;6
13359;67;124;1;land;false;hills;6
13360;127;119;1;land;false;hills;6
13361;98;182;1;land;false;hills;6
13362;91;113;1;land;false;hills;6
13363;70;141;1;land;false;hills;6
13364;94;155;1;land;false;hills;6
13365;85;161;1;land;false;hills;6
13366;113;134;1;land;false;hills;6
13367;109;126;1;land;false;hills;6
13368;82;179;1;land;false;hills;6
13369;104;148;1;land;false;plains;6
13370;90;141;1;land;false;hills;6
13371;126;154;1;land;false;hills;6
13372;60;109;1;land;false;forest;6
13373;182;55;1;land;false;plains;6
13374;165;29;1;land;false;plains;6
13375;192;51;1;land;false;plains;6
13376;218;39;1;land;false;plains;6
13377;207;28;1;land;false;plains;6
13378;224;15;1;land;false;plains;6
13379;194;3;1;land;false;plains;6
13380;162;18;1;land;false;plains;6
13381;154;17;1;land;false;plains;6
13382;178;30;1;land;false;plains;6
13383;222;19;1;land;false;plains;6
13384;152;44;1;land;false;plains;6
13385;215;23;1;land;false;plains;6
13386;199;55;1;land;false;plains;6
13387;191;38;1;land;false;plains;6
13388;201;28;1;land;false;plains;6
13389;191;1;1;land;false;plains;6
13390;252;198;1;land;false;forest;6
13391;243;185;1;land;false;forest;6
13392;222;227;1;land;false;plains;6
13393;239;232;1;land;false;plains;6
13394;251;251;1;land;false;forest;6
13395;235;186;1;land;false;hills;6
13396;192;202;1;land;false;plains;6
13397;247;236;1;land;false;plains;6
13398;194;196;1;land;false;plains;6
13399;217;205;1;land;false;plains;6
13400;254;212;1;land;false;forest;6
13401;191;207;1;land;false;hills;6
13402;149;149;1;land;false;hills;6
13403;161;163;1;land;false;hills;6
13404;130;206;1;land;false;hills;6
13405;125;158;1;land;false;hills;6
13406;156;175;1;land;false;hills;6
13407;172;203;1;land;false;forest;6
13408;131;195;1;land;true;plains;6
13409;195;163;1;land;false;hills;6
13410;142;213;1;land;false;hills;6
13411;152;144;1;land;false;forest;6
13412;183;203;1;land;false;hills;6
13413;225;168;1;land;true;plains;6
13414;254;171;1;land;true;plains;6
13415;231;196;1;land;false;plains;6
13416;235;210;1;land;true;hills;6
13417;227;178;1;land;false;plains;6
13418;219;210;1;land;true;plains;6
13419;231;197;1;land;false;hills;6
13420;229;203;1;land;false;hills;6
13421;238;228;1;land;false;plains;6
13422;222;232;1;land;true;plains;6
13423;234;236;1;land;false;plains;6
13424;238;182;1;land;true;plains;6
13425;224;189;1;land;false;plains;6
13426;220;235;1;land;false;plains;6
13427;237;184;1;land;false;hills;6
13428;246;201;1;land;false;hills;6
13429;62;157;1;land;false;plains;6
13430;22;192;1;land;false;mountain;6
13431;33;202;1;land;false;hills;6
13432;17;175;1;land;false;plains;6
13433;55;211;1;land;false;plains;6
13434;43;228;1;land;false;hills;6
13435;25;193;1;land;false;plains;6
13436;42;193;1;land;false;mountain;6
13437;29;201;1;land;false;plains;6
13438;4;156;1;land;false;hills;6
13439;7;223;1;land;false;mountain;6
13440;13;188;1;land;false;hills;6
13441;19;171;1;land;false;plains;6
13442;18;26;1;land;false;hills;6
13443;4;73;1;land;false;hills;6
13444;54;24;1;land;false;forest;6
13445;42;46;1;land;false;forest;6
13446;30;21;1;land;false;hills;6
13447;10;36;1;land;false;hills;6
13448;41;29;1;land;false;hills;6
13449;4;16;1;land;false;mountain;6
13450;17;72;1;land;false;forest;6
13451;124;181;1;land;false;plains;6
13452;102;111;1;land;false;plains;6
13453;59;175;1;land;false;plains;6
13454;122;170;1;land;false;plains;6
13455;127;160;1;land;false;plains;6
13456;146;85;1;land;false;hills;6
13457;166;91;1;land;false;plains;6
13458;123;85;1;land;false;plains;6
13459;92;199;1;land;false;plains;6
13460;127;236;1;land;false;forest;6
13461;105;241;1;land;false;plains;6
13462;86;231;1;land;false;forest;6
13463;126;201;1;land;false;plains;6
13464;153;236;1;land;false;plains;6
13465;90;206;1;land;false;forest;6
13466;86;194;1;land;false;mountain;6
13467;53;249;1;land;false;mountain;6
13468;40;221;1;land;false;hills;6
13469;94;246;1;land;false;hills;6
13470;50;217;1;land;false;mountain;6
13471;37;183;1;land;false;hills;6
13472;145;220;1;land;false;hills;6
13473;136;225;1;land;false;hills;6
13474;142;211;1;land;false;hills;6
13475;131;226;1;land;false;hills;6
13476;133;200;1;land;false;forest;6
13477;67;246;1;land;false;jungle;6
13478;87;238;1;land;false;forest;6
13479;90;242;1;land;false;hills;6
13480;95;185;1;land;false;hills;6
13481;73;242;1;land;false;hills;6
13482;134;221;1;land;false;forest;6
13483;116;189;1;land;false;forest;6
13484;125;221;1;land;false;forest;6
13485;121;226;1;land;false;jungle;6
13486;133;187;1;land;false;hills;6
13487;77;226;1;land;false;forest;6
13488;69;218;1;land;false;hills;6
13489;136;222;1;land;false;hills;6
13490;194;2;1;land;false;forest;6
13491;228;6;1;land;true;forest;6
13492;184;42;1;land;false;plains;6
13493;165;45;1;land;true;forest;6
13494;207;14;1;land;false;forest;6
13495;234;24;1;land;false;plains;6
13496;180;50;1;land;true;forest;6
13497;236;12;1;land;true;forest;6
13498;204;21;1;land;false;forest;6
13499;230;23;1;land;false;plains;6
13500;216;16;1;land;false;plains;6
13501;216;5;1;land;false;forest;6
13502;184;13;1;land;false;plains;6
13503;188;20;1;land;true;hills;6
13504;200;11;1;land;true;forest;6
13505;184;52;1;land;false;plains;6
13506;190;14;1;land;true;forest;6
13507;219;13;1;land;false;plains;6
13508;222;18;1;land;false;plains;6
13509;238;17;1;land;true;hills;6
13510;61;25;1;land;false;plains;6
13511;65;6;1;land;false;plains;6
13512;31;49;1;land;false;plains;6
13513;30;48;1;land;false;plains;6
13514;44;241;1;land;false;hills;6
13515;97;181;1;land;false;hills;6
13516;101;183;1;land;false;hills;6
13517;107;228;1;land;false;hills;6
13518;100;218;1;land;false;hills;6
13519;68;250;1;land;false;plains;6
13520;90;246;1;land;true;hills;6
13521;45;223;1;land;false;hills;6
13522;48;205;1;land;false;hills;6
13523;98;195;1;land;false;plains;6
13524;102;240;1;land;false;plains;6
13525;89;254;1;land;false;plains;6
13526;50;237;1;land;false;hills;6
13527;136;244;1;land;false;plains;6
13528;130;228;1;land;false;forest;6
13529;126;207;1;land;false;forest;6
13530;107;237;1;land;false;plains;6
13531;136;204;1;land;false;plains;6
13532;157;230;1;land;false;plains;6
13533;111;180;1;land;false;plains;6
13534;127;194;1;land;false;hills;6
13535;178;190;1;land;false;plains;6
13536;114;162;1;land;false;hills;6
13537;177;205;1;land;false;plains;6
13538;188;203;1;land;false;plains;6
13539;175;220;1;land;false;hills;6
13540;131;157;1;land;false;plains;6
13541;130;207;1;land;false;hills;6
13542;167;207;1;land;false;plains;6
13543;126;158;1;land;false;forest;6
13544;126;173;1;land;false;forest;6
13545;107;136;1;land;false;forest;6
13546;114;141;1;land;false;forest;6
13547;129;187;1;land;false;hills;6
13548;160;140;1;land;false;forest;6
13549;148;185;1;land;false;hills;6
13550;116;148;1;land;false;forest;6
13551;114;202;1;land;false;hills;6
13552;241;11;1;land;true;forest;6
13553;178;49;1;land;false;hills;6
13554;176;15;1;land;false;hills;6
13555;171;3;1;land;false;forest;6
13556;237;56;1;land;false;forest;6
13557;187;52;1;land;false;forest;6
13558;207;37;1;land;true;forest;6
13559;221;41;1;land;true;forest;6
13560;182;23;1;land;true;hills;6
13561;219;1;1;land;true;mountain;6
13562;186;44;1;land;false;hills;6
13563;194;31;1;land;false;hills;6
13564;193;27;1;land;true;forest;6
13565;236;194;1;land;false;hills;6
13566;223;228;1;land;false;hills;6
13567;223;214;1;land;false;plains;6
13568;244;228;1;land;false;mountain;6
13569;253;233;1;land;false;hills;6
13570;236;192;1;land;false;hills;6
13571;225;245;1;land;false;hills;6
13572;216;229;1;land;false;plains;6
13573;235;224;1;land;false;plains;6
13574;249;214;1;land;false;plains;6
13575;224;238;1;land;false;hills;6
13576;188;58;1;land;false;forest;6
13577;195;40;1;land;false;jungle;6
13578;195;9;1;land;false;forest;6
13579;151;24;1;land;false;hills;6
13580;189;50;1;land;false;forest;6
13581;140;62;1;land;false;jungle;6
13582;133;36;1;land;false;forest;6
13583;186;18;1;land;false;forest;6
13584;153;49;1;land;false;hills;6
13585;187;40;1;land;false;forest;6
13586;196;131;1;land;true;hills;6
13587;251;132;1;land;false;hills;6
13588;231;158;1;land;true;forest;6
13589;253;102;1;land;false;hills;6
13590;242;153;1;land;true;hills;6
13591;254;99;1;land;true;hills;6
13592;250;106;1;land;true;forest;6
13593;220;99;1;land;false;hills;6
13594;217;103;1;land;false;forest;6
13595;222;163;1;land;false;forest;6
13596;253;123;1;land;true;forest;6
13597;250;142;1;land;true;hills;6
13598;195;116;1;land;true;hills;6
13599;244;142;1;land;true;hills;6
13600;227;105;1;land;false;forest;6
13601;211;147;1;land;true;hills;6
13602;224;133;1;land;true;plains;6
13603;216;109;1;land;false;hills;6
13604;227;128;1;land;true;hills;6
13605;205;117;1;land;true;forest;6
13606;208;111;1;land;false;forest;6
13607;172;197;1;land;false;plains;6
13608;242;161;1;land;false;forest;6
13609;203;123;1;land;false;plains;6
13610;211;176;1;land;true;plains;6
13611;249;129;1;land;false;plains;6
13612;173;148;1;land;false;plains;6
13613;236;178;1;land;false;plains;6
13614;247;154;1;land;false;plains;6
13615;216;190;1;land;false;forest;6
13616;213;193;1;land;false;plains;6
13617;85;201;1;land;true;hills;6
13618;11;205;1;land;true;plains;6
13619;15;240;1;land;false;plains;6
13620;31;185;1;land;false;plains;6
13621;14;241;1;land;true;forest;6
13622;18;216;1;land;false;plains;6
13623;27;235;1;land;true;hills;6
13624;32;235;1;land;false;plains;6
13625;75;250;1;land;true;hills;6
13626;72;205;1;land;true;plains;6
13627;52;199;1;land;false;plains;6
13628;168;201;1;land;true;hills;6
13629;215;198;1;land;true;hills;6
13630;231;234;1;land;false;hills;6
13631;173;205;1;land;true;hills;6
13632;188;192;1;land;false;hills;6
13633;227;211;1;land;true;plains;6
13634;244;248;1;land;false;hills;6
13635;214;238;1;land;true;plains;6
13636;218;250;1;land;true;hills;6
13637;186;239;1;land;true;hills;6
13638;199;200;1;land;true;forest;6
13639;200;244;1;land;false;forest;6
13640;206;230;1;land;true;hills;6
13641;198;224;1;land;true;hills;6
13642;188;219;1;land;true;plains;6
13643;189;234;1;land;true;hills;6
13644;211;244;1;land;true;hills;6
13645;6;77;1;land;false;hills;6
13646;11;25;1;land;false;hills;6
13647;37;97;1;land;true;hills;6
13648;30;52;1;land;false;plains;6
13649;45;26;1;land;true;hills;6
13650;47;88;1;land;false;plains;6
13651;2;31;1;land;true;hills;6
13652;27;68;1;land;false;plains;6
13653;27;60;1;land;false;plains;6
13654;43;55;1;land;false;plains;6
13655;25;158;1;land;false;plains;6
13656;28;168;1;land;false;plains;6
13657;58;205;1;land;false;plains;6
13658;38;216;1;land;false;plains;6
13659;22;123;1;land;false;hills;6
13660;19;109;1;land;false;hills;6
13661;3;62;1;land;false;hills;6
13662;23;77;1;land;false;hills;6
13663;35;75;1;land;false;forest;6
13664;15;89;1;land;false;mountain;6
13665;28;61;1;land;false;hills;6
13666;25;95;1;land;false;forest;6
13667;24;75;1;land;false;forest;6
13668;30;80;1;land;false;forest;6
13669;35;54;1;land;false;hills;6
13670;22;52;1;land;false;forest;6
13671;20;58;1;land;false;hills;6
13672;10;71;1;land;false;hills;6
13673;17;47;1;land;false;forest;6
13674;1;65;1;land;false;hills;6
13675;28;77;1;land;false;forest;6
13676;37;70;1;land;false;hills;6
13677;93;158;1;land;true;mountain;6
13678;83;194;1;land;true;hills;6
13679;35;204;1;land;true;hills;6
13680;95;197;1;land;true;hills;6
13681;29;161;1;land;true;hills;6
13682;44;230;1;land;true;plains;6
13683;90;217;1;land;true;hills;6
13684;31;230;1;land;false;plains;6
13685;99;222;1;land;false;mountain;6
13686;65;179;1;land;true;plains;6
13687;89;230;1;land;false;hills;6
13688;40;77;1;land;false;mountain;6
13689;71;58;1;land;false;mountain;6
13690;15;31;1;land;false;mountain;6
13691;41;50;1;land;false;forest;6
13692;107;58;1;land;false;forest;6
13693;81;56;1;land;false;hills;6
13694;77;15;1;land;false;hills;6
13695;125;32;1;land;false;hills;6
13696;82;27;1;land;false;forest;6
13697;118;29;1;land;false;forest;6
13698;200;87;1;land;false;mountain;6
13699;180;139;1;land;false;mountain;6
13700;189;94;1;land;false;hills;6
13701;184;108;1;land;false;mountain;6
13702;89;74;1;land;false;hills;6
13703;94;98;1;land;false;hills;6
13704;146;127;1;land;false;hills;6
13705;153;113;1;land;false;hills;6
13706;143;81;1;land;false;hills;6
13707;96;69;1;land;false;plains;6
13708;124;93;1;land;false;hills;6
13709;145;75;1;land;true;mountain;6
13710;119;66;1;land;false;mountain;6
13711;106;121;1;land;false;hills;6
13712;100;117;1;land;true;plains;6
13713;108;123;1;land;false;mountain;6
13714;225;156;1;land;false;plains;6
13715;228;202;1;land;false;hills;6
13716;168;207;1;land;true;hills;6
13717;183;209;1;land;false;desert;6
13718;184;160;1;land;false;plains;6
13719;192;187;1;land;true;mountain;6
13720;163;211;1;land;true;desert;6
13721;172;165;1;land;false;hills;6
13722;158;88;1;land;true;mountain;6
13723;165;71;1;land;true;hills;6
13724;122;86;1;land;false;hills;6
13725;121;98;1;land;false;plains;6
13726;152;126;1;land;true;hills;6
13727;161;124;1;land;false;hills;6
13728;155;82;1;land;true;desert;6
13729;183;79;1;land;true;forest;6
13730;160;85;1;land;false;forest;6
13731;180;87;1;land;false;forest;6
13732;165;57;1;land;false;forest;6
13733;182;34;1;land;false;hills;6
13734;169;99;1;land;true;mountain;6
13735;176;70;1;land;false;hills;6
13736;157;97;1;land;false;plains;6
13737;126;49;1;land;false;plains;6
13738;140;104;1;land;true;forest;6
13739;138;36;1;land;true;forest;6
13740;193;57;1;land;false;forest;6
13741;132;49;1;land;false;forest;6
13742;194;63;1;land;false;forest;6
13743;118;106;1;land;true;forest;6
13744;175;99;1;land;false;forest;6
13745;182;115;1;land;false;hills;6
13746;186;113;1;land;false;plains;6
13747;165;96;1;land;false;forest;6
13748;182;61;1;land;false;mountain;6
13749;156;67;1;land;false;hills;6
13750;161;55;1;land;false;hills;6
13751;154;44;1;land;false;forest;6
13752;87;236;1;land;false;hills;6
13753;107;235;1;land;false;plains;6
13754;84;240;1;land;false;mountain;6
13755;78;217;1;land;false;mountain;6
13756;36;248;1;land;false;hills;6
13757;93;241;1;land;false;mountain;6
13758;202;103;1;land;false;plains;6
13759;224;147;1;land;true;plains;6
13760;176;132;1;land;false;hills;6
13761;201;128;1;land;false;hills;6
13762;214;97;1;land;false;hills;6
13763;165;82;1;land;false;plains;6
13764;231;106;1;land;false;plains;6
13765;228;118;1;land;false;plains;6
13766;152;132;1;land;false;hills;6
13767;161;138;1;land;true;hills;6
13768;209;141;1;land;false;plains;6
13769;160;147;1;land;false;hills;6
13770;199;113;1;land;false;hills;6
13771;197;138;1;land;false;hills;6
13772;209;74;1;land;false;mountain;6
13773;177;96;1;land;false;hills;6
13774;192;104;1;land;false;hills;6
13775;144;208;1;land;false;hills;6
13776;136;227;1;land;false;plains;6
13777;146;223;1;land;false;hills;6
13778;95;241;1;land;false;hills;6
13779;89;244;1;land;false;hills;6
13780;110;226;1;land;false;hills;6
13781;84;220;1;land;false;jungle;6
13782;93;247;1;land;false;hills;6
13783;110;207;1;land;false;hills;6
13784;153;252;1;land;false;hills;6
13785;145;232;1;land;false;jungle;6
13786;140;228;1;land;false;hills;6
13787;182;154;1;land;false;plains;6
13788;163;189;1;land;true;hills;6
13789;171;177;1;land;false;hills;6
13790;193;152;1;land;true;hills;6
13791;188;218;1;land;false;plains;6
13792;169;180;1;land;false;hills;6
13793;170;209;1;land;true;desert;6
13794;156;189;1;land;true;desert;6
13795;141;195;1;land;false;plains;6
13796;127;110;1;land;false;hills;6
13797;98;134;1;land;false;hills;6
13798;62;141;1;land;false;hills;6
13799;104;175;1;land;false;hills;6
13800;109;172;1;land;false;hills;6
13801;63;124;1;land;false;plains;6
13802;90;161;1;land;false;plains;6
13803;109;90;1;land;false;plains;6
13804;96;137;1;land;true;hills;6
13805;91;104;1;land;false;hills;6
13806;99;94;1;land;true;desert;6
13807;77;118;1;land;false;forest;6
13808;87;90;1;land;false;hills;6
13809;63;151;1;land;false;hills;6
13810;39;119;1;land;false;plains;6
13811;78;126;1;land;false;hills;6
13812;74;143;1;land;false;hills;6
13813;105;109;1;land;true;desert;6
13814;101;95;1;land;false;hills;6
13815;72;114;1;land;true;desert;6
13816;66;137;1;land;true;desert;6
13817;85;131;1;land;false;hills;6
13818;85;149;1;land;false;hills;6
13819;80;121;1;land;false;hills;6
13820;90;102;1;land;false;plains;6
13821;117;139;1;land;false;hills;6
13822;46;160;1;land;false;plains;6
13823;74;165;1;land;false;desert;6
13824;87;163;1;land;true;hills;6
13825;129;148;1;land;false;forest;6
13826;125;179;1;land;false;forest;6
13827;87;195;1;land;false;hills;6
13828;86;196;1;land;false;forest;6
13829;105;137;1;land;false;hills;6
13830;105;123;1;land;false;hills;6
13831;63;181;1;land;false;forest;6
13832;133;185;1;land;false;hills;6
13833;89;134;1;land;false;forest;6
13834;129;133;1;land;false;hills;6
13835;94;153;1;land;false;forest;6
13836;123;155;1;land;false;hills;6
13837;73;170;1;land;true;hills;6
13838;85;147;1;land;false;forest;6
13839;95;138;1;land;false;hills;6
13840;68;184;1;land;false;hills;6
13841;88;134;1;land;false;hills;6
13842;115;132;1;land;false;forest;6
13843;120;190;1;land;false;forest;6
13844;82;143;1;land;false;forest;6
13845;138;169;1;land;true;plains;6
13846;105;196;1;land;false;hills;6
13847;102;201;1;land;false;forest;6
13848;68;170;1;land;false;hills;6
13849;92;149;1;land;false;plains;6
13850;102;196;1;land;false;hills;6
13851;128;140;1;land;false;forest;6
13852;91;165;1;land;false;forest;6
13853;114;161;1;land;false;hills;6
13854;108;175;1;land;false;forest;6
13855;163;13;1;land;false;hills;6
13856;158;18;1;land;true;hills;6
13857;126;48;1;land;true;hills;6
13858;204;154;1;land;true;mountain;6
13859;238;178;1;land;false;mountain;6
13860;253;155;1;land;false;hills;6
13861;230;138;1;land;false;hills;6
13862;231;174;1;land;false;hills;6
13863;203;203;1;land;true;forest;6
13864;31;103;1;land;false;hills;6
13865;22;72;1;land;false;hills;6
13866;27;132;1;land;false;mountain;6
13867;161;222;1;land;true;hills;6
13868;95;204;1;land;false;hills;6
13869;146;217;1;land;false;hills;6
13870;171;187;1;land;true;hills;6
13871;170;235;1;land;false;hills;6
13872;160;197;1;land;false;hills;6
13873;222;154;1;land;false;plains;6
13874;222;121;1;land;false;plains;6
13875;16;179;1;land;true;hills;6
13876;18;213;1;land;false;plains;6
13877;28;223;1;land;false;plains;6
13878;54;214;1;land;false;plains;6
13879;61;179;1;land;false;plains;6
13880;63;240;1;land;false;hills;6
13881;74;187;1;land;true;plains;6
13882;66;215;1;land;false;hills;6
13883;15;217;1;land;false;plains;6
13884;21;225;1;land;false;plains;6
13885;11;178;1;land;false;mountain;6
13886;139;142;1;land;false;forest;6
13887;119;135;1;land;false;forest;6
13888;96;165;1;land;false;forest;6
13889;124;199;1;land;false;forest;6
13890;139;171;1;land;false;forest;6
13891;88;233;1;land;true;hills;6
13892;55;169;1;land;true;plains;6
13893;61;204;1;land;false;plains;6
13894;66;203;1;land;false;hills;6
13895;81;178;1;land;true;plains;6
13896;181;118;1;land;false;mountain;6
13897;213;126;1;land;false;hills;6
13898;228;92;1;land;false;plains;6
13899;230;152;1;land;false;hills;6
13900;168;134;1;land;false;plains;6
13901;145;138;1;land;false;hills;6
13902;203;179;1;land;false;plains;6
13903;170;121;1;land;false;plains;6
13904;178;134;1;land;false;plains;6
13905;104;234;1;land;false;hills;6
13906;39;253;1;land;false;plains;6
13907;63;226;1;land;false;hills;6
13908;68;237;1;land;false;hills;6
13909;45;216;1;land;false;hills;6
13910;71;197;1;land;false;plains;6
13911;66;236;1;land;false;hills;6
13912;53;222;1;land;false;hills;6
13913;218;3;1;land;false;hills;6
13914;198;40;1;land;false;hills;6
13915;252;16;1;land;true;desert;6
13916;199;23;1;land;true;hills;6
13917;226;10;1;land;true;hills;6
13918;250;43;1;land;true;hills;6
13919;253;29;1;land;false;hills;6
13920;249;35;1;land;true;hills;6
13921;216;28;1;land;true;hills;6
13922;10;219;1;land;false;hills;6
13923;12;235;1;land;false;mountain;6
13924;8;193;1;land;false;hills;6
13925;44;194;1;land;false;hills;6
13926;19;234;1;land;false;hills;6
13927;32;250;1;land;false;mountain;6
13928;5;232;1;land;false;plains;6
13929;44;242;1;land;false;mountain;6
13930;71;68;1;land;false;plains;6
13931;73;106;1;land;false;hills;6
13932;27;110;1;land;false;hills;6
13933;41;84;1;land;false;plains;6
13934;37;86;1;land;false;hills;6
13935;97;131;1;land;false;hills;6
13936;70;70;1;land;false;hills;6
13937;50;134;1;land;false;hills;6
13938;238;184;1;land;false;hills;6
13939;249;186;1;land;false;hills;6
13940;240;168;1;land;false;forest;6
13941;243;246;1;land;false;forest;6
13942;218;231;1;land;false;hills;6
13943;221;235;1;land;false;hills;6
13944;219;208;1;land;false;forest;6
13945;208;222;1;land;false;forest;6
13946;228;216;1;land;false;forest;6
13947;245;244;1;land;false;hills;6
13948;197;183;1;land;false;forest;6
13949;203;240;1;land;false;hills;6
13950;193;187;1;land;false;plains;6
13951;230;175;1;land;false;hills;6
13952;208;181;1;land;false;plains;6
13953;196;226;1;land;false;hills;6
13954;195;231;1;land;false;hills;6
13955;186;225;1;land;false;hills;6
13956;143;89;1;land;false;plains;6
13957;87;77;1;land;false;plains;6
13958;141;128;1;land;false;forest;6
13959;146;120;1;land;false;hills;6
13960;97;119;1;land;false;hills;6
13961;74;93;1;land;false;plains;6
13962;75;70;1;land;false;hills;6
13963;81;119;1;land;false;hills;6
13964;130;74;1;land;true;forest;6
13965;104;64;1;land;false;forest;6
13966;102;52;1;land;false;hills;6
13967;130;105;1;land;false;hills;6
13968;72;120;1;land;false;hills;6
13969;33;115;1;land;false;jungle;6
13970;60;160;1;land;false;mountain;6
13971;71;154;1;land;false;hills;6
13972;41;160;1;land;false;forest;6
13973;89;120;1;land;false;forest;6
13974;93;168;1;land;false;hills;6
13975;64;182;1;land;false;hills;6
13976;57;133;1;land;false;hills;6
13977;43;118;1;land;false;hills;6
13978;53;152;1;land;false;forest;6
13979;98;150;1;land;false;jungle;6
13980;26;133;1;land;false;hills;6
13981;46;142;1;land;false;hills;6
13982;66;132;1;land;false;hills;6
13983;38;177;1;land;false;plains;6
13984;83;149;1;land;false;jungle;6
13985;26;187;1;land;false;hills;6
13986;38;185;1;land;false;hills;6
13987;46;128;1;land;false;forest;6
13988;94;139;1;land;false;forest;6
13989;39;115;1;land;false;hills;6
13990;44;156;1;land;false;hills;6
13991;79;150;1;land;false;forest;6
13992;143;27;1;land;false;mountain;6
13993;172;45;1;land;true;hills;6
13994;181;6;1;land;true;mountain;6
13995;208;41;1;land;true;desert;6
13996;208;35;1;land;false;hills;6
13997;194;52;1;land;false;mountain;6
13998;200;22;1;land;false;hills;6
13999;167;54;1;land;true;desert;6
14000;151;53;1;land;true;desert;6
14001;152;145;1;land;true;plains;6
14002;153;143;1;land;true;plains;6
14003;186;186;1;land;true;plains;6
14004;72;53;1;land;false;plains;6
14005;54;54;1;land;false;plains;6
14006;105;22;1;land;false;hills;6
14007;56;49;1;land;false;hills;6
14008;105;21;1;land;false;plains;6
14009;66;15;1;land;false;hills;6
14010;56;14;1;land;false;plains;6
14011;85;33;1;land;false;plains;6
14012;93;38;1;land;false;hills;6
14013;105;30;1;land;false;plains;6
14014;74;42;1;land;false;plains;6
14015;102;23;1;land;false;hills;6
14016;121;189;1;land;false;hills;6
14017;152;254;1;land;false;plains;6
14018;153;245;1;land;false;plains;6
14019;134;210;1;land;false;plains;6
14020;155;185;1;land;false;plains;6
14021;134;194;1;land;false;hills;6
14022;43;94;1;land;false;hills;6
14023;19;81;1;land;false;hills;6
14024;44;79;1;land;false;hills;6
14025;4;129;1;land;false;plains;6
14026;26;93;1;land;false;hills;6
14027;14;92;1;land;false;hills;6
14028;28;121;1;land;false;hills;6
14029;11;103;1;land;false;plains;6
14030;11;134;1;land;false;plains;6
14031;4;122;1;land;false;hills;6
14032;33;140;1;land;false;plains;6
14033;25;78;1;land;false;hills;6
14034;26;130;1;land;false;hills;6
14035;23;86;1;land;false;hills;6
14036;12;116;1;land;false;plains;6
14037;19;96;1;land;false;plains;6
14038;28;65;1;land;false;forest;6
14039;36;117;1;land;false;hills;6
14040;140;121;1;land;false;forest;6
14041;159;148;1;land;false;hills;6
14042;107;132;1;land;false;forest;6
14043;137;159;1;land;true;forest;6
14044;94;137;1;land;true;forest;6
14045;149;169;1;land;false;forest;6
14046;115;179;1;land;false;forest;6
14047;140;112;1;land;false;hills;6
14048;99;186;1;land;false;hills;6
14049;138;180;1;land;false;forest;6
14050;96;122;1;land;false;forest;6
14051;155;114;1;land;false;forest;6
14052;90;188;1;land;false;forest;6
14053;32;245;1;land;false;mountain;6
14054;6;237;1;land;false;forest;6
14055;19;232;1;land;true;hills;6
14056;41;248;1;land;false;hills;6
14057;30;212;1;land;false;mountain;6
14058;4;221;1;land;false;hills;6
14059;21;230;1;land;true;hills;6
14060;7;243;1;land;true;hills;6
14061;69;133;1;land;false;hills;6
14062;128;134;1;land;false;hills;6
14063;109;146;1;land;false;hills;6
14064;131;93;1;land;false;hills;6
14065;210;116;1;land;false;forest;6
14066;132;117;1;land;false;plains;6
14067;185;84;1;land;false;hills;6
14068;188;107;1;land;false;hills;6
14069;152;119;1;land;false;plains;6
14070;149;112;1;land;false;hills;6
14071;151;137;1;land;false;hills;6
14072;166;110;1;land;false;hills;6
14073;181;94;1;land;false;hills;6
14074;137;98;1;land;false;plains;6
14075;184;66;1;land;false;hills;6
14076;152;94;1;land;false;hills;6
14077;151;125;1;land;false;plains;6
14078;162;96;1;land;false;hills;6
14079;145;70;1;land;false;hills;6
14080;148;67;1;land;false;plains;6
14081;196;120;1;land;false;plains;6
14082;171;104;1;land;false;hills;6
14083;211;128;1;land;false;plains;6
14084;135;82;1;land;false;forest;6
14085;181;144;1;land;true;plains;6
14086;172;156;1;land;true;plains;6
14087;127;145;1;land;false;hills;6
14088;174;158;1;land;false;mountain;6
14089;172;95;1;land;true;plains;6
14090;154;142;1;land;false;hills;6
14091;133;99;1;land;false;forest;6
14092;180;42;1;land;false;plains;6
14093;147;92;1;land;false;plains;6
14094;178;92;1;land;false;plains;6
14095;172;79;1;land;false;hills;6
14096;159;59;1;land;false;forest;6
14097;131;89;1;land;false;plains;6
14098;129;95;1;land;false;plains;6
14099;176;63;1;land;false;hills;6
14100;200;105;1;land;false;plains;6
14101;188;56;1;land;true;hills;6
14102;160;93;1;land;false;plains;6
14103;167;94;1;land;false;plains;6
14104;137;87;1;land;false;hills;6
14105;167;38;1;land;false;plains;6
14106;167;50;1;land;false;plains;6
14107;165;73;1;land;false;plains;6
14108;168;57;1;land;false;hills;6
14109;164;92;1;land;false;plains;6
14110;181;87;1;land;false;plains;6
14111;125;44;1;land;false;plains;6
14112;189;95;1;land;false;forest;6
14113;166;68;1;land;false;plains;6
14114;0;223;1;land;false;hills;6
14115;31;182;1;land;false;forest;6
14116;23;174;1;land;false;hills;6
14117;9;154;1;land;false;forest;6
14118;37;161;1;land;false;forest;6
14119;42;205;1;land;false;forest;6
14120;47;194;1;land;false;forest;6
14121;60;180;1;land;true;mountain;6
14122;2;199;1;land;false;forest;6
14123;32;208;1;land;false;forest;6
14124;38;179;1;land;false;forest;6
14125;46;202;1;land;false;forest;6
14126;64;158;1;land;false;forest;6
14127;52;176;1;land;false;forest;6
14128;47;231;1;land;false;forest;6
14129;1;198;1;land;false;forest;6
14130;88;118;1;land;true;plains;6
14131;65;114;1;land;true;mountain;6
14132;88;80;1;land;false;hills;6
14133;158;95;1;land;false;plains;6
14134;112;103;1;land;true;mountain;6
14135;137;114;1;land;false;hills;6
14136;94;84;1;land;false;plains;6
14137;99;47;1;land;false;plains;6
14138;153;99;1;land;false;hills;6
14139;119;75;1;land;true;plains;6
14140;149;70;1;land;false;hills;6
14141;115;54;1;land;true;hills;6
14142;109;47;1;land;true;mountain;6
14143;92;54;1;land;false;hills;6
14144;114;65;1;land;false;plains;6
14145;107;112;1;land;false;hills;6
14146;127;82;1;land;false;plains;6
14147;122;112;1;land;false;hills;6
14148;133;44;1;land;false;hills;6
14149;143;94;1;land;true;plains;6
14150;136;48;1;land;false;plains;6
14151;115;119;1;land;true;desert;6
14152;113;50;1;land;false;hills;6
14153;114;71;1;land;false;plains;6
14154;86;109;1;land;true;plains;6
14155;85;103;1;land;false;hills;6
14156;70;93;1;land;false;forest;6
14157;63;137;1;land;false;hills;6
14158;56;117;1;land;false;hills;6
14159;235;175;1;land;true;hills;6
14160;222;123;1;land;true;hills;6
14161;216;111;1;land;true;plains;6
14162;163;23;1;land;false;forest;6
14163;158;39;1;land;false;hills;6
14164;125;28;1;land;false;forest;6
14165;19;130;1;land;false;hills;6
14166;53;87;1;land;false;hills;6
14167;15;121;1;land;false;hills;6
14168;42;93;1;land;false;hills;6
14169;17;108;1;land;false;hills;6
14170;37;124;1;land;false;plains;6
14171;90;202;1;land;false;hills;6
14172;127;197;1;land;false;hills;6
14173;99;193;1;land;false;hills;6
14174;95;189;1;land;false;mountain;6
14175;110;211;1;land;false;hills;6
14176;53;202;1;land;false;mountain;6
14177;120;184;1;land;false;hills;6
14178;66;251;1;land;false;mountain;6
14179;127;201;1;land;true;mountain;6
14180;125;169;1;land;false;plains;6
14181;147;178;1;land;false;hills;6
14182;87;219;1;land;true;mountain;6
14183;112;174;1;land;true;hills;6
14184;90;233;1;land;false;hills;6
14185;114;168;1;land;false;mountain;6
14186;77;177;1;land;true;mountain;6
14187;141;115;1;land;true;hills;6
14188;109;110;1;land;false;forest;6
14189;145;154;1;land;true;plains;6
14190;118;156;1;land;true;plains;6
14191;86;103;1;land;false;hills;6
14192;69;104;1;land;false;hills;6
14193;87;104;1;land;true;hills;6
14194;123;139;1;land;false;hills;6
14195;91;99;1;land;true;plains;6
14196;141;159;1;land;true;hills;6
14197;118;126;1;land;false;hills;6
14198;71;103;1;land;false;plains;6
14199;127;126;1;land;false;hills;6
14200;131;143;1;land;true;plains;6
14201;118;131;1;land;true;hills;6
14202;123;160;1;land;true;forest;6
14203;76;110;1;land;true;hills;6
14204;116;132;1;land;false;forest;6
14205;143;93;1;land;true;plains;6
14206;87;107;1;land;false;plains;6
14207;111;214;1;land;false;desert;6
14208;110;151;1;land;false;desert;6
14209;112;178;1;land;true;desert;6
14210;93;194;1;land;true;hills;6
14211;120;208;1;land;false;desert;6
14212;92;204;1;land;false;desert;6
14213;90;165;1;land;false;plains;6
14214;121;164;1;land;true;desert;6
14215;79;149;1;land;true;desert;6
14216;121;176;1;land;false;desert;6
14217;141;160;1;land;false;plains;6
14218;74;154;1;land;true;desert;6
14219;128;190;1;land;false;desert;6
14220;50;136;1;land;false;hills;6
14221;103;88;1;land;false;forest;6
14222;125;76;1;land;false;forest;6
14223;54;105;1;land;false;hills;6
14224;107;123;1;land;false;hills;6
14225;86;67;1;land;false;plains;6
14226;53;85;1;land;false;forest;6
14227;77;127;1;land;false;hills;6
14228;99;69;1;land;false;hills;6
14229;57;61;1;land;false;hills;6
14230;226;61;1;land;false;hills;5
14231;233;22;1;land;false;hills;5
14232;223;60;1;land;false;hills;5
14233;217;5;1;land;false;plains;5
14234;232;51;1;land;false;hills;5
14235;210;55;1;land;false;hills;5
14236;253;209;1;land;false;forest;5
14237;240;230;1;land;false;forest;5
14238;210;250;1;land;false;plains;5
14239;222;196;1;land;false;forest;5
14240;239;219;1;land;false;plains;5
14241;252;202;1;land;false;forest;5
14242;242;191;1;land;false;forest;5
14243;209;250;1;land;false;plains;5
14244;232;211;1;land;false;forest;5
14245;0;99;1;land;false;hills;5
14246;49;76;1;land;false;mountain;5
14247;8;79;1;land;true;mountain;5
14248;2;127;1;land;false;hills;5
14249;37;64;1;land;false;plains;5
14250;4;126;1;land;false;hills;5
14251;52;105;1;land;false;hills;5
14252;11;128;1;land;true;mountain;5
14253;41;130;1;land;false;hills;5
14254;24;81;1;land;false;plains;5
14255;29;72;1;land;false;hills;5
14256;3;134;1;land;true;hills;5
14257;26;114;1;land;false;mountain;5
14258;7;109;1;land;false;hills;5
14259;5;90;1;land;true;mountain;5
14260;1;60;1;land;false;hills;5
14261;44;106;1;land;false;hills;5
14262;6;96;1;land;true;plains;5
14263;21;126;1;land;true;hills;5
14264;2;76;1;land;true;plains;5
14265;12;121;1;land;false;hills;5
14266;8;103;1;land;false;hills;5
14267;47;117;1;land;false;hills;5
14268;27;76;1;land;false;mountain;5
14269;6;112;1;land;false;hills;5
14270;29;99;1;land;false;mountain;5
14271;41;123;1;land;false;hills;5
14272;16;70;1;land;false;hills;5
14273;33;81;1;land;false;plains;5
14274;19;113;1;land;false;hills;5
14275;23;65;1;land;false;plains;5
14276;47;77;1;land;true;hills;5
14277;19;83;1;land;false;plains;5
14278;60;221;1;land;false;hills;5
14279;21;221;1;land;false;plains;5
14280;25;254;1;land;false;hills;5
14281;11;249;1;land;false;plains;5
14282;9;211;1;land;false;plains;5
14283;6;246;1;land;false;plains;5
14284;8;221;1;land;false;plains;5
14285;39;208;1;land;false;plains;5
14286;33;240;1;land;false;plains;5
14287;43;251;1;land;false;hills;5
14288;60;224;1;land;false;plains;5
14289;46;235;1;land;false;hills;5
14290;54;246;1;land;false;plains;5
14291;44;209;1;land;false;plains;5
14292;57;240;1;land;false;hills;5
14293;0;201;1;land;false;plains;5
14294;27;230;1;land;false;plains;5
14295;34;48;1;land;false;plains;5
14296;54;31;1;land;false;plains;5
14297;9;1;1;land;true;plains;5
14298;66;4;1;land;false;plains;5
14299;2;40;1;land;false;hills;5
14300;54;43;1;land;false;hills;5
14301;29;40;1;land;false;forest;5
14302;29;15;1;land;false;plains;5
14303;67;13;1;land;false;plains;5
14304;35;46;1;land;false;forest;5
14305;38;35;1;land;false;plains;5
14306;11;47;1;land;false;forest;5
14307;35;3;1;land;false;hills;5
14308;35;21;1;land;false;forest;5
14309;254;54;1;land;true;plains;5
14310;240;43;1;land;true;plains;5
14311;240;91;1;land;true;mountain;5
14312;239;71;1;land;true;plains;5
14313;213;86;1;land;true;plains;5
14314;235;27;1;land;false;plains;5
14315;226;21;1;land;true;mountain;5
14316;252;68;1;land;false;plains;5
14317;243;56;1;land;true;hills;5
14318;212;52;1;land;true;plains;5
14319;224;49;1;land;true;plains;5
14320;205;97;1;land;true;plains;5
14321;244;81;1;land;true;hills;5
14322;246;45;1;land;true;plains;5
14323;250;17;1;land;true;plains;5
14324;215;74;1;land;true;mountain;5
14325;229;19;1;land;true;plains;5
14326;242;66;1;land;true;plains;5
14327;250;85;1;land;true;plains;5
14328;230;198;1;land;false;plains;5
14329;233;148;1;land;false;plains;5
14330;201;127;1;land;false;plains;5
14331;212;175;1;land;false;hills;5
14332;242;189;1;land;false;plains;5
14333;168;148;1;land;false;hills;5
14334;196;136;1;land;false;plains;5
14335;177;182;1;land;false;plains;5
14336;68;43;1;land;true;mountain;5
14337;34;34;1;land;true;mountain;5
14338;42;12;1;land;false;mountain;5
14339;49;21;1;land;true;plains;5
14340;89;39;1;land;true;plains;5
14341;100;42;1;land;true;mountain;5
14342;82;30;1;land;true;plains;5
14343;91;65;1;land;true;plains;5
14344;80;54;1;land;true;plains;5
14345;55;65;1;land;false;mountain;5
14346;131;12;1;land;true;mountain;5
14347;107;16;1;land;false;hills;5
14348;125;26;1;land;false;hills;5
14349;126;34;1;land;true;plains;5
14350;91;4;1;land;true;plains;5
14351;96;14;1;land;true;plains;5
14352;85;34;1;land;true;plains;5
14353;101;24;1;land;false;hills;5
14354;75;10;1;land;true;mountain;5
14355;117;11;1;land;true;mountain;5
14356;88;21;1;land;true;plains;5
14357;137;10;1;land;false;hills;5
14358;131;6;1;land;false;hills;5
14359;97;2;1;land;false;hills;5
14360;62;2;1;land;false;hills;5
14361;127;5;1;land;false;hills;5
14362;135;8;1;land;true;hills;5
14363;138;6;1;land;false;hills;5
14364;64;147;1;land;true;plains;5
14365;53;94;1;land;true;hills;5
14366;64;149;1;land;false;plains;5
14367;50;76;1;land;true;plains;5
14368;113;118;1;land;true;plains;5
14369;116;92;1;land;false;plains;5
14370;117;153;1;land;false;hills;5
14371;100;153;1;land;false;plains;5
14372;181;206;1;land;false;mountain;5
14373;171;203;1;land;true;mountain;5
14374;235;246;1;land;true;mountain;5
14375;193;242;1;land;true;plains;5
14376;130;99;1;land;true;plains;5
14377;187;147;1;land;true;mountain;5
14378;159;118;1;land;false;plains;5
14379;143;111;1;land;false;plains;5
14380;145;153;1;land;false;hills;5
14381;123;101;1;land;false;hills;5
14382;167;164;1;land;false;hills;5
14383;183;172;1;land;false;hills;5
14384;171;131;1;land;false;hills;5
14385;191;106;1;land;false;hills;5
14386;149;172;1;land;false;plains;5
14387;167;160;1;land;false;hills;5
14388;144;131;1;land;false;plains;5
14389;119;146;1;land;true;mountain;5
14390;146;126;1;land;false;hills;5
14391;146;174;1;land;false;hills;5
14392;190;167;1;land;false;hills;5
14393;139;164;1;land;false;hills;5
14394;40;69;1;land;true;plains;5
14395;104;80;1;land;true;hills;5
14396;32;80;1;land;true;hills;5
14397;135;117;1;land;false;forest;5
14398;150;130;1;land;false;plains;5
14399;177;136;1;land;false;plains;5
14400;111;126;1;land;false;plains;5
14401;165;134;1;land;false;forest;5
14402;168;153;1;land;false;forest;5
14403;116;114;1;land;false;plains;5
14404;182;144;1;land;false;plains;5
14405;158;223;1;land;false;forest;5
14406;180;234;1;land;false;plains;5
14407;189;199;1;land;false;plains;5
14408;171;233;1;land;false;forest;5
14409;168;203;1;land;false;forest;5
14410;169;234;1;land;false;forest;5
14411;133;216;1;land;false;forest;5
14412;209;190;1;land;false;plains;5
14413;164;238;1;land;false;forest;5
14414;194;229;1;land;false;forest;5
14415;139;250;1;land;false;plains;5
14416;208;125;1;land;false;hills;5
14417;200;138;1;land;true;plains;5
14418;158;93;1;land;true;plains;5
14419;202;139;1;land;true;hills;5
14420;154;87;1;land;true;plains;5
14421;187;187;1;land;true;mountain;5
14422;178;230;1;land;false;mountain;5
14423;173;158;1;land;false;mountain;5
14424;171;202;1;land;true;mountain;5
14425;93;131;1;land;false;plains;5
14426;126;179;1;land;false;plains;5
14427;99;105;1;land;false;plains;5
14428;144;133;1;land;false;plains;5
14429;89;144;1;land;false;hills;5
14430;134;145;1;land;false;plains;5
14431;120;168;1;land;false;plains;5
14432;103;158;1;land;false;forest;5
14433;102;113;1;land;false;plains;5
14434;138;177;1;land;false;hills;5
14435;107;157;1;land;false;plains;5
14436;123;159;1;land;false;plains;5
14437;136;137;1;land;false;plains;5
14438;142;112;1;land;false;plains;5
14439;188;33;1;land;true;plains;5
14440;240;49;1;land;false;hills;5
14441;240;53;1;land;true;plains;5
14442;82;171;1;land;true;hills;5
14443;45;209;1;land;true;hills;5
14444;39;191;1;land;true;hills;5
14445;96;191;1;land;true;hills;5
14446;75;100;1;land;true;plains;5
14447;31;137;1;land;false;plains;5
14448;12;111;1;land;false;plains;5
14449;17;148;1;land;false;plains;5
14450;72;105;1;land;true;hills;5
14451;72;130;1;land;false;plains;5
14452;27;143;1;land;false;plains;5
14453;72;106;1;land;true;plains;5
14454;48;146;1;land;true;hills;5
14455;79;112;1;land;false;plains;5
14456;17;162;1;land;true;plains;5
14457;83;155;1;land;false;plains;5
14458;51;129;1;land;false;plains;5
14459;88;108;1;land;false;plains;5
14460;25;154;1;land;false;plains;5
14461;48;131;1;land;true;hills;5
14462;31;112;1;land;false;plains;5
14463;36;148;1;land;false;plains;5
14464;80;117;1;land;false;plains;5
14465;214;250;1;land;true;plains;5
14466;227;197;1;land;true;plains;5
14467;33;244;1;land;true;hills;5
14468;54;232;1;land;true;plains;5
14469;81;214;1;land;false;hills;5
14470;33;173;1;land;false;hills;5
14471;77;206;1;land;true;hills;5
14472;31;187;1;land;false;plains;5
14473;18;182;1;land;true;hills;5
14474;76;231;1;land;false;hills;5
14475;45;203;1;land;true;hills;5
14476;77;243;1;land;true;mountain;5
14477;61;187;1;land;false;hills;5
14478;61;224;1;land;true;hills;5
14479;75;195;1;land;false;hills;5
14480;23;202;1;land;false;hills;5
14481;136;150;1;land;false;hills;5
14482;116;136;1;land;false;plains;5
14483;123;125;1;land;false;plains;5
14484;151;97;1;land;false;hills;5
14485;145;164;1;land;true;mountain;5
14486;136;158;1;land;false;plains;5
14487;118;121;1;land;false;hills;5
14488;108;142;1;land;false;hills;5
14489;178;102;1;land;false;hills;5
14490;96;193;1;land;true;plains;5
14491;11;185;1;land;true;hills;5
14492;35;242;1;land;true;hills;5
14493;27;38;1;land;true;forest;5
14494;3;0;1;land;false;plains;5
14495;13;26;1;land;true;forest;5
14496;48;9;1;land;false;hills;5
14497;30;54;1;land;true;hills;5
14498;41;20;1;land;false;hills;5
14499;133;184;1;land;false;plains;5
14500;107;161;1;land;false;mountain;5
14501;144;160;1;land;false;hills;5
14502;125;140;1;land;false;plains;5
14503;94;174;1;land;false;plains;5
14504;132;133;1;land;false;plains;5
14505;126;170;1;land;false;hills;5
14506;123;124;1;land;false;plains;5
14507;157;179;1;land;false;hills;5
14508;156;121;1;land;false;mountain;5
14509;108;152;1;land;false;plains;5
14510;112;140;1;land;false;hills;5
14511;107;156;1;land;false;hills;5
14512;139;136;1;land;true;mountain;5
14513;150;155;1;land;false;plains;5
14514;104;130;1;land;false;hills;5
14515;163;68;1;land;false;plains;5
14516;170;81;1;land;false;plains;5
14517;146;31;1;land;false;plains;5
14518;167;70;1;land;false;plains;5
14519;174;97;1;land;false;plains;5
14520;99;86;1;land;true;plains;5
14521;154;40;1;land;false;plains;5
14522;146;70;1;land;false;plains;5
14523;139;46;1;land;false;hills;5
14524;159;81;1;land;false;plains;5
14525;154;63;1;land;false;plains;5
14526;139;36;1;land;false;plains;5
14527;135;55;1;land;true;plains;5
14528;109;43;1;land;true;hills;5
14529;99;25;1;land;false;plains;5
14530;136;86;1;land;false;plains;5
14531;62;163;1;land;false;plains;5
14532;16;196;1;land;false;forest;5
14533;44;181;1;land;false;hills;5
14534;43;178;1;land;false;forest;5
14535;38;234;1;land;false;hills;5
14536;15;210;1;land;false;forest;5
14537;10;234;1;land;false;hills;5
14538;16;211;1;land;false;forest;5
14539;34;215;1;land;false;plains;5
14540;18;204;1;land;false;forest;5
14541;8;179;1;land;false;forest;5
14542;2;189;1;land;false;forest;5
14543;61;237;1;land;false;forest;5
14544;161;46;1;land;true;hills;5
14545;164;20;1;land;true;plains;5
14546;186;38;1;land;true;mountain;5
14547;138;8;1;land;false;hills;5
14548;149;38;1;land;false;plains;5
14549;117;15;1;land;false;plains;5
14550;129;67;1;land;true;hills;5
14551;166;33;1;land;false;hills;5
14552;107;64;1;land;false;plains;5
14553;116;28;1;land;false;hills;5
14554;173;22;1;land;true;plains;5
14555;17;48;1;land;false;mountain;5
14556;10;38;1;land;false;hills;5
14557;0;57;1;land;false;hills;5
14558;19;91;1;land;true;hills;5
14559;15;46;1;land;false;plains;5
14560;14;46;1;land;true;mountain;5
14561;18;49;1;land;false;hills;5
14562;14;67;1;land;false;hills;5
14563;18;37;1;land;true;plains;5
14564;177;29;1;land;false;hills;5
14565;159;11;1;land;false;plains;5
14566;168;21;1;land;false;plains;5
14567;197;13;1;land;false;plains;5
14568;183;9;1;land;false;plains;5
14569;151;81;1;land;false;forest;5
14570;143;71;1;land;false;plains;5
14571;157;52;1;land;false;forest;5
14572;177;9;1;land;false;plains;5
14573;169;45;1;land;false;plains;5
14574;183;80;1;land;false;forest;5
14575;184;18;1;land;false;hills;5
14576;143;60;1;land;false;plains;5
14577;203;82;1;land;false;forest;5
14578;139;31;1;land;false;forest;5
14579;202;69;1;land;false;plains;5
14580;203;14;1;land;false;plains;5
14581;152;226;1;land;false;plains;5
14582;168;236;1;land;true;hills;5
14583;187;228;1;land;true;hills;5
14584;153;234;1;land;false;hills;5
14585;146;244;1;land;false;plains;5
14586;148;252;1;land;false;plains;5
14587;140;225;1;land;false;hills;5
14588;210;243;1;land;true;mountain;5
14589;184;230;1;land;false;plains;5
14590;160;223;1;land;false;plains;5
14591;202;230;1;land;true;plains;5
14592;200;232;1;land;false;plains;5
14593;202;243;1;land;true;plains;5
14594;216;244;1;land;true;plains;5
14595;128;106;1;land;false;plains;5
14596;101;138;1;land;false;plains;5
14597;148;125;1;land;false;plains;5
14598;112;95;1;land;false;plains;5
14599;124;107;1;land;false;plains;5
14600;93;97;1;land;false;plains;5
14601;126;84;1;land;false;plains;5
14602;115;77;1;land;false;plains;5
14603;133;119;1;land;false;plains;5
14604;82;146;1;land;false;plains;5
14605;88;235;1;land;false;plains;5
14606;134;212;1;land;false;plains;5
14607;96;229;1;land;false;plains;5
14608;146;197;1;land;false;plains;5
14609;112;186;1;land;false;plains;5
14610;180;182;1;land;false;plains;5
14611;143;240;1;land;false;plains;5
14612;160;178;1;land;false;plains;5
14613;129;201;1;land;false;plains;5
14614;112;181;1;land;false;plains;5
14615;81;114;1;land;false;plains;5
14616;34;81;1;land;false;hills;5
14617;25;70;1;land;false;plains;5
14618;20;119;1;land;false;plains;5
14619;36;58;1;land;false;hills;5
14620;24;99;1;land;false;hills;5
14621;17;84;1;land;false;hills;5
14622;33;43;1;land;false;plains;5
14623;78;44;1;land;false;plains;5
14624;30;72;1;land;false;hills;5
14625;13;110;1;land;false;plains;5
14626;80;53;1;land;false;plains;5
14627;27;64;1;land;false;hills;5
14628;23;101;1;land;false;hills;5
14629;53;113;1;land;false;hills;5
14630;109;17;1;land;false;plains;5
14631;100;67;1;land;false;plains;5
14632;85;71;1;land;false;plains;5
14633;106;56;1;land;false;plains;5
14634;85;17;1;land;false;hills;5
14635;119;81;1;land;false;plains;5
14636;136;55;1;land;false;hills;5
14637;82;90;1;land;false;plains;5
14638;99;126;1;land;false;forest;5
14639;145;96;1;land;false;forest;5
14640;153;168;1;land;false;forest;5
14641;133;139;1;land;false;forest;5
14642;145;160;1;land;false;forest;5
14643;150;104;1;land;false;forest;5
14644;96;117;1;land;false;forest;5
14645;124;148;1;land;false;forest;5
14646;120;106;1;land;false;plains;5
14647;207;215;1;land;false;plains;5
14648;195;218;1;land;false;plains;5
14649;178;225;1;land;false;plains;5
14650;214;235;1;land;false;plains;5
14651;195;239;1;land;false;hills;5
14652;209;241;1;land;false;plains;5
14653;221;188;1;land;false;hills;5
14654;235;245;1;land;false;plains;5
14655;188;232;1;land;false;plains;5
14656;185;215;1;land;false;mountain;5
14657;215;194;1;land;false;plains;5
14658;185;189;1;land;false;plains;5
14659;177;253;1;land;false;plains;5
14660;176;217;1;land;false;plains;5
14661;132;38;1;land;false;hills;5
14662;111;62;1;land;false;hills;5
14663;65;217;1;land;false;plains;5
14664;74;168;1;land;false;plains;5
14665;52;188;1;land;false;plains;5
14666;67;205;1;land;false;plains;5
14667;81;166;1;land;false;plains;5
14668;38;187;1;land;false;plains;5
14669;78;159;1;land;false;plains;5
14670;109;165;1;land;false;plains;5
14671;98;214;1;land;false;plains;5
14672;95;199;1;land;false;plains;5
14673;58;169;1;land;false;plains;5
14674;70;194;1;land;false;plains;5
14675;230;143;1;land;true;plains;5
14676;197;107;1;land;true;plains;5
14677;248;131;1;land;true;hills;5
14678;243;164;1;land;true;plains;5
14679;243;141;1;land;true;hills;5
14680;234;156;1;land;false;plains;5
14681;147;214;1;land;false;hills;5
14682;157;254;1;land;false;hills;5
14683;108;201;1;land;false;hills;5
14684;106;201;1;land;false;mountain;5
14685;137;206;1;land;false;hills;5
14686;116;203;1;land;false;mountain;5
14687;123;209;1;land;false;mountain;5
14688;123;213;1;land;false;plains;5
14689;158;185;1;land;false;plains;5
14690;153;183;1;land;false;mountain;5
14691;162;253;1;land;false;mountain;5
14692;128;202;1;land;false;plains;5
14693;170;189;1;land;false;hills;5
14694;250;33;1;land;false;hills;5
14695;246;33;1;land;false;forest;5
14696;220;54;1;land;false;plains;5
14697;242;25;1;land;false;plains;5
14698;187;80;1;land;false;mountain;5
14699;185;86;1;land;false;forest;5
14700;182;82;1;land;false;plains;5
14701;182;100;1;land;true;plains;5
14702;157;92;1;land;true;plains;5
14703;196;122;1;land;true;plains;5
14704;201;74;1;land;false;plains;5
14705;224;19;1;land;false;hills;5
14706;202;49;1;land;false;plains;5
14707;235;34;1;land;true;hills;5
14708;168;24;1;land;true;plains;5
14709;221;32;1;land;false;plains;5
14710;205;75;1;land;false;hills;5
14711;202;75;1;land;true;plains;5
14712;178;79;1;land;false;plains;5
14713;193;70;1;land;true;plains;5
14714;193;59;1;land;false;plains;5
14715;175;84;1;land;false;hills;5
14716;236;78;1;land;true;plains;5
14717;181;35;1;land;true;hills;5
14718;192;34;1;land;false;plains;5
14719;180;31;1;land;false;plains;5
14720;179;11;1;land;true;mountain;5
14721;189;38;1;land;false;mountain;5
14722;226;206;1;land;false;forest;5
14723;217;217;1;land;false;hills;5
14724;223;248;1;land;false;hills;5
14725;220;197;1;land;false;forest;5
14726;238;245;1;land;false;forest;5
14727;249;210;1;land;false;forest;5
14728;221;234;1;land;false;forest;5
14729;223;249;1;land;false;forest;5
14730;217;197;1;land;false;forest;5
14731;238;242;1;land;false;forest;5
14732;220;239;1;land;false;forest;5
14733;217;252;1;land;false;forest;5
14734;221;229;1;land;false;forest;5
14735;118;47;1;land;false;hills;5
14736;101;64;1;land;false;mountain;5
14737;104;66;1;land;false;hills;5
14738;80;58;1;land;false;hills;5
14739;119;15;1;land;false;plains;5
14740;123;37;1;land;true;mountain;5
14741;115;44;1;land;false;plains;5
14742;67;11;1;land;false;hills;5
14743;107;15;1;land;false;hills;5
14744;114;37;1;land;false;plains;5
14745;118;17;1;land;false;hills;5
14746;95;6;1;land;true;mountain;5
14747;87;19;1;land;false;hills;5
14748;135;29;1;land;false;hills;5
14749;123;43;1;land;false;plains;5
14750;96;43;1;land;false;hills;5
14751;99;2;1;land;true;plains;5
14752;120;71;1;land;false;hills;5
14753;74;62;1;land;false;plains;5
14754;49;40;1;land;false;hills;5
14755;67;56;1;land;true;plains;5
14756;1;51;1;land;true;hills;5
14757;33;65;1;land;false;plains;5
14758;20;54;1;land;true;hills;5
14759;42;60;1;land;true;hills;5
14760;25;52;1;land;true;hills;5
14761;8;35;1;land;false;plains;5
14762;23;102;1;land;false;plains;5
14763;65;80;1;land;true;plains;5
14764;11;72;1;land;false;hills;5
14765;49;91;1;land;true;plains;5
14766;67;60;1;land;false;hills;5
14767;43;107;1;land;true;plains;5
14768;59;36;1;land;false;plains;5
14769;37;44;1;land;true;plains;5
14770;32;108;1;land;true;hills;5
14771;38;108;1;land;false;plains;5
14772;14;69;1;land;true;hills;5
14773;37;59;1;land;false;plains;5
14774;7;88;1;land;true;plains;5
14775;8;70;1;land;false;plains;5
14776;71;34;1;land;true;hills;5
14777;19;41;1;land;true;hills;5
14778;62;39;1;land;true;plains;5
14779;11;80;1;land;true;hills;5
14780;10;40;1;land;true;plains;5
14781;1;66;1;land;false;hills;5
14782;0;63;1;land;true;plains;5
14783;33;59;1;land;true;plains;5
14784;59;41;1;land;false;plains;5
14785;43;72;1;land;false;plains;5
14786;24;71;1;land;true;hills;5
14787;24;40;1;land;true;plains;5
14788;42;83;1;land;false;hills;5
14789;68;39;1;land;false;hills;5
14790;1;103;1;land;true;hills;5
14791;32;42;1;land;false;plains;5
14792;37;50;1;land;false;hills;5
14793;61;60;1;land;true;plains;5
14794;5;45;1;land;true;hills;5
14795;22;38;1;land;false;hills;5
14796;11;102;1;land;true;hills;5
14797;57;73;1;land;false;plains;5
14798;3;51;1;land;false;plains;5
14799;23;90;1;land;true;hills;5
14800;19;85;1;land;true;hills;5
14801;72;109;1;land;true;hills;5
14802;42;53;1;land;false;plains;5
14803;67;83;1;land;false;hills;5
14804;68;106;1;land;false;plains;5
14805;22;51;1;land;false;plains;5
14806;21;104;1;land;false;hills;5
14807;36;145;1;land;false;hills;5
14808;20;207;1;land;false;mountain;5
14809;30;188;1;land;true;plains;5
14810;30;153;1;land;true;hills;5
14811;46;192;1;land;false;plains;5
14812;43;195;1;land;false;hills;5
14813;4;184;1;land;true;plains;5
14814;45;201;1;land;false;hills;5
14815;1;202;1;land;false;hills;5
14816;3;175;1;land;false;hills;5
14817;4;171;1;land;false;hills;5
14818;34;173;1;land;false;mountain;5
14819;34;196;1;land;false;hills;5
14820;40;185;1;land;false;hills;5
14821;37;165;1;land;false;hills;5
14822;3;194;1;land;false;hills;5
14823;7;154;1;land;false;hills;5
14824;2;198;1;land;false;hills;5
14825;71;47;1;land;false;hills;5
14826;25;35;1;land;false;mountain;5
14827;17;18;1;land;true;hills;5
14828;51;24;1;land;true;mountain;5
14829;57;34;1;land;true;plains;5
14830;62;32;1;land;false;hills;5
14831;69;47;1;land;true;plains;5
14832;51;2;1;land;true;hills;5
14833;30;44;1;land;false;hills;5
14834;241;164;1;land;false;forest;5
14835;243;139;1;land;false;forest;5
14836;244;196;1;land;false;forest;5
14837;212;126;1;land;false;forest;5
14838;224;193;1;land;false;plains;5
14839;196;82;1;land;false;plains;5
14840;245;31;1;land;false;plains;5
14841;239;23;1;land;false;plains;5
14842;222;88;1;land;false;plains;5
14843;228;58;1;land;false;plains;5
14844;219;12;1;land;false;plains;5
14845;130;57;1;land;false;plains;5
14846;121;53;1;land;false;hills;5
14847;157;12;1;land;true;hills;5
14848;110;63;1;land;true;hills;5
14849;172;43;1;land;true;plains;5
14850;132;47;1;land;true;plains;5
14851;166;20;1;land;false;plains;5
14852;145;36;1;land;false;plains;5
14853;19;189;1;land;false;forest;5
14854;69;136;1;land;false;forest;5
14855;30;192;1;land;false;hills;5
14856;55;181;1;land;false;hills;5
14857;72;175;1;land;false;forest;5
14858;67;144;1;land;false;forest;5
14859;71;193;1;land;false;plains;5
14860;44;142;1;land;false;forest;5
14861;70;119;1;land;false;forest;5
14862;16;122;1;land;false;forest;5
14863;81;112;1;land;false;plains;5
14864;56;62;1;land;false;plains;5
14865;34;94;1;land;false;plains;5
14866;17;46;1;land;false;plains;5
14867;31;33;1;land;false;plains;5
14868;23;66;1;land;false;plains;5
14869;28;110;1;land;false;plains;5
14870;67;78;1;land;false;plains;5
14871;38;93;1;land;false;plains;5
14872;6;94;1;land;false;plains;5
14873;4;37;1;land;false;plains;5
14874;125;208;1;land;false;plains;5
14875;147;181;1;land;false;plains;5
14876;78;216;1;land;true;hills;5
14877;86;212;1;land;false;plains;5
14878;142;152;1;land;true;plains;5
14879;92;187;1;land;true;hills;5
14880;99;199;1;land;false;hills;5
14881;73;142;1;land;false;plains;5
14882;133;165;1;land;false;plains;5
14883;76;213;1;land;true;plains;5
14884;119;212;1;land;true;plains;5
14885;91;166;1;land;true;hills;5
14886;108;155;1;land;false;plains;5
14887;124;202;1;land;false;plains;5
14888;142;183;1;land;true;plains;5
14889;112;184;1;land;false;plains;5
14890;213;222;1;land;false;hills;5
14891;194;197;1;land;true;hills;5
14892;176;196;1;land;false;hills;5
14893;223;188;1;land;false;forest;5
14894;202;231;1;land;false;plains;5
14895;228;252;1;land;false;hills;5
14896;231;213;1;land;false;hills;5
14897;228;200;1;land;true;plains;5
14898;228;199;1;land;false;forest;5
14899;222;233;1;land;true;plains;5
14900;228;239;1;land;true;plains;5
14901;232;241;1;land;false;forest;5
14902;228;238;1;land;false;forest;5
14903;208;227;1;land;true;plains;5
14904;191;228;1;land;true;plains;5
14905;230;196;1;land;false;plains;5
14906;174;229;1;land;false;hills;5
14907;230;224;1;land;true;plains;5
14908;164;242;1;land;true;plains;5
14909;188;244;1;land;false;plains;5
14910;247;211;1;land;true;hills;5
14911;231;253;1;land;false;plains;5
14912;204;224;1;land;true;hills;5
14913;223;221;1;land;true;plains;5
14914;133;96;1;land;false;plains;5
14915;148;43;1;land;false;plains;5
14916;106;87;1;land;false;plains;5
14917;163;27;1;land;false;plains;5
14918;111;91;1;land;false;plains;5
14919;92;66;1;land;false;plains;5
14920;110;36;1;land;false;plains;5
14921;129;72;1;land;false;plains;5
14922;125;175;1;land;true;plains;5
14923;84;235;1;land;true;hills;5
14924;72;169;1;land;false;hills;5
14925;89;207;1;land;false;plains;5
14926;114;235;1;land;true;plains;5
14927;98;161;1;land;false;plains;5
14928;76;210;1;land;true;plains;5
14929;87;202;1;land;true;hills;5
14930;130;219;1;land;false;plains;5
14931;62;212;1;land;true;hills;5
14932;84;171;1;land;false;plains;5
14933;81;230;1;land;false;plains;5
14934;102;158;1;land;false;plains;5
14935;73;205;1;land;true;plains;5
14936;56;188;1;land;false;forest;5
14937;6;239;1;land;false;forest;5
14938;51;214;1;land;false;forest;5
14939;14;178;1;land;false;forest;5
14940;17;169;1;land;false;forest;5
14941;33;228;1;land;false;forest;5
14942;5;220;1;land;false;forest;5
14943;24;206;1;land;false;forest;5
14944;172;195;1;land;false;forest;5
14945;215;235;1;land;false;forest;5
14946;233;239;1;land;false;forest;5
14947;207;197;1;land;false;forest;5
14948;224;217;1;land;false;forest;5
14949;193;217;1;land;false;forest;5
14950;196;251;1;land;false;forest;5
14951;85;73;1;land;false;mountain;5
14952;111;83;1;land;false;mountain;5
14953;94;130;1;land;true;mountain;5
14954;90;73;1;land;false;mountain;5
14955;94;105;1;land;true;mountain;5
14956;89;117;1;land;false;mountain;5
14957;151;116;1;land;false;mountain;5
14958;145;101;1;land;false;mountain;5
14959;237;62;1;land;true;hills;5
14960;233;52;1;land;true;hills;5
14961;209;23;1;land;false;plains;5
14962;216;87;1;land;true;plains;5
14963;220;75;1;land;true;hills;5
14964;236;52;1;land;false;plains;5
14965;220;57;1;land;true;hills;5
14966;234;47;1;land;false;plains;5
14967;234;44;1;land;false;hills;5
14968;221;80;1;land;true;hills;5
14969;221;28;1;land;false;plains;5
14970;230;51;1;land;true;plains;5
14971;214;79;1;land;false;plains;5
14972;230;15;1;land;true;plains;5
14973;211;77;1;land;true;hills;5
14974;245;46;1;land;false;plains;5
14975;216;22;1;land;false;plains;5
14976;227;10;1;land;false;plains;5
14977;215;157;1;land;false;plains;5
14978;197;177;1;land;false;forest;5
14979;252;131;1;land;false;plains;5
14980;199;180;1;land;false;plains;5
14981;214;156;1;land;false;forest;5
14982;211;153;1;land;false;forest;5
14983;244;118;1;land;false;forest;5
14984;197;129;1;land;false;forest;5
14985;203;134;1;land;false;forest;5
14986;235;164;1;land;false;hills;5
14987;201;148;1;land;false;plains;5
14988;206;117;1;land;false;plains;5
14989;225;153;1;land;false;forest;5
14990;172;249;1;land;false;forest;5
14991;186;223;1;land;false;forest;5
14992;194;207;1;land;false;forest;5
14993;157;213;1;land;false;forest;5
14994;147;224;1;land;false;forest;5
14995;145;231;1;land;false;forest;5
14996;128;253;1;land;false;forest;5
14997;181;207;1;land;false;forest;5
14998;161;215;1;land;false;forest;5
14999;164;250;1;land;false;forest;5
15000;124;207;1;land;false;forest;5
15001;149;231;1;land;false;forest;5
15002;174;252;1;land;false;forest;5
15003;165;189;1;land;false;forest;5
15004;183;232;1;land;false;forest;5
15005;210;210;1;land;false;forest;5
15006;143;203;1;land;false;forest;5
15007;164;175;1;land;false;plains;5
15008;184;162;1;land;false;forest;5
15009;89;4;1;land;false;hills;5
15010;73;32;1;land;false;hills;5
15011;98;36;1;land;false;hills;5
15012;26;35;1;land;false;hills;5
15013;26;38;1;land;true;plains;5
15014;66;44;1;land;true;mountain;5
15015;90;21;1;land;false;hills;5
15016;89;19;1;land;false;plains;5
15017;110;59;1;land;false;plains;5
15018;110;46;1;land;false;plains;5
15019;124;50;1;land;false;plains;5
15020;142;11;1;land;false;plains;5
15021;120;29;1;land;false;hills;5
15022;124;8;1;land;false;plains;5
15023;125;53;1;land;false;hills;5
15024;129;36;1;land;false;hills;5
15025;93;46;1;land;false;plains;5
15026;179;133;1;land;true;plains;5
15027;117;123;1;land;true;hills;5
15028;151;158;1;land;false;hills;5
15029;182;121;1;land;true;plains;5
15030;172;116;1;land;false;hills;5
15031;115;160;1;land;true;hills;5
15032;181;64;1;land;false;hills;5
15033;214;80;1;land;false;hills;5
15034;148;249;1;land;true;plains;5
15035;131;193;1;land;false;mountain;5
15036;176;230;1;land;true;hills;5
15037;161;251;1;land;true;plains;5
15038;190;183;1;land;true;plains;5
15039;180;227;1;land;false;mountain;5
15040;181;245;1;land;true;hills;5
15041;32;122;1;land;true;hills;5
15042;66;97;1;land;false;plains;5
15043;77;70;1;land;false;plains;5
15044;18;91;1;land;false;hills;5
15045;42;124;1;land;false;plains;5
15046;57;120;1;land;false;plains;5
15047;39;62;1;land;false;plains;5
15048;19;105;1;land;false;plains;5
15049;81;117;1;land;false;hills;5
15050;62;90;1;land;false;plains;5
15051;64;110;1;land;true;plains;5
15052;70;126;1;land;true;hills;5
15053;61;79;1;land;false;plains;5
15054;10;68;1;land;false;hills;5
15055;84;112;1;land;false;hills;5
15056;63;71;1;land;false;plains;5
15057;61;55;1;land;false;hills;5
15058;62;100;1;land;false;plains;5
15059;120;103;1;land;false;plains;5
15060;95;141;1;land;false;plains;5
15061;154;141;1;land;false;hills;5
15062;139;119;1;land;false;hills;5
15063;140;128;1;land;false;hills;5
15064;127;105;1;land;false;hills;5
15065;144;91;1;land;true;mountain;5
15066;99;73;1;land;true;mountain;5
15067;138;146;1;land;false;plains;5
15068;62;88;1;land;false;plains;5
15069;66;84;1;land;true;hills;5
15070;66;77;1;land;false;plains;5
15071;37;98;1;land;false;hills;5
15072;2;45;1;land;true;plains;5
15073;62;75;1;land;false;plains;5
15074;48;85;1;land;false;plains;5
15075;60;71;1;land;true;plains;5
15076;26;74;1;land;false;plains;5
15077;36;82;1;land;true;plains;5
15078;14;87;1;land;false;hills;5
15079;64;189;1;land;true;plains;5
15080;34;166;1;land;false;hills;5
15081;55;182;1;land;true;mountain;5
15082;86;200;1;land;false;hills;5
15083;21;207;1;land;true;mountain;5
15084;38;147;1;land;false;hills;5
15085;16;143;1;land;false;hills;5
15086;54;136;1;land;true;plains;5
15087;51;137;1;land;false;mountain;5
15088;73;136;1;land;true;hills;5
15089;82;204;1;land;true;plains;5
15090;16;176;1;land;false;mountain;5
15091;84;144;1;land;false;hills;5
15092;43;176;1;land;false;hills;5
15093;25;137;1;land;true;plains;5
15094;20;156;1;land;false;mountain;5
15095;79;186;1;land;false;mountain;5
15096;73;215;1;land;true;plains;5
15097;21;195;1;land;false;hills;5
15098;16;169;1;land;true;plains;5
15099;85;138;1;land;false;hills;5
15100;238;22;1;land;false;plains;5
15101;201;65;1;land;false;plains;5
15102;208;25;1;land;false;hills;5
15103;245;17;1;land;false;hills;5
15104;243;8;1;land;false;hills;5
15105;202;42;1;land;false;plains;5
15106;234;32;1;land;false;hills;5
15107;240;1;1;land;false;hills;5
15108;248;24;1;land;false;plains;5
15109;204;19;1;land;false;plains;5
15110;232;8;1;land;false;plains;5
15111;33;88;1;land;false;hills;5
15112;36;99;1;land;false;hills;5
15113;68;42;1;land;false;plains;5
15114;90;92;1;land;false;hills;5
15115;17;65;1;land;false;plains;5
15116;65;102;1;land;false;plains;5
15117;27;77;1;land;false;forest;5
15118;12;136;1;land;false;forest;5
15119;7;130;1;land;true;mountain;5
15120;12;114;1;land;false;forest;5
15121;38;102;1;land;false;forest;5
15122;57;143;1;land;false;plains;5
15123;28;89;1;land;false;plains;5
15124;0;118;1;land;false;forest;5
15125;9;118;1;land;false;hills;5
15126;61;99;1;land;false;forest;5
15127;51;89;1;land;true;plains;5
15128;63;104;1;land;false;forest;5
15129;19;76;1;land;true;plains;5
15130;19;102;1;land;false;plains;5
15131;51;122;1;land;true;hills;5
15132;13;111;1;land;false;forest;5
15133;22;107;1;land;false;forest;5
15134;10;112;1;land;false;forest;5
15135;20;103;1;land;false;forest;5
15136;18;69;1;land;false;plains;5
15137;17;80;1;land;false;forest;5
15138;44;75;1;land;true;mountain;5
15139;40;121;1;land;false;forest;5
15140;45;66;1;land;false;plains;5
15141;87;89;1;land;false;hills;5
15142;49;90;1;land;true;hills;5
15143;78;55;1;land;false;hills;5
15144;53;29;1;land;true;plains;5
15145;164;70;1;land;false;hills;5
15146;172;119;1;land;true;plains;5
15147;125;106;1;land;false;plains;5
15148;133;103;1;land;false;hills;5
15149;172;51;1;land;true;plains;5
15150;157;122;1;land;false;plains;5
15151;175;83;1;land;true;mountain;5
15152;107;80;1;land;true;plains;5
15153;168;114;1;land;false;plains;5
15154;109;50;1;land;true;hills;5
15155;167;77;1;land;true;mountain;5
15156;146;74;1;land;false;forest;5
15157;155;111;1;land;false;plains;5
15158;161;114;1;land;false;plains;5
15159;116;65;1;land;false;hills;5
15160;132;75;1;land;true;mountain;5
15161;167;110;1;land;true;hills;5
15162;173;129;1;land;true;plains;5
15163;163;59;1;land;false;hills;5
15164;136;107;1;land;false;hills;5
15165;154;148;1;land;false;hills;5
15166;188;137;1;land;false;hills;5
15167;164;215;1;land;false;plains;5
15168;152;236;1;land;false;plains;5
15169;179;246;1;land;false;plains;5
15170;168;241;1;land;false;plains;5
15171;147;228;1;land;false;hills;5
15172;170;242;1;land;false;plains;5
15173;203;223;1;land;true;plains;5
15174;248;225;1;land;true;mountain;5
15175;244;216;1;land;false;hills;5
15176;214;229;1;land;false;hills;5
15177;202;221;1;land;true;plains;5
15178;201;245;1;land;true;plains;5
15179;252;194;1;land;false;hills;5
15180;244;220;1;land;false;mountain;5
15181;205;173;1;land;true;hills;5
15182;229;190;1;land;false;mountain;5
15183;198;172;1;land;true;plains;5
15184;203;173;1;land;false;mountain;5
15185;244;173;1;land;false;hills;5
15186;249;206;1;land;false;mountain;5
15187;253;214;1;land;true;mountain;5
15188;192;227;1;land;true;plains;5
15189;195;199;1;land;false;hills;5
15190;229;184;1;land;true;hills;5
15191;16;16;1;land;false;mountain;5
15192;65;41;1;land;true;plains;5
15193;38;13;1;land;true;mountain;5
15194;47;47;1;land;true;plains;5
15195;12;91;1;land;true;mountain;5
15196;24;34;1;land;true;mountain;5
15197;23;53;1;land;true;mountain;5
15198;219;212;1;land;true;plains;5
15199;212;210;1;land;false;hills;5
15200;220;148;1;land;false;hills;5
15201;251;198;1;land;false;plains;5
15202;228;142;1;land;false;hills;5
15203;222;158;1;land;true;mountain;5
15204;235;178;1;land;false;mountain;5
15205;217;137;1;land;true;hills;5
15206;231;173;1;land;true;plains;5
15207;237;149;1;land;false;hills;5
15208;251;213;1;land;false;hills;5
15209;253;200;1;land;false;mountain;5
15210;223;151;1;land;false;hills;5
15211;228;182;1;land;false;plains;5
15212;220;166;1;land;false;hills;5
15213;124;230;1;land;true;hills;5
15214;129;223;1;land;true;plains;5
15215;62;231;1;land;false;mountain;5
15216;70;201;1;land;true;plains;5
15217;107;226;1;land;true;plains;5
15218;72;251;1;land;false;mountain;5
15219;127;218;1;land;false;mountain;5
15220;100;208;1;land;false;hills;5
15221;97;224;1;land;true;plains;5
15222;71;40;1;land;true;mountain;5
15223;66;48;1;land;false;hills;5
15224;33;38;1;land;true;plains;5
15225;8;40;1;land;true;mountain;5
15226;47;15;1;land;false;mountain;5
15227;26;0;1;land;true;mountain;5
15228;53;6;1;land;true;mountain;5
15229;153;12;1;land;false;plains;5
15230;171;28;1;land;false;plains;5
15231;195;1;1;land;false;plains;5
15232;194;8;1;land;false;plains;5
15233;163;3;1;land;false;plains;5
15234;223;37;1;land;false;plains;5
15235;183;39;1;land;false;plains;5
15236;213;11;1;land;false;plains;5
15237;120;22;1;land;false;forest;5
15238;114;52;1;land;false;plains;5
15239;117;80;1;land;false;hills;5
15240;149;27;1;land;false;plains;5
15241;133;58;1;land;false;hills;5
15242;182;38;1;land;false;mountain;5
15243;121;56;1;land;false;forest;5
15244;180;63;1;land;false;plains;5
15245;159;22;1;land;false;hills;5
15246;151;52;1;land;false;mountain;5
15247;176;17;1;land;false;forest;5
15248;130;66;1;land;false;hills;5
15249;160;39;1;land;false;hills;5
15250;141;59;1;land;false;hills;5
15251;254;56;1;land;false;forest;5
15252;207;102;1;land;false;plains;5
15253;219;87;1;land;true;plains;5
15254;198;99;1;land;false;plains;5
15255;168;26;1;land;true;hills;5
15256;227;49;1;land;false;plains;5
15257;226;84;1;land;false;plains;5
15258;208;87;1;land;false;plains;5
15259;175;82;1;land;true;plains;5
15260;203;59;1;land;false;plains;5
15261;170;94;1;land;true;plains;5
15262;173;63;1;land;true;plains;5
15263;166;37;1;land;false;plains;5
15264;179;103;1;land;false;plains;5
15265;50;7;1;land;true;hills;5
15266;32;77;1;land;true;hills;5
15267;28;21;1;land;false;hills;5
15268;21;77;1;land;false;forest;5
15269;28;0;1;land;false;forest;5
15270;45;53;1;land;false;hills;5
15271;8;48;1;land;true;plains;5
15272;12;32;1;land;false;forest;5
15273;54;58;1;land;false;hills;5
15274;180;123;1;land;false;hills;5
15275;165;87;1;land;false;hills;5
15276;114;135;1;land;false;hills;5
15277;127;75;1;land;false;mountain;5
15278;142;124;1;land;false;plains;5
15279;148;90;1;land;false;plains;5
15280;114;77;1;land;false;mountain;5
15281;110;68;1;land;false;plains;5
15282;113;75;1;land;false;plains;5
15283;154;65;1;land;false;hills;5
15284;175;60;1;land;false;plains;5
15285;120;68;1;land;false;hills;5
15286;134;70;1;land;false;plains;5
15287;171;74;1;land;false;hills;5
15288;139;123;1;land;false;hills;5
15289;167;113;1;land;false;forest;5
15290;144;63;1;land;false;plains;5
15291;153;62;1;land;false;mountain;5
15292;170;135;1;land;false;hills;5
15293;73;172;1;land;false;plains;5
15294;27;211;1;land;false;plains;5
15295;40;207;1;land;false;plains;5
15296;85;234;1;land;false;plains;5
15297;130;158;1;land;false;hills;5
15298;90;156;1;land;true;plains;5
15299;147;166;1;land;false;hills;5
15300;157;163;1;land;false;hills;5
15301;152;182;1;land;false;plains;5
15302;110;196;1;land;false;mountain;5
15303;144;200;1;land;true;hills;5
15304;109;79;1;land;false;hills;5
15305;86;33;1;land;false;hills;5
15306;124;89;1;land;false;mountain;5
15307;99;50;1;land;false;hills;5
15308;146;19;1;land;false;hills;5
15309;135;87;1;land;false;hills;5
15310;91;94;1;land;false;plains;5
15311;105;75;1;land;false;plains;5
15312;104;22;1;land;false;mountain;5
15313;117;65;1;land;false;mountain;5
15314;116;62;1;land;false;hills;5
15315;105;69;1;land;false;mountain;5
15316;124;62;1;land;false;mountain;5
15317;120;42;1;land;false;hills;5
15318;57;147;1;land;true;plains;5
15319;87;131;1;land;true;plains;5
15320;109;151;1;land;false;forest;5
15321;102;102;1;land;true;forest;5
15322;119;118;1;land;true;hills;5
15323;84;133;1;land;true;hills;5
15324;129;207;1;land;true;plains;5
15325;22;161;1;land;false;plains;5
15326;29;115;1;land;false;hills;5
15327;55;107;1;land;false;plains;5
15328;85;241;1;land;false;plains;5
15329;41;227;1;land;false;plains;5
15330;82;252;1;land;false;plains;5
15331;82;234;1;land;false;plains;5
15332;28;243;1;land;false;hills;5
15333;69;235;1;land;false;plains;5
15334;83;246;1;land;false;plains;5
15335;50;253;1;land;false;plains;5
15336;63;241;1;land;false;plains;5
15337;53;228;1;land;false;plains;5
15338;70;188;1;land;false;plains;5
15339;50;182;1;land;false;plains;5
15340;43;240;1;land;false;plains;5
15341;43;186;1;land;false;plains;5
15342;36;249;1;land;false;plains;5
15343;191;68;1;land;false;forest;5
15344;191;5;1;land;false;hills;5
15345;222;29;1;land;false;hills;5
15346;192;59;1;land;false;forest;5
15347;236;44;1;land;false;hills;5
15348;194;55;1;land;false;forest;5
15349;198;71;1;land;false;forest;5
15350;207;9;1;land;false;hills;5
15351;246;50;1;land;false;forest;5
15352;212;62;1;land;false;forest;5
15353;246;13;1;land;false;hills;5
15354;237;50;1;land;false;forest;5
15355;225;69;1;land;false;forest;5
15356;228;15;1;land;false;hills;5
15357;254;16;1;land;false;forest;5
15358;220;3;1;land;false;forest;5
15359;210;47;1;land;false;hills;5
15360;194;4;1;land;false;mountain;5
15361;91;247;1;land;false;forest;5
15362;21;217;1;land;false;forest;5
15363;131;165;1;land;false;mountain;5
15364;121;191;1;land;false;mountain;5
15365;85;184;1;land;false;hills;5
15366;110;165;1;land;false;plains;5
15367;68;140;1;land;false;plains;5
15368;133;140;1;land;false;plains;5
15369;104;187;1;land;false;hills;5
15370;83;160;1;land;true;plains;5
15371;107;198;1;land;false;plains;5
15372;74;188;1;land;false;hills;5
15373;114;152;1;land;false;plains;5
15374;128;122;1;land;false;mountain;5
15375;133;199;1;land;false;plains;5
15376;66;155;1;land;false;mountain;5
15377;139;150;1;land;false;hills;5
15378;103;128;1;land;false;plains;5
15379;123;191;1;land;false;plains;5
15380;105;182;1;land;true;plains;5
15381;125;137;1;land;false;plains;5
15382;151;34;1;land;false;hills;5
15383;145;31;1;land;false;hills;5
15384;183;35;1;land;false;hills;5
15385;217;19;1;land;false;hills;5
15386;166;11;1;land;false;plains;5
15387;173;35;1;land;false;mountain;5
15388;209;4;1;land;false;hills;5
15389;184;21;1;land;false;plains;5
15390;194;247;1;land;false;plains;5
15391;167;242;1;land;false;plains;5
15392;162;235;1;land;false;plains;5
15393;195;193;1;land;false;plains;5
15394;188;242;1;land;false;plains;5
15395;207;232;1;land;false;plains;5
15396;175;195;1;land;false;plains;5
15397;205;231;1;land;false;plains;5
15398;219;200;1;land;false;plains;5
15399;170;249;1;land;false;plains;5
15400;191;253;1;land;false;plains;5
15401;222;197;1;land;false;plains;5
15402;215;236;1;land;false;plains;5
15403;238;240;1;land;false;plains;5
15404;189;252;1;land;false;plains;5
15405;183;200;1;land;false;plains;5
15406;227;222;1;land;false;plains;5
15407;178;215;1;land;false;plains;5
15408;167;225;1;land;false;plains;5
15409;175;242;1;land;false;plains;5
15410;217;110;1;land;true;plains;5
15411;207;146;1;land;true;mountain;5
15412;211;132;1;land;false;mountain;5
15413;216;143;1;land;false;hills;5
15414;181;138;1;land;false;mountain;5
15415;187;118;1;land;false;mountain;5
15416;232;139;1;land;true;hills;5
15417;187;93;1;land;false;hills;5
15418;109;214;1;land;false;forest;5
15419;116;208;1;land;false;forest;5
15420;246;27;1;land;false;plains;5
15421;218;34;1;land;false;plains;5
15422;241;30;1;land;false;plains;5
15423;238;39;1;land;false;plains;5
15424;228;35;1;land;false;hills;5
15425;254;5;1;land;false;plains;5
15426;205;31;1;land;false;plains;5
15427;253;112;1;land;false;forest;5
15428;186;56;1;land;false;forest;5
15429;243;68;1;land;true;mountain;5
15430;221;109;1;land;false;hills;5
15431;202;83;1;land;true;mountain;5
15432;233;55;1;land;false;hills;5
15433;246;36;1;land;false;hills;5
15434;211;85;1;land;false;hills;5
15435;211;46;1;land;false;hills;5
15436;208;47;1;land;true;mountain;5
15437;249;75;1;land;false;hills;5
15438;236;97;1;land;false;hills;5
15439;214;78;1;land;true;mountain;5
15440;233;58;1;land;false;hills;5
15441;218;91;1;land;true;mountain;5
15442;203;89;1;land;true;plains;5
15443;225;36;1;land;false;plains;5
15444;228;31;1;land;false;hills;5
15445;229;48;1;land;false;hills;5
15446;206;74;1;land;false;hills;5
15447;40;35;1;land;false;plains;5
15448;5;31;1;land;false;forest;5
15449;2;42;1;land;false;forest;5
15450;28;9;1;land;false;plains;5
15451;19;23;1;land;false;hills;5
15452;30;0;1;land;false;plains;5
15453;18;4;1;land;false;hills;5
15454;86;161;1;land;false;hills;5
15455;67;169;1;land;true;mountain;5
15456;109;121;1;land;true;mountain;5
15457;84;158;1;land;true;mountain;5
15458;99;147;1;land;false;hills;5
15459;41;93;1;land;false;hills;5
15460;82;123;1;land;false;hills;5
15461;239;128;1;land;false;hills;5
15462;213;125;1;land;false;forest;5
15463;221;85;1;land;false;forest;5
15464;225;130;1;land;false;hills;5
15465;228;130;1;land;false;forest;5
15466;230;121;1;land;false;forest;5
15467;222;85;1;land;false;hills;5
15468;214;60;1;land;false;forest;5
15469;241;85;1;land;false;forest;5
15470;226;98;1;land;false;forest;5
15471;104;236;1;land;false;forest;5
15472;105;239;1;land;false;forest;5
15473;169;237;1;land;false;hills;5
15474;173;233;1;land;false;forest;5
15475;148;254;1;land;false;forest;5
15476;144;250;1;land;false;forest;5
15477;114;204;1;land;false;forest;5
15478;159;201;1;land;false;forest;5
15479;160;247;1;land;false;forest;5
15480;126;246;1;land;false;forest;5
15481;129;218;1;land;false;forest;5
15482;46;69;1;land;true;plains;5
15483;78;105;1;land;true;plains;5
15484;43;53;1;land;true;mountain;5
15485;75;78;1;land;false;forest;5
15486;77;123;1;land;false;hills;5
15487;55;115;1;land;true;mountain;5
15488;57;95;1;land;false;hills;5
15489;79;53;1;land;false;forest;5
15490;71;109;1;land;false;mountain;5
15491;77;97;1;land;true;plains;5
15492;63;74;1;land;false;hills;5
15493;193;37;1;land;false;hills;5
15494;242;22;1;land;false;hills;5
15495;200;54;1;land;true;mountain;5
15496;199;98;1;land;false;hills;5
15497;252;33;1;land;true;hills;5
15498;246;23;1;land;true;mountain;5
15499;213;94;1;land;false;hills;5
15500;223;32;1;land;true;plains;5
15501;213;22;1;land;true;plains;5
15502;35;236;1;land;false;hills;5
15503;2;211;1;land;true;mountain;5
15504;24;228;1;land;false;hills;5
15505;13;241;1;land;true;mountain;5
15506;165;117;1;land;false;forest;5
15507;144;146;1;land;false;plains;5
15508;131;161;1;land;false;forest;5
15509;169;151;1;land;false;forest;5
15510;147;107;1;land;false;forest;5
15511;181;93;1;land;false;forest;5
15512;140;87;1;land;false;forest;5
15513;193;144;1;land;false;forest;5
15514;40;235;1;land;false;hills;5
15515;14;224;1;land;false;forest;5
15516;48;184;1;land;false;forest;5
15517;65;195;1;land;false;hills;5
15518;24;216;1;land;false;hills;5
15519;25;181;1;land;false;hills;5
15520;1;214;1;land;false;forest;5
15521;7;254;1;land;false;hills;5
15522;33;187;1;land;false;hills;5
15523;69;206;1;land;false;hills;5
15524;32;252;1;land;false;hills;5
15525;48;199;1;land;false;hills;5
15526;5;251;1;land;false;forest;5
15527;59;185;1;land;false;hills;5
15528;18;249;1;land;false;forest;5
15529;25;252;1;land;false;hills;5
15530;75;240;1;land;false;hills;5
15531;58;207;1;land;false;forest;5
15532;22;237;1;land;false;plains;5
15533;71;212;1;land;false;forest;5
15534;22;251;1;land;false;hills;5
15535;205;47;1;land;false;hills;5
15536;176;35;1;land;false;hills;5
15537;188;98;1;land;false;hills;5
15538;90;174;1;land;true;hills;4
15539;112;160;1;land;false;hills;4
15540;79;145;1;land;false;hills;4
15541;90;127;1;land;false;mountain;4
15542;68;116;1;land;false;hills;4
15543;114;142;1;land;false;hills;4
15544;94;125;1;land;false;forest;4
15545;95;190;1;land;false;hills;4
15546;79;178;1;land;false;mountain;4
15547;116;160;1;land;false;hills;4
15548;134;178;1;land;false;mountain;4
15549;93;174;1;land;false;hills;4
15550;130;187;1;land;false;forest;4
15551;98;178;1;land;false;forest;4
15552;115;146;1;land;false;hills;4
15553;99;135;1;land;false;hills;4
15554;78;146;1;land;false;forest;4
15555;103;178;1;land;false;forest;4
15556;137;134;1;land;false;jungle;4
15557;92;163;1;land;false;jungle;4
15558;118;187;1;land;false;forest;4
15559;98;167;1;land;false;hills;4
15560;95;129;1;land;true;mountain;4
15561;60;162;1;land;false;forest;4
15562;109;148;1;land;false;hills;4
15563;125;117;1;land;true;jungle;4
15564;106;36;1;land;false;forest;4
15565;69;19;1;land;false;forest;4
15566;84;18;1;land;true;plains;4
15567;109;36;1;land;false;hills;4
15568;71;18;1;land;true;plains;4
15569;172;144;1;land;false;hills;4
15570;155;135;1;land;false;hills;4
15571;166;143;1;land;false;jungle;4
15572;213;156;1;land;false;hills;4
15573;156;133;1;land;true;hills;4
15574;148;129;1;land;true;mountain;4
15575;158;189;1;land;false;forest;4
15576;208;166;1;land;false;jungle;4
15577;144;170;1;land;false;jungle;4
15578;201;204;1;land;false;hills;4
15579;190;236;1;land;false;forest;4
15580;222;207;1;land;false;forest;4
15581;231;207;1;land;false;hills;4
15582;209;235;1;land;false;hills;4
15583;228;251;1;land;true;jungle;4
15584;190;247;1;land;true;mountain;4
15585;187;226;1;land;false;forest;4
15586;198;230;1;land;false;hills;4
15587;169;213;1;land;true;forest;4
15588;163;249;1;land;true;mountain;4
15589;162;234;1;land;true;hills;4
15590;189;246;1;land;false;forest;4
15591;170;219;1;land;false;forest;4
15592;183;211;1;land;true;forest;4
15593;163;225;1;land;true;mountain;4
15594;198;218;1;land;false;mountain;4
15595;214;215;1;land;true;plains;4
15596;159;225;1;land;false;hills;4
15597;155;206;1;land;true;hills;4
15598;202;216;1;land;false;forest;4
15599;194;233;1;land;false;mountain;4
15600;166;206;1;land;false;forest;4
15601;173;238;1;land;true;forest;4
15602;73;176;1;land;false;hills;4
15603;140;213;1;land;false;plains;4
15604;84;199;1;land;false;plains;4
15605;126;177;1;land;false;plains;4
15606;101;187;1;land;false;plains;4
15607;77;199;1;land;true;plains;4
15608;121;202;1;land;false;plains;4
15609;135;242;1;land;false;plains;4
15610;121;211;1;land;false;plains;4
15611;130;28;1;land;false;hills;4
15612;177;17;1;land;false;plains;4
15613;165;78;1;land;false;forest;4
15614;132;43;1;land;false;hills;4
15615;147;44;1;land;false;plains;4
15616;167;14;1;land;false;forest;4
15617;152;52;1;land;false;hills;4
15618;176;83;1;land;false;jungle;4
15619;116;49;1;land;false;forest;4
15620;163;21;1;land;false;jungle;4
15621;145;63;1;land;false;plains;4
15622;116;48;1;land;false;hills;4
15623;161;89;1;land;false;forest;4
15624;188;66;1;land;false;hills;4
15625;118;49;1;land;false;forest;4
15626;167;83;1;land;false;hills;4
15627;128;81;1;land;false;forest;4
15628;177;14;1;land;false;hills;4
15629;114;66;1;land;false;hills;4
15630;151;87;1;land;false;mountain;4
15631;123;55;1;land;false;hills;4
15632;169;61;1;land;false;hills;4
15633;162;87;1;land;false;mountain;4
15634;169;30;1;land;false;hills;4
15635;148;35;1;land;false;jungle;4
15636;140;23;1;land;false;hills;4
15637;33;106;1;land;true;hills;4
15638;38;120;1;land;true;hills;4
15639;29;93;1;land;true;hills;4
15640;10;72;1;land;true;jungle;4
15641;35;126;1;land;true;plains;4
15642;14;93;1;land;true;plains;4
15643;8;75;1;land;true;hills;4
15644;38;111;1;land;true;hills;4
15645;30;73;1;land;true;plains;4
15646;253;113;1;land;false;hills;4
15647;241;136;1;land;false;hills;4
15648;210;90;1;land;false;hills;4
15649;203;103;1;land;false;hills;4
15650;191;105;1;land;true;desert;4
15651;195;151;1;land;false;hills;4
15652;253;131;1;land;false;hills;4
15653;201;189;1;land;false;forest;4
15654;250;152;1;land;true;mountain;4
15655;201;119;1;land;false;forest;4
15656;218;159;1;land;false;forest;4
15657;232;183;1;land;false;jungle;4
15658;238;168;1;land;false;forest;4
15659;245;123;1;land;false;mountain;4
15660;237;132;1;land;false;hills;4
15661;254;116;1;land;false;forest;4
15662;231;169;1;land;false;hills;4
15663;211;143;1;land;false;forest;4
15664;221;122;1;land;true;hills;4
15665;217;116;1;land;false;forest;4
15666;240;179;1;land;true;jungle;4
15667;254;190;1;land;true;jungle;4
15668;233;120;1;land;true;jungle;4
15669;203;172;1;land;false;forest;4
15670;238;121;1;land;false;hills;4
15671;235;193;1;land;false;hills;4
15672;242;152;1;land;false;jungle;4
15673;253;188;1;land;false;hills;4
15674;203;132;1;land;false;hills;4
15675;232;150;1;land;false;forest;4
15676;190;138;1;land;true;forest;4
15677;202;196;1;land;true;hills;4
15678;195;158;1;land;false;hills;4
15679;153;173;1;land;true;hills;4
15680;167;124;1;land;false;hills;4
15681;161;144;1;land;true;forest;4
15682;171;161;1;land;true;forest;4
15683;199;147;1;land;false;hills;4
15684;135;153;1;land;true;hills;4
15685;151;178;1;land;false;forest;4
15686;166;135;1;land;true;hills;4
15687;205;134;1;land;false;plains;4
15688;164;117;1;land;true;hills;4
15689;216;84;1;land;true;hills;4
15690;192;149;1;land;true;hills;4
15691;226;109;1;land;false;hills;4
15692;188;105;1;land;false;hills;4
15693;189;77;1;land;true;desert;4
15694;203;77;1;land;false;desert;4
15695;212;101;1;land;true;desert;4
15696;166;82;1;land;false;hills;4
15697;216;213;1;land;false;hills;4
15698;192;210;1;land;false;forest;4
15699;175;215;1;land;false;hills;4
15700;232;233;1;land;false;mountain;4
15701;218;191;1;land;false;hills;4
15702;197;213;1;land;false;desert;4
15703;218;205;1;land;false;plains;4
15704;224;223;1;land;false;mountain;4
15705;170;250;1;land;false;hills;4
15706;169;218;1;land;false;forest;4
15707;176;222;1;land;false;plains;4
15708;131;175;1;land;false;forest;4
15709;83;168;1;land;false;forest;4
15710;88;153;1;land;false;forest;4
15711;97;140;1;land;true;plains;4
15712;98;151;1;land;false;forest;4
15713;91;150;1;land;false;forest;4
15714;66;171;1;land;true;hills;4
15715;88;186;1;land;true;hills;4
15716;123;162;1;land;false;forest;4
15717;69;196;1;land;false;forest;4
15718;219;140;1;land;false;hills;4
15719;182;151;1;land;true;hills;4
15720;185;83;1;land;true;hills;4
15721;220;111;1;land;true;forest;4
15722;182;77;1;land;true;jungle;4
15723;179;123;1;land;false;forest;4
15724;204;132;1;land;true;forest;4
15725;251;152;1;land;true;hills;4
15726;211;136;1;land;true;forest;4
15727;187;121;1;land;true;hills;4
15728;12;34;1;land;true;hills;4
15729;22;100;1;land;true;forest;4
15730;49;59;1;land;false;forest;4
15731;21;60;1;land;false;hills;4
15732;1;113;1;land;true;hills;4
15733;46;83;1;land;true;hills;4
15734;205;137;1;land;false;mountain;4
15735;206;180;1;land;false;hills;4
15736;207;163;1;land;false;forest;4
15737;214;125;1;land;true;hills;4
15738;244;109;1;land;false;hills;4
15739;240;170;1;land;true;hills;4
15740;213;159;1;land;false;hills;4
15741;247;122;1;land;true;hills;4
15742;201;111;1;land;true;hills;4
15743;212;181;1;land;false;hills;4
15744;226;179;1;land;true;plains;4
15745;236;133;1;land;false;hills;4
15746;220;112;1;land;true;forest;4
15747;217;104;1;land;true;hills;4
15748;213;148;1;land;false;hills;4
15749;209;133;1;land;true;hills;4
15750;211;131;1;land;true;plains;4
15751;248;179;1;land;true;hills;4
15752;198;159;1;land;true;plains;4
15753;242;166;1;land;false;hills;4
15754;216;142;1;land;true;hills;4
15755;245;129;1;land;false;mountain;4
15756;252;126;1;land;false;hills;4
15757;204;129;1;land;true;plains;4
15758;217;133;1;land;false;hills;4
15759;226;135;1;land;true;hills;4
15760;211;130;1;land;true;plains;4
15761;254;130;1;land;false;hills;4
15762;94;26;1;land;true;plains;4
15763;69;4;1;land;false;hills;4
15764;55;56;1;land;true;mountain;4
15765;47;14;1;land;true;hills;4
15766;71;52;1;land;true;desert;4
15767;203;81;1;land;false;hills;4
15768;205;92;1;land;true;hills;4
15769;210;27;1;land;false;hills;4
15770;225;39;1;land;false;hills;4
15771;218;37;1;land;true;hills;4
15772;207;53;1;land;true;desert;4
15773;233;33;1;land;false;hills;4
15774;6;157;1;land;true;forest;4
15775;24;163;1;land;true;hills;4
15776;39;108;1;land;true;forest;4
15777;14;121;1;land;true;hills;4
15778;102;139;1;land;true;plains;4
15779;146;153;1;land;false;plains;4
15780;134;149;1;land;true;hills;4
15781;104;152;1;land;true;hills;4
15782;105;177;1;land;false;plains;4
15783;173;154;1;land;false;desert;4
15784;167;172;1;land;false;hills;4
15785;144;182;1;land;true;hills;4
15786;179;151;1;land;true;desert;4
15787;163;182;1;land;true;desert;4
15788;117;168;1;land;false;plains;4
15789;144;167;1;land;true;hills;4
15790;175;135;1;land;false;plains;4
15791;158;155;1;land;false;desert;4
15792;174;115;1;land;false;plains;4
15793;187;109;1;land;false;forest;4
15794;157;139;1;land;false;forest;4
15795;154;116;1;land;false;forest;4
15796;107;81;1;land;false;forest;4
15797;131;80;1;land;false;forest;4
15798;131;84;1;land;false;hills;4
15799;148;76;1;land;false;hills;4
15800;118;143;1;land;false;forest;4
15801;159;106;1;land;false;forest;4
15802;94;113;1;land;false;forest;4
15803;137;151;1;land;false;hills;4
15804;156;77;1;land;false;forest;4
15805;142;148;1;land;false;forest;4
15806;64;185;1;land;true;hills;4
15807;88;176;1;land;false;hills;4
15808;30;168;1;land;true;hills;4
15809;94;154;1;land;true;hills;4
15810;88;191;1;land;true;hills;4
15811;197;171;1;land;false;plains;4
15812;233;191;1;land;false;hills;4
15813;231;184;1;land;false;forest;4
15814;196;208;1;land;false;forest;4
15815;188;208;1;land;false;hills;4
15816;197;165;1;land;false;hills;4
15817;198;141;1;land;false;hills;4
15818;231;167;1;land;true;forest;4
15819;191;143;1;land;true;hills;4
15820;181;151;1;land;false;plains;4
15821;231;143;1;land;false;hills;4
15822;213;196;1;land;false;hills;4
15823;235;165;1;land;false;hills;4
15824;240;184;1;land;true;forest;4
15825;115;59;1;land;false;forest;4
15826;130;40;1;land;false;forest;4
15827;158;12;1;land;false;forest;4
15828;127;10;1;land;false;forest;4
15829;126;51;1;land;false;forest;4
15830;151;44;1;land;false;forest;4
15831;166;67;1;land;false;forest;4
15832;136;73;1;land;false;forest;4
15833;233;192;1;land;false;hills;4
15834;251;173;1;land;false;plains;4
15835;227;157;1;land;false;hills;4
15836;248;192;1;land;false;plains;4
15837;200;158;1;land;false;hills;4
15838;207;190;1;land;false;hills;4
15839;230;135;1;land;false;plains;4
15840;254;202;1;land;false;hills;4
15841;248;189;1;land;false;plains;4
15842;219;206;1;land;false;plains;4
15843;185;155;1;land;false;forest;4
15844;193;147;1;land;false;hills;4
15845;220;151;1;land;false;plains;4
15846;201;134;1;land;false;plains;4
15847;241;134;1;land;false;plains;4
15848;204;163;1;land;false;mountain;4
15849;197;148;1;land;false;plains;4
15850;192;168;1;land;false;plains;4
15851;237;165;1;land;false;plains;4
15852;254;193;1;land;false;plains;4
15853;241;176;1;land;false;hills;4
15854;205;200;1;land;false;plains;4
15855;212;147;1;land;false;plains;4
15856;167;56;1;land;true;hills;4
15857;89;5;1;land;true;hills;4
15858;131;36;1;land;true;desert;4
15859;120;66;1;land;true;hills;4
15860;145;67;1;land;true;hills;4
15861;151;26;1;land;true;desert;4
15862;62;213;1;land;false;hills;4
15863;101;180;1;land;false;hills;4
15864;137;201;1;land;false;hills;4
15865;75;211;1;land;false;forest;4
15866;125;190;1;land;false;forest;4
15867;99;200;1;land;false;forest;4
15868;63;183;1;land;false;hills;4
15869;76;184;1;land;false;hills;4
15870;87;182;1;land;false;hills;4
15871;112;200;1;land;false;plains;4
15872;75;181;1;land;false;jungle;4
15873;93;254;1;land;false;hills;4
15874;102;188;1;land;false;jungle;4
15875;140;198;1;land;false;hills;4
15876;136;195;1;land;true;forest;4
15877;140;208;1;land;true;plains;4
15878;204;206;1;land;false;hills;4
15879;149;186;1;land;false;forest;4
15880;158;210;1;land;false;hills;4
15881;203;213;1;land;true;forest;4
15882;207;162;1;land;true;forest;4
15883;145;200;1;land;true;plains;4
15884;156;211;1;land;false;plains;4
15885;172;227;1;land;false;hills;4
15886;116;199;1;land;false;hills;4
15887;166;196;1;land;false;hills;4
15888;117;235;1;land;false;plains;4
15889;115;192;1;land;false;plains;4
15890;150;200;1;land;false;mountain;4
15891;166;207;1;land;false;plains;4
15892;139;191;1;land;false;forest;4
15893;111;212;1;land;false;forest;4
15894;165;193;1;land;false;hills;4
15895;106;166;1;land;false;hills;4
15896;181;158;1;land;false;forest;4
15897;105;222;1;land;false;hills;4
15898;181;210;1;land;false;hills;4
15899;134;208;1;land;false;forest;4
15900;151;204;1;land;false;forest;4
15901;126;200;1;land;false;hills;4
15902;155;221;1;land;false;hills;4
15903;164;146;1;land;false;forest;4
15904;157;155;1;land;false;plains;4
15905;218;146;1;land;false;forest;4
15906;212;165;1;land;false;hills;4
15907;181;104;1;land;false;plains;4
15908;232;146;1;land;false;forest;4
15909;227;133;1;land;false;hills;4
15910;229;129;1;land;false;hills;4
15911;21;54;1;land;true;hills;4
15912;35;39;1;land;false;hills;4
15913;49;31;1;land;true;hills;4
15914;20;57;1;land;false;hills;4
15915;56;12;1;land;true;hills;4
15916;36;36;1;land;true;hills;4
15917;42;50;1;land;false;hills;4
15918;39;54;1;land;true;hills;4
15919;12;13;1;land;true;hills;4
15920;95;237;1;land;false;mountain;1
15921;91;236;1;land;false;forest;1
15922;123;249;1;land;false;hills;1
15923;102;224;1;land;false;hills;1
15924;108;216;1;land;true;mountain;1
15925;115;234;1;land;false;hills;1
15926;134;232;1;land;true;hills;1
15927;147;222;1;land;false;mountain;1
15928;161;253;1;land;false;hills;1
15929;121;239;1;land;false;hills;1
15930;114;223;1;land;true;forest;1
15931;162;252;1;land;false;hills;1
15932;97;215;1;land;true;mountain;1
15933;143;245;1;land;true;hills;1
15934;123;232;1;land;false;hills;1
15935;159;236;1;land;false;hills;1
15936;142;226;1;land;false;hills;1
15937;149;248;1;land;false;hills;1
15938;116;232;1;land;false;hills;1
15939;103;240;1;land;false;hills;1
15940;153;222;1;land;false;hills;1
15941;190;47;1;land;true;hills;1
15942;150;67;1;land;true;forest;1
15943;167;91;1;land;true;hills;1
15944;129;43;1;land;true;hills;1
15945;128;60;1;land;true;hills;1
15946;120;83;1;land;true;hills;1
15947;178;27;1;land;true;hills;1
15948;187;14;1;land;true;forest;1
15949;26;136;1;land;false;forest;1
15950;6;170;1;land;true;plains;1
15951;34;172;1;land;true;plains;1
15952;60;178;1;land;false;hills;1
15953;91;216;1;land;false;hills;1
15954;77;173;1;land;false;hills;1
15955;61;244;1;land;false;hills;1
15956;105;183;1;land;false;hills;1
15957;71;219;1;land;false;mountain;1
15958;58;113;1;land;false;hills;1
15959;64;87;1;land;false;hills;1
15960;52;126;1;land;true;jungle;1
15961;51;62;1;land;false;hills;1
15962;73;83;1;land;false;forest;1
15963;40;99;1;land;true;hills;1
15964;94;128;1;land;false;hills;1
15965;77;63;1;land;true;mountain;1
15966;66;81;1;land;true;jungle;1
15967;107;126;1;land;false;jungle;1
15968;73;120;1;land;false;forest;1
15969;236;215;1;land;true;hills;1
15970;186;249;1;land;true;hills;1
15971;238;222;1;land;false;hills;1
15972;206;242;1;land;true;mountain;1
15973;187;200;1;land;true;jungle;1
15974;178;224;1;land;true;mountain;1
15975;215;214;1;land;false;hills;1
15976;187;221;1;land;true;plains;1
15977;203;239;1;land;true;hills;1
15978;174;254;1;land;true;jungle;1
15979;222;217;1;land;false;mountain;1
15980;204;215;1;land;true;hills;1
15981;201;220;1;land;true;mountain;1
15982;206;241;1;land;true;jungle;1
15983;249;212;1;land;false;jungle;1
15984;228;241;1;land;false;hills;1
15985;213;254;1;land;true;forest;1
15986;216;215;1;land;false;jungle;1
15987;14;252;1;land;false;forest;1
15988;39;210;1;land;true;hills;1
15989;16;222;1;land;true;forest;1
15990;28;220;1;land;true;forest;1
15991;0;232;1;land;true;forest;1
15992;43;200;1;land;true;forest;1
15993;10;252;1;land;false;hills;1
15994;17;241;1;land;false;hills;1
15995;15;237;1;land;false;forest;1
15996;1;211;1;land;true;hills;1
15997;7;207;1;land;false;forest;1
15998;4;200;1;land;true;forest;1
15999;8;231;1;land;false;mountain;1
16000;23;200;1;land;false;forest;1
16001;16;201;1;land;true;hills;1
16002;8;250;1;land;true;hills;1
16003;42;238;1;land;true;forest;1
16004;2;6;1;land;false;forest;1
16005;4;28;1;land;false;forest;1
16006;14;14;1;land;true;hills;1
16007;30;28;1;land;true;forest;1
16008;11;8;1;land;true;forest;1
16009;28;30;1;land;true;hills;1
16010;33;29;1;land;false;hills;1
16011;4;23;1;land;false;hills;1
16012;33;33;1;land;false;hills;1
16013;25;32;1;land;false;hills;1
16014;29;3;1;land;false;hills;1
16015;6;5;1;land;true;hills;1
16016;52;39;1;land;true;forest;1
16017;32;33;1;land;true;hills;1
16018;33;4;1;land;false;forest;1
16019;28;18;1;land;true;hills;1
16020;7;5;1;land;true;forest;1
16021;44;17;1;land;false;forest;1
16022;28;3;1;land;true;forest;1
16023;23;1;1;land;false;hills;1
16024;50;19;1;land;false;hills;1
16025;40;21;1;land;true;hills;1
16026;27;9;1;land;false;jungle;1
16027;31;34;1;land;false;hills;1
16028;231;150;1;land;true;hills;1
16029;241;147;1;land;true;hills;1
16030;235;156;1;land;false;hills;1
16031;244;167;1;land;true;mountain;1
16032;209;157;1;land;false;forest;1
16033;230;149;1;land;true;hills;1
16034;244;100;1;land;false;mountain;1
16035;239;119;1;land;true;forest;1
16036;254;143;1;land;true;forest;1
16037;236;114;1;land;true;hills;1
16038;206;137;1;land;true;forest;1
16039;220;152;1;land;true;forest;1
16040;244;157;1;land;true;forest;1
16041;218;162;1;land;false;hills;1
16042;234;169;1;land;false;hills;1
16043;208;124;1;land;false;plains;1
16044;223;158;1;land;true;mountain;1
16045;236;100;1;land;false;forest;1
16046;252;103;1;land;true;forest;1
16047;223;156;1;land;true;forest;1
16048;250;153;1;land;true;mountain;1
16049;217;143;1;land;false;mountain;1
16050;240;164;1;land;true;hills;1
16051;140;34;1;land;true;forest;1
16052;17;199;1;land;true;hills;1
16053;47;149;1;land;true;forest;1
16054;45;210;1;land;false;forest;1
16055;65;183;1;land;true;hills;1
16056;27;137;1;land;true;forest;1
16057;39;129;1;land;true;hills;1
16058;32;183;1;land;true;hills;1
16059;36;209;1;land;true;hills;1
16060;41;164;1;land;false;hills;1
16061;1;176;1;land;false;forest;1
16062;45;180;1;land;true;hills;1
16063;153;2;1;land;false;mountain;1
16064;136;34;1;land;false;hills;1
16065;105;47;1;land;false;forest;1
16066;83;27;1;land;false;plains;1
16067;104;29;1;land;false;forest;1
16068;128;34;1;land;false;forest;1
16069;177;147;1;land;false;forest;1
16070;195;149;1;land;false;forest;1
16071;204;116;1;land;true;forest;1
16072;156;89;1;land;false;forest;1
16073;171;126;1;land;false;forest;1
16074;198;146;1;land;false;forest;1
16075;221;113;1;land;false;forest;1
16076;231;119;1;land;true;hills;1
16077;161;94;1;land;false;forest;1
16078;214;75;1;land;false;hills;1
16079;223;149;1;land;true;hills;1
16080;171;147;1;land;false;hills;1
16081;199;132;1;land;false;forest;1
16082;193;22;1;land;true;mountain;1
16083;240;33;1;land;true;forest;1
16084;205;36;1;land;false;hills;1
16085;242;26;1;land;false;hills;1
16086;215;12;1;land;true;hills;1
16087;252;39;1;land;true;forest;1
16088;210;34;1;land;false;hills;1
16089;215;8;1;land;false;forest;1
16090;210;26;1;land;true;hills;1
16091;207;17;1;land;true;forest;1
16092;188;27;1;land;true;forest;1
16093;217;34;1;land;false;hills;1
16094;220;18;1;land;true;mountain;1
16095;98;34;1;land;true;plains;1
16096;61;44;1;land;true;hills;1
16097;12;251;1;land;true;mountain;1
16098;163;175;1;land;false;forest;1
16099;155;130;1;land;true;hills;1
16100;174;188;1;land;true;forest;1
16101;147;131;1;land;true;hills;1
16102;164;101;1;land;true;hills;1
16103;185;44;1;land;false;hills;1
16104;174;55;1;land;false;forest;1
16105;172;37;1;land;true;hills;1
16106;160;109;1;land;true;forest;1
16107;32;142;1;land;true;hills;1
16108;94;89;1;land;false;forest;1
16109;54;115;1;land;true;mountain;1
16110;119;110;1;land;false;mountain;1
16111;87;154;1;land;false;hills;1
16112;111;150;1;land;false;forest;1
16113;54;163;1;land;false;hills;1
16114;114;99;1;land;false;hills;1
16115;109;159;1;land;false;hills;1
16116;74;96;1;land;true;hills;1
16117;75;110;1;land;false;mountain;1
16118;99;129;1;land;false;hills;1
16119;62;108;1;land;false;jungle;1
16120;113;167;1;land;false;forest;1
16121;62;155;1;land;false;hills;1
16122;50;97;1;land;false;forest;1
16123;121;125;1;land;false;forest;1
16124;84;89;1;land;false;hills;1
16125;97;120;1;land;false;hills;1
16126;98;145;1;land;false;forest;1
16127;190;186;1;land;true;hills;1
16128;225;226;1;land;false;hills;1
16129;210;201;1;land;false;forest;1
16130;178;207;1;land;false;jungle;1
16131;184;171;1;land;false;hills;1
16132;196;162;1;land;false;jungle;1
16133;157;201;1;land;false;forest;1
16134;216;209;1;land;true;hills;1
16135;180;226;1;land;false;forest;1
16136;207;230;1;land;false;mountain;1
16137;165;174;1;land;true;hills;1
16138;196;170;1;land;false;hills;1
16139;199;201;1;land;false;hills;1
16140;222;191;1;land;false;forest;1
16141;159;190;1;land;false;jungle;1
16142;213;199;1;land;false;forest;1
16143;202;188;1;land;false;forest;1
16144;250;20;1;land;false;mountain;1
16145;219;3;1;land;true;mountain;1
16146;202;148;1;land;false;plains;2
16147;218;142;1;land;false;plains;2
16148;211;97;1;land;true;hills;2
16149;252;139;1;land;true;mountain;2
16150;191;142;1;land;true;hills;2
16151;213;107;1;land;false;plains;2
16152;191;127;1;land;true;mountain;2
16153;208;147;1;land;false;plains;2
16154;248;221;1;land;false;plains;2
16155;235;233;1;land;false;plains;2
16156;246;251;1;land;false;plains;2
16157;245;226;1;land;false;plains;2
16158;239;139;1;land;true;hills;2
16159;201;146;1;land;true;hills;2
16160;193;102;1;land;true;hills;2
16161;207;92;1;land;true;plains;2
16162;210;133;1;land;true;hills;2
16163;212;99;1;land;true;plains;2
16164;202;158;1;land;true;hills;2
16165;209;131;1;land;true;hills;2
16166;249;163;1;land;true;hills;2
16167;249;121;1;land;true;plains;2
16168;216;114;1;land;true;hills;2
16169;56;213;1;land;false;plains;2
16170;49;162;1;land;false;plains;2
16171;49;199;1;land;true;plains;2
16172;23;145;1;land;true;hills;2
16173;27;171;1;land;true;plains;2
16174;9;167;1;land;false;plains;2
16175;34;137;1;land;false;plains;2
16176;33;158;1;land;false;plains;2
16177;65;202;1;land;true;hills;2
16178;61;191;1;land;false;plains;2
16179;22;162;1;land;true;plains;2
16180;46;115;1;land;false;plains;2
16181;59;126;1;land;true;hills;2
16182;119;114;1;land;false;plains;2
16183;50;135;1;land;false;plains;2
16184;99;62;1;land;false;hills;2
16185;51;86;1;land;false;plains;2
16186;106;75;1;land;false;plains;2
16187;81;109;1;land;false;plains;2
16188;96;82;1;land;false;plains;2
16189;104;67;1;land;false;plains;2
16190;79;120;1;land;true;plains;2
16191;93;82;1;land;true;plains;2
16192;112;62;1;land;true;plains;2
16193;58;82;1;land;false;hills;2
16194;16;157;1;land;false;plains;2
16195;35;134;1;land;true;mountain;2
16196;2;187;1;land;true;hills;2
16197;143;163;1;land;true;hills;2
16198;166;173;1;land;true;plains;2
16199;194;180;1;land;true;plains;2
16200;50;195;1;land;true;plains;2
16201;26;226;1;land;false;hills;2
16202;54;179;1;land;false;plains;2
16203;41;215;1;land;true;hills;2
16204;20;220;1;land;false;plains;2
16205;56;197;1;land;true;plains;2
16206;32;184;1;land;true;hills;2
16207;43;179;1;land;false;plains;2
16208;20;217;1;land;false;plains;2
16209;40;212;1;land;true;hills;2
16210;75;183;1;land;false;plains;2
16211;76;187;1;land;true;hills;2
16212;55;221;1;land;false;plains;2
16213;69;225;1;land;false;hills;2
16214;47;247;1;land;false;plains;2
16215;41;228;1;land;true;hills;2
16216;43;189;1;land;false;hills;2
16217;33;190;1;land;false;plains;2
16218;8;152;1;land;true;hills;2
16219;4;137;1;land;false;plains;2
16220;6;192;1;land;false;plains;2
16221;35;185;1;land;false;plains;2
16222;50;140;1;land;true;hills;2
16223;71;192;1;land;false;plains;2
16224;37;194;1;land;false;plains;2
16225;58;144;1;land;false;hills;2
16226;21;149;1;land;false;plains;2
16227;54;173;1;land;false;hills;2
16228;60;127;1;land;true;hills;2
16229;168;62;1;land;false;plains;2
16230;168;88;1;land;false;plains;2
16231;164;6;1;land;false;hills;3
16232;140;44;1;land;false;hills;3
16233;136;9;1;land;false;plains;3
16234;190;8;1;land;false;plains;3
16235;134;200;1;land;true;hills;3
16236;173;230;1;land;true;hills;3
16237;127;171;1;land;true;hills;3
16238;200;215;1;land;false;plains;3
16239;126;180;1;land;true;hills;3
16240;195;222;1;land;false;plains;3
16241;194;243;1;land;true;hills;3
16242;219;124;1;land;true;hills;3
16243;215;127;1;land;true;plains;3
16244;247;126;1;land;false;plains;3
16245;236;95;1;land;true;plains;3
16246;235;88;1;land;true;plains;3
16247;221;106;1;land;true;plains;3
16248;247;83;1;land;true;hills;3
16249;239;122;1;land;false;plains;3
16250;250;102;1;land;true;hills;3
16251;242;120;1;land;true;hills;3
16252;249;125;1;land;false;plains;3
16253;222;65;1;land;false;plains;3
16254;253;106;1;land;false;plains;3
16255;211;121;1;land;true;hills;3
16256;246;63;1;land;true;plains;3
16257;215;102;1;land;true;hills;3
16258;235;114;1;land;false;hills;3
16259;221;79;1;land;true;hills;3
16260;240;131;1;land;false;plains;3
16261;219;94;1;land;false;plains;3
16262;230;120;1;land;false;hills;3
16263;244;134;1;land;false;plains;3
16264;231;115;1;land;false;plains;3
16265;241;106;1;land;false;plains;3
16266;240;128;1;land;true;hills;3
16267;213;135;1;land;false;plains;3
16268;78;23;1;land;false;plains;3
16269;52;36;1;land;true;mountain;3
16270;63;3;1;land;true;hills;3
16271;72;11;1;land;true;hills;3
16272;85;22;1;land;true;hills;3
16273;48;11;1;land;true;hills;3
16274;92;33;1;land;true;hills;3
16275;73;14;1;land;false;plains;3
16276;77;53;1;land;false;plains;3
16277;60;21;1;land;false;hills;3
16278;63;30;1;land;true;plains;3
16279;94;3;1;land;false;plains;3
16280;53;15;1;land;false;plains;3
16281;70;33;1;land;true;plains;3
16282;95;2;1;land;true;plains;3
16283;77;22;1;land;false;plains;3
16284;92;7;1;land;true;plains;3
16285;89;38;1;land;false;plains;3
16286;125;30;1;land;false;plains;3
16287;102;43;1;land;true;mountain;3
16288;87;30;1;land;true;hills;3
16289;115;11;1;land;true;plains;3
16290;108;48;1;land;true;plains;3
16291;87;4;1;land;true;plains;3
16292;58;48;1;land;false;hills;3
16293;92;37;1;land;true;hills;3
16294;78;20;1;land;true;plains;3
16295;72;44;1;land;true;plains;3
16296;102;49;1;land;true;hills;3
16297;125;6;1;land;true;hills;3
16298;49;48;1;land;true;hills;3
16299;99;16;1;land;true;hills;3
16300;80;26;1;land;true;hills;3
16301;83;54;1;land;false;plains;3
16302;125;20;1;land;true;plains;3
16303;122;24;1;land;false;plains;3
16304;109;30;1;land;true;hills;3
16305;95;16;1;land;true;hills;3
16306;72;39;1;land;true;hills;3
16307;74;72;1;land;true;plains;3
16308;110;43;1;land;true;plains;3
16309;176;96;1;land;false;plains;3
16310;160;98;1;land;false;plains;3
16311;194;49;1;land;false;plains;3
16312;157;108;1;land;true;plains;3
16313;208;34;1;land;false;plains;3
16314;199;94;1;land;false;plains;3
16315;140;81;1;land;true;plains;3
16316;183;57;1;land;true;plains;3
16317;210;71;1;land;false;hills;3
16318;143;78;1;land;true;hills;3
16319;162;109;1;land;true;plains;3
16320;188;53;1;land;false;plains;3
16321;205;35;1;land;false;plains;3
16322;131;85;1;land;false;plains;3
16323;151;98;1;land;true;hills;3
16324;146;64;1;land;false;plains;3
16325;158;111;1;land;false;plains;3
16326;33;108;1;land;false;hills;3
16327;16;121;1;land;true;hills;3
16328;29;144;1;land;true;hills;3
16329;10;122;1;land;true;hills;3
16330;56;141;1;land;false;plains;3
16331;35;117;1;land;false;hills;3
16332;33;151;1;land;false;hills;3
16333;46;131;1;land;true;mountain;3
16334;6;109;1;land;true;hills;3
16335;3;102;1;land;true;plains;3
16336;50;164;1;land;false;hills;3
16337;3;92;1;land;false;hills;3
16338;25;112;1;land;true;hills;3
16339;38;100;1;land;true;plains;3
16340;25;165;1;land;true;plains;3
16341;43;110;1;land;false;plains;3
16342;10;120;1;land;true;hills;3
16343;35;87;1;land;false;hills;3
16344;41;241;1;land;true;hills;3
16345;48;204;1;land;true;hills;3
16346;52;251;1;land;true;hills;3
16347;48;254;1;land;false;plains;3
16348;8;199;1;land;true;hills;3
16349;39;213;1;land;true;hills;3
16350;21;220;1;land;false;plains;3
16351;22;207;1;land;true;hills;3
16352;7;238;1;land;false;plains;3
16353;0;233;1;land;true;hills;3
16354;81;77;1;land;false;plains;3
16355;89;83;1;land;false;plains;3
16356;55;87;1;land;false;plains;3
16357;53;77;1;land;false;plains;3
16358;88;11;1;land;false;plains;3
16359;99;27;1;land;false;hills;3
16360;125;34;1;land;false;plains;3
16361;61;49;1;land;false;plains;3
16362;227;150;1;land;true;hills;3
16363;181;183;1;land;false;plains;3
16364;170;148;1;land;true;hills;3
16365;193;142;1;land;true;hills;3
16366;189;171;1;land;true;hills;3
16367;179;160;1;land;true;hills;3
16368;198;180;1;land;false;plains;3
16369;223;134;1;land;false;plains;3
16370;225;184;1;land;true;hills;3
16371;215;150;1;land;false;plains;3
16372;238;114;1;land;false;plains;3
16373;253;183;1;land;false;plains;3
16374;194;121;1;land;true;hills;3
16375;254;167;1;land;false;plains;3
16376;223;126;1;land;true;plains;3
16377;191;172;1;land;false;plains;3
16378;234;103;1;land;false;plains;3
16379;236;84;1;land;true;plains;3
16380;252;80;1;land;false;hills;3
16381;244;111;1;land;true;plains;3
16382;209;39;1;land;true;mountain;3
16383;218;70;1;land;true;hills;3
16384;210;87;1;land;true;hills;3
16385;246;70;1;land;false;plains;3
16386;208;65;1;land;true;plains;3
16387;220;80;1;land;true;hills;3
16388;215;84;1;land;true;hills;3
16389;212;93;1;land;true;plains;3
16390;251;57;1;land;false;hills;3
16391;63;210;1;land;true;hills;3
16392;26;207;1;land;true;plains;3
16393;37;221;1;land;false;plains;3
16394;79;223;1;land;true;hills;3
16395;80;179;1;land;true;hills;3
16396;82;206;1;land;true;plains;3
16397;231;137;1;land;true;hills;3
16398;248;113;1;land;true;hills;3
16399;239;95;1;land;true;hills;3
16400;220;100;1;land;false;plains;3
16401;194;105;1;land;false;plains;3
16402;218;163;1;land;true;plains;3
16403;247;158;1;land;false;plains;3
16404;205;142;1;land;true;hills;3
16405;201;90;1;land;true;hills;3
16406;230;142;1;land;true;hills;3
16407;187;162;1;land;true;hills;3
16408;187;157;1;land;false;plains;3
16409;233;143;1;land;true;hills;3
16410;219;154;1;land;true;plains;3
16411;212;110;1;land;false;plains;3
16412;193;131;1;land;false;hills;3
16413;204;99;1;land;true;hills;3
16414;233;117;1;land;false;plains;3
16415;198;54;1;land;false;plains;3
16416;218;79;1;land;true;hills;3
16417;196;78;1;land;false;plains;3
16418;225;115;1;land;true;plains;3
16419;246;94;1;land;true;hills;3
16420;242;70;1;land;false;plains;3
16421;55;194;1;land;false;hills;7
16422;21;187;1;land;false;plains;7
16423;12;184;1;land;false;plains;7
16424;38;224;1;land;false;plains;7
16425;35;180;1;land;false;hills;7
16426;69;168;1;land;false;plains;7
16427;14;147;1;land;false;plains;7
16428;63;173;1;land;true;hills;7
16429;60;179;1;land;false;plains;7
16430;24;180;1;land;true;hills;7
16431;19;194;1;land;false;plains;7
16432;56;177;1;land;false;plains;7
16433;1;133;1;land;false;plains;7
16434;15;225;1;land;true;hills;7
16435;32;198;1;land;false;hills;7
16436;23;233;1;land;false;plains;7
16437;14;247;1;land;false;plains;7
16438;1;191;1;land;false;plains;7
16439;8;200;1;land;true;hills;7
16440;9;209;1;land;false;plains;7
16441;228;74;1;land;false;plains;7
16442;221;120;1;land;false;plains;7
16443;194;117;1;land;false;plains;7
16444;253;55;1;land;false;plains;7
16445;126;166;1;land;true;plains;7
16446;126;99;1;land;true;plains;7
16447;175;121;1;land;false;plains;7
16448;141;134;1;land;true;hills;7
16449;123;170;1;land;true;hills;7
16450;138;125;1;land;true;hills;7
16451;113;115;1;land;false;plains;7
16452;130;118;1;land;false;hills;7
16453;130;156;1;land;true;hills;7
16454;175;102;1;land;true;hills;7
16455;129;154;1;land;false;plains;7
16456;75;89;1;land;true;hills;7
16457;114;123;1;land;true;hills;7
16458;87;106;1;land;true;hills;7
16459;121;152;1;land;true;plains;7
16460;106;156;1;land;true;hills;7
16461;86;90;1;land;true;plains;7
16462;114;96;1;land;false;plains;7
16463;79;157;1;land;true;plains;7
16464;139;96;1;land;true;hills;7
16465;128;87;1;land;true;forest;7
16466;66;134;1;land;false;hills;7
16467;131;83;1;land;true;forest;7
16468;87;96;1;land;false;hills;7
16469;124;141;1;land;false;plains;7
16470;70;134;1;land;true;hills;7
16471;109;85;1;land;true;hills;7
16472;110;84;1;land;false;hills;7
16473;130;82;1;land;true;plains;7
16474;133;117;1;land;true;plains;7
16475;66;130;1;land;false;plains;7
16476;73;109;1;land;false;hills;7
16477;119;116;1;land;true;hills;7
16478;115;136;1;land;true;hills;7
16479;114;129;1;land;false;hills;7
16480;117;152;1;land;false;plains;7
16481;65;66;1;land;false;plains;7
16482;15;75;1;land;false;plains;7
16483;26;81;1;land;false;plains;7
16484;15;98;1;land;false;plains;7
16485;38;103;1;land;false;hills;7
16486;37;96;1;land;false;plains;7
16487;40;34;1;land;false;plains;7
16488;68;85;1;land;false;plains;7
16489;63;77;1;land;false;plains;7
16490;49;75;1;land;true;plains;7
16491;69;68;1;land;false;plains;7
16492;78;80;1;land;false;hills;7
16493;33;87;1;land;false;plains;7
16494;89;127;1;land;true;hills;7
16495;92;75;1;land;false;hills;7
16496;34;88;1;land;false;hills;7
16497;26;115;1;land;false;plains;7
16498;216;148;1;land;false;plains;7
16499;192;194;1;land;true;hills;7
16500;211;177;1;land;true;hills;7
16501;213;149;1;land;false;plains;7
16502;178;202;1;land;true;hills;7
16503;190;189;1;land;true;hills;7
16504;192;151;1;land;false;plains;7
16505;222;180;1;land;false;plains;7
16506;180;133;1;land;false;hills;7
16507;202;132;1;land;false;plains;7
16508;191;178;1;land;false;hills;7
16509;234;152;1;land;false;hills;7
16510;192;181;1;land;false;hills;7
16511;124;182;1;land;true;plains;7
16512;179;145;1;land;false;hills;7
16513;144;105;1;land;true;plains;7
16514;127;150;1;land;true;hills;7
16515;137;133;1;land;true;plains;7
16516;137;145;1;land;true;plains;7
16517;250;115;1;land;true;plains;7
16518;221;89;1;land;false;plains;7
16519;231;111;1;land;true;mountain;7
16520;202;91;1;land;true;hills;7
16521;248;100;1;land;true;plains;7
16522;244;127;1;land;true;plains;7
16523;201;89;1;land;false;plains;7
16524;228;72;1;land;false;plains;7
16525;232;63;1;land;true;hills;7
16526;243;113;1;land;true;hills;7
16527;214;87;1;land;true;plains;7
16528;37;58;1;land;true;hills;7
16529;12;96;1;land;false;hills;7
16530;2;47;1;land;true;plains;7
16531;7;41;1;land;false;plains;7
16532;33;101;1;land;false;plains;7
16533;4;64;1;land;true;hills;7
16534;30;70;1;land;false;plains;7
16535;37;89;1;land;false;plains;7
16536;2;39;1;land;false;plains;7
16537;26;23;1;land;true;plains;7
16538;12;41;1;land;true;plains;7
16539;39;72;1;land;false;hills;7
16540;8;57;1;land;false;plains;7
16541;35;53;1;land;true;hills;7
16542;44;12;1;land;false;plains;7
16543;26;72;1;land;false;plains;7
16544;90;170;1;land;true;hills;7
16545;153;167;1;land;false;plains;7
16546;123;187;1;land;true;plains;7
16547;91;162;1;land;false;hills;7
16548;125;163;1;land;true;hills;7
16549;156;162;1;land;false;hills;7
16550;141;181;1;land;true;plains;7
16551;165;194;1;land;false;hills;7
16552;137;181;1;land;true;hills;7
16553;173;49;1;land;true;forest;7
16554;159;84;1;land;false;forest;7
16555;151;55;1;land;true;forest;7
16556;139;90;1;land;true;hills;7
16557;177;104;1;land;true;forest;7
16558;140;70;1;land;true;hills;7
16559;185;81;1;land;true;forest;7
16560;134;102;1;land;true;hills;7
16561;160;59;1;land;false;forest;7
16562;140;122;1;land;false;forest;7
16563;138;87;1;land;true;forest;7
16564;162;111;1;land;true;hills;7
16565;157;80;1;land;true;forest;7
16566;144;79;1;land;true;forest;7
16567;120;81;1;land;true;hills;7
16568;157;112;1;land;true;hills;7
16569;129;71;1;land;false;forest;7
16570;182;75;1;land;false;forest;7
16571;135;115;1;land;true;hills;7
16572;159;91;1;land;true;forest;7
16573;118;119;1;land;false;forest;7
16574;144;99;1;land;true;hills;7
16575;160;94;1;land;false;forest;7
16576;112;119;1;land;false;forest;7
16577;166;64;1;land;true;hills;7
16578;109;117;1;land;true;hills;7
16579;115;117;1;land;true;hills;7
16580;172;122;1;land;true;hills;7
16581;146;86;1;land;true;forest;7
16582;166;118;1;land;false;forest;7
16583;29;14;1;land;true;forest;7
16584;15;27;1;land;true;hills;7
16585;4;45;1;land;true;hills;7
16586;32;51;1;land;true;hills;7
16587;15;2;1;land;true;jungle;7
16588;24;20;1;land;true;jungle;7
16589;38;23;1;land;true;jungle;7
16590;15;33;1;land;true;forest;7
16591;7;1;1;land;true;hills;7
16592;29;30;1;land;true;hills;7
16593;24;16;1;land;true;jungle;7
16594;16;51;1;land;true;forest;7
16595;13;5;1;land;true;jungle;7
16596;26;56;1;land;true;jungle;7
16597;25;57;1;land;false;forest;7
16598;4;42;1;land;true;forest;7
16599;3;48;1;land;true;jungle;7
16600;105;198;1;land;true;plains;7
16601;237;178;1;land;false;hills;7
16602;246;153;1;land;true;plains;7
16603;245;114;1;land;true;hills;7
16604;244;171;1;land;false;hills;7
16605;240;161;1;land;true;hills;7
16606;227;147;1;land;true;hills;7
16607;96;41;1;land;true;hills;7
16608;106;11;1;land;true;hills;7
16609;127;17;1;land;false;forest;7
16610;123;21;1;land;true;hills;7
16611;88;3;1;land;false;forest;7
16612;116;31;1;land;true;hills;7
16613;94;46;1;land;false;forest;7
16614;143;43;1;land;true;hills;7
16615;119;32;1;land;false;forest;7
16616;154;16;1;land;true;hills;7
16617;121;47;1;land;true;hills;7
16618;126;23;1;land;true;forest;7
16619;224;32;1;land;false;forest;7
16620;206;99;1;land;false;forest;7
16621;192;74;1;land;false;hills;7
16622;235;51;1;land;false;forest;7
16623;224;73;1;land;false;hills;7
16624;246;25;1;land;false;forest;7
16625;220;40;1;land;false;forest;7
16626;250;27;1;land;false;hills;7
16627;55;180;1;land;true;forest;7
16628;83;165;1;land;true;hills;7
16629;91;229;1;land;true;mountain;7
16630;122;193;1;land;false;hills;7
16631;65;199;1;land;false;hills;7
16632;122;217;1;land;true;hills;7
16633;125;212;1;land;true;hills;7
16634;66;162;1;land;false;hills;7
16635;109;208;1;land;true;mountain;7
16636;120;216;1;land;true;mountain;7
16637;161;242;1;land;false;mountain;7
16638;31;216;1;land;true;hills;7
16639;12;218;1;land;true;forest;7
16640;61;166;1;land;true;hills;7
16641;33;37;1;land;true;hills;7
16642;100;5;1;land;true;plains;7
16643;52;14;1;land;false;forest;7
16644;30;15;1;land;false;forest;7
16645;59;28;1;land;true;hills;7
16646;80;25;1;land;true;hills;7
16647;100;26;1;land;false;forest;7
16648;53;27;1;land;false;forest;7
16649;44;29;1;land;false;forest;7
16650;47;7;1;land;true;hills;7
16651;41;11;1;land;false;forest;7
16652;36;12;1;land;true;hills;7
16653;88;97;1;land;true;forest;7
16654;87;60;1;land;true;hills;7
16655;106;109;1;land;true;plains;7
16656;67;126;1;land;true;hills;7
16657;61;59;1;land;true;forest;7
16658;137;129;1;land;true;plains;7
16659;70;213;1;land;true;hills;7
16660;39;207;1;land;true;forest;7
16661;42;251;1;land;true;hills;7
16662;59;226;1;land;true;hills;7
16663;39;229;1;land;true;hills;7
16664;53;224;1;land;false;forest;7
16665;43;208;1;land;true;hills;7
16666;72;245;1;land;true;hills;7
16667;229;113;1;land;true;hills;7
16668;190;59;1;land;false;hills;7
16669;187;79;1;land;false;hills;7
16670;226;124;1;land;true;forest;7
16671;217;82;1;land;false;forest;7
16672;203;91;1;land;false;hills;7
16673;97;16;1;land;true;hills;7
16674;136;6;1;land;true;hills;7
16675;164;125;1;land;false;plains;7
16676;204;113;1;land;false;hills;7
16677;174;114;1;land;true;hills;7
16678;155;87;1;land;true;hills;7
16679;199;112;1;land;true;hills;7
16680;160;84;1;land;true;hills;7
16681;162;67;1;land;false;plains;7
16682;163;126;1;land;false;hills;7
16683;156;71;1;land;false;hills;7
16684;213;59;1;land;true;hills;7
16685;174;136;1;land;true;hills;7
16686;65;69;1;land;true;hills;7
16687;141;25;1;land;true;hills;7
16688;101;79;1;land;false;plains;7
16689;69;43;1;land;false;plains;7
16690;109;68;1;land;false;plains;7
16691;75;5;1;land;false;plains;7
16692;140;50;1;land;false;plains;7
16693;139;64;1;land;false;hills;7
16694;143;12;1;land;true;hills;7
16695;107;26;1;land;true;plains;7
16696;84;33;1;land;true;plains;7
16697;91;24;1;land;true;plains;7
16698;115;76;1;land;true;plains;7
16699;114;18;1;land;false;plains;7
16700;104;40;1;land;false;hills;7
16701;123;16;1;land;false;forest;7
16702;118;42;1;land;false;plains;7
16703;133;34;1;land;true;plains;7
16704;107;10;1;land;true;plains;7
16705;129;4;1;land;false;plains;7
16706;99;21;1;land;false;plains;7
16707;230;27;1;land;true;forest;7
16708;200;33;1;land;true;hills;7
16709;236;70;1;land;false;hills;7
16710;249;31;1;land;true;plains;7
16711;242;20;1;land;true;hills;7
16712;248;51;1;land;true;plains;7
16713;199;64;1;land;true;hills;7
16714;221;40;1;land;true;hills;7
16715;229;47;1;land;true;forest;7
16716;225;235;1;land;true;plains;7
16717;225;225;1;land;true;plains;7
16718;187;186;1;land;true;plains;7
16719;95;18;1;land;false;plains;7
16720;85;47;1;land;true;hills;7
16721;52;53;1;land;true;hills;7
16722;57;24;1;land;false;plains;7
16723;91;11;1;land;true;hills;7
16724;48;24;1;land;false;plains;7
16725;99;10;1;land;false;hills;7
16726;31;2;1;land;true;hills;7
16727;184;203;1;land;false;hills;7
16728;153;240;1;land;true;plains;7
16729;119;220;1;land;true;plains;7
16730;183;167;1;land;true;hills;7
16731;154;177;1;land;true;plains;7
16732;134;250;1;land;false;plains;7
16733;122;199;1;land;false;forest;7
16734;66;185;1;land;false;hills;7
16735;68;188;1;land;true;hills;7
16736;81;188;1;land;false;plains;7
16737;121;177;1;land;false;plains;7
16738;101;236;1;land;true;plains;7
16739;77;189;1;land;true;hills;7
16740;71;222;1;land;true;plains;7
16741;134;202;1;land;false;plains;7
16742;111;230;1;land;false;forest;7
16743;102;172;1;land;false;hills;7
16744;67;224;1;land;false;hills;7
16745;152;10;1;land;true;hills;7
16746;200;25;1;land;true;hills;7
16747;189;54;1;land;true;plains;7
16748;169;51;1;land;true;forest;7
16749;55;145;1;land;true;plains;7
16750;59;127;1;land;true;plains;7
16751;30;195;1;land;true;hills;7
16752;105;181;1;land;true;hills;7
16753;59;203;1;land;true;hills;7
16754;64;175;1;land;true;hills;7
16755;36;180;1;land;true;hills;7
16756;65;140;1;land;true;hills;7
16757;162;189;1;land;false;plains;7
16758;190;198;1;land;true;hills;7
16759;186;163;1;land;true;mountain;2
16760;249;181;1;land;true;mountain;2
16761;233;173;1;land;true;plains;2
16762;200;208;1;land;true;mountain;2
16763;217;159;1;land;true;mountain;2
16764;208;207;1;land;true;plains;2
16765;230;192;1;land;true;mountain;2
16766;236;227;1;land;true;forest;2
16767;147;76;1;land;true;hills;2
16768;122;63;1;land;true;hills;2
16769;108;78;1;land;false;plains;2
16770;149;64;1;land;true;plains;2
16771;78;113;1;land;true;hills;2
16772;116;64;1;land;false;hills;2
16773;94;132;1;land;false;hills;2
16774;103;104;1;land;false;hills;2
16775;94;138;1;land;true;plains;2
16776;113;96;1;land;true;plains;2
16777;129;70;1;land;false;mountain;2
16778;77;130;1;land;true;plains;2
16779;108;108;1;land;false;hills;2
16780;83;130;1;land;true;plains;2
16781;41;230;1;land;false;mountain;2
16782;11;236;1;land;false;mountain;2
16783;14;232;1;land;true;plains;2
16784;50;247;1;land;false;hills;2
16785;77;249;1;land;true;mountain;2
16786;64;225;1;land;true;mountain;2
16787;2;241;1;land;true;plains;2
16788;42;213;1;land;true;hills;2
16789;5;236;1;land;true;mountain;2
16790;26;227;1;land;true;mountain;2
16791;72;213;1;land;true;plains;2
16792;13;232;1;land;true;mountain;2
16793;51;230;1;land;true;plains;2
16794;54;237;1;land;true;plains;2
16795;4;218;1;land;true;mountain;2
16796;48;232;1;land;true;hills;2
16797;64;2;1;land;false;hills;2
16798;96;11;1;land;true;plains;2
16799;81;54;1;land;false;hills;2
16800;71;20;1;land;true;plains;2
16801;95;4;1;land;true;plains;2
16802;103;22;1;land;true;forest;2
16803;66;19;1;land;true;plains;2
16804;22;76;1;land;true;plains;2
16805;101;58;1;land;true;forest;2
16806;50;50;1;land;true;plains;2
16807;83;34;1;land;true;forest;2
16808;40;49;1;land;true;hills;2
16809;105;64;1;land;true;hills;2
16810;45;30;1;land;false;plains;2
16811;92;19;1;land;true;hills;2
16812;35;41;1;land;true;hills;2
16813;75;85;1;land;true;hills;2
16814;85;60;1;land;true;plains;2
16815;102;76;1;land;false;plains;2
16816;51;91;1;land;true;plains;2
16817;78;82;1;land;false;plains;2
16818;7;225;1;land;false;plains;3
16819;20;197;1;land;true;hills;3
16820;31;175;1;land;true;plains;3
16821;9;198;1;land;true;plains;3
16822;25;232;1;land;true;plains;3
16823;25;225;1;land;true;hills;3
16824;20;221;1;land;true;hills;3
16825;31;189;1;land;true;hills;3
16826;9;218;1;land;true;hills;3
16827;2;228;1;land;true;plains;3
16828;36;183;1;land;true;hills;3
16829;159;242;1;land;true;hills;3
16830;73;54;1;land;true;plains;6
16831;127;74;1;land;true;hills;6
16832;72;81;1;land;true;plains;6
16833;215;207;1;land;true;hills;6
16834;235;229;1;land;true;plains;6
16835;15;57;1;land;true;hills;6
16836;38;60;1;land;true;plains;6
16837;86;128;1;land;true;hills;6
16838;79;69;1;land;false;hills;6
16839;242;16;1;land;false;plains;6
16840;252;13;1;land;true;plains;6
16841;229;20;1;land;true;plains;6
16842;232;50;1;land;true;hills;6
16843;227;5;1;land;true;plains;6
16844;225;13;1;land;false;plains;6
16845;240;6;1;land;false;plains;6
16846;248;34;1;land;true;plains;6
16847;242;34;1;land;true;plains;6
16848;214;42;1;land;true;plains;6
16849;249;17;1;land;true;plains;6
16850;215;0;1;land;false;hills;6
16851;244;22;1;land;false;plains;6
16852;36;115;1;land;true;plains;6
16853;5;102;1;land;true;hills;6
16854;27;107;1;land;true;plains;6
16855;17;99;1;land;true;plains;6
16856;69;169;1;land;true;plains;6
16857;121;200;1;land;true;hills;6
16858;89;189;1;land;true;plains;6
16859;121;148;1;land;true;plains;6
16860;93;171;1;land;true;plains;6
16861;114;178;1;land;true;hills;6
16862;107;162;1;land;true;hills;6
16863;165;22;1;land;false;plains;6
16864;144;4;1;land;true;plains;6
16865;118;7;1;land;true;plains;6
16866;154;36;1;land;false;forest;6
16867;186;0;1;land;true;plains;6
16868;136;47;1;land;true;forest;6
16869;144;12;1;land;false;plains;6
16870;18;43;1;land;true;plains;6
16871;39;5;1;land;true;plains;6
16872;32;1;1;land;true;plains;6
16873;9;38;1;land;true;plains;6
16874;3;5;1;land;true;hills;6
16875;31;17;1;land;true;hills;6
16876;37;0;1;land;true;hills;6
16877;14;1;1;land;true;plains;6
16878;7;10;1;land;true;hills;6
16879;37;213;1;land;true;hills;6
16880;35;156;1;land;true;hills;6
16881;6;188;1;land;false;plains;6
16882;0;160;1;land;true;hills;6
16883;7;205;1;land;true;plains;6
16884;11;163;1;land;false;plains;6
16885;218;69;1;land;true;hills;6
16886;214;58;1;land;false;plains;6
16887;252;123;1;land;true;plains;6
16888;192;56;1;land;true;plains;6
16889;224;130;1;land;false;plains;6
16890;244;76;1;land;true;plains;6
16891;251;118;1;land;true;plains;6
16892;238;84;1;land;true;hills;6
16893;206;113;1;land;false;plains;6
16894;162;237;1;land;true;hills;7
16895;149;242;1;land;false;plains;7
16896;165;214;1;land;true;plains;7
16897;167;217;1;land;true;plains;7
16898;101;214;1;land;true;plains;7
16899;244;195;1;land;true;plains;7
16900;197;198;1;land;true;plains;7
16901;208;247;1;land;true;plains;7
16902;198;221;1;land;true;hills;7
16903;240;220;1;land;true;plains;7
16904;229;219;1;land;true;plains;7
16905;244;38;1;land;true;plains;7
16906;183;56;1;land;true;hills;7
16907;223;93;1;land;true;forest;7
16908;216;45;1;land;true;plains;7
16909;167;84;1;land;false;plains;7
16910;241;53;1;land;true;plains;7
16911;167;75;1;land;true;plains;7
16912;169;80;1;land;true;hills;7
16913;178;24;1;land;false;forest;7
16914;229;77;1;land;true;plains;7
16915;215;60;1;land;true;plains;7
16916;244;35;1;land;true;plains;7
16917;169;165;1;land;true;hills;7
16918;133;155;1;land;true;hills;7
16919;193;156;1;land;true;plains;7
16920;166;129;1;land;false;hills;7
16921;23;69;1;land;true;hills;7
16922;50;111;1;land;true;hills;7
16923;169;224;1;land;false;plains;7
16924;123;199;1;land;true;forest;7
16925;178;201;1;land;true;hills;7
16926;181;227;1;land;true;plains;7
16927;197;212;1;land;true;hills;7
16928;132;197;1;land;false;plains;7
16929;86;168;1;land;true;plains;7
16930;46;157;1;land;true;plains;7
16931;65;161;1;land;true;hills;7
16932;45;144;1;land;true;hills;7
16933;44;157;1;land;true;plains;7
16934;76;171;1;land;true;hills;7
16935;40;103;1;land;false;hills;7
16936;101;168;1;land;true;hills;7
16937;96;169;1;land;false;hills;7
16938;59;147;1;land;true;hills;7
16939;34;178;1;land;false;hills;7
16940;78;164;1;land;false;hills;7
16941;100;165;1;land;false;hills;7
16942;23;82;1;land;true;plains;7
16943;52;136;1;land;true;mountain;7
16944;148;11;1;land;true;plains;7
16945;127;37;1;land;true;plains;7
16946;125;5;1;land;true;hills;7
16947;105;2;1;land;false;hills;7
16948;212;107;1;land;false;hills;7
16949;201;82;1;land;true;hills;7
16950;229;62;1;land;true;plains;7
16951;208;83;1;land;true;plains;7
16952;216;82;1;land;true;plains;7
16953;216;61;1;land;true;hills;7
16954;211;108;1;land;false;hills;7
16955;178;40;1;land;false;plains;7
16956;193;68;1;land;true;plains;7
16957;229;41;1;land;true;plains;7
16958;171;81;1;land;false;mountain;7
16959;179;51;1;land;true;plains;7
16960;185;59;1;land;true;plains;7
16961;191;81;1;land;true;plains;7
16962;169;3;1;land;true;plains;7
16963;136;45;1;land;true;hills;7
16964;172;15;1;land;true;plains;7
16965;138;11;1;land;true;hills;7
16966;172;9;1;land;true;hills;7
16967;146;39;1;land;true;plains;7
16968;132;26;1;land;true;hills;7
16969;190;25;1;land;true;hills;7
16970;138;18;1;land;true;hills;7
16971;134;27;1;land;true;hills;7
16972;132;41;1;land;false;plains;7
16973;203;8;1;land;true;plains;7
16974;131;9;1;land;false;plains;7
16975;160;32;1;land;true;forest;7
16976;155;29;1;land;true;plains;7
16977;44;150;1;land;true;hills;7
16978;17;179;1;land;true;hills;7
16979;8;174;1;land;true;plains;7
16980;2;182;1;land;false;plains;7
16981;45;168;1;land;true;plains;7
16982;10;164;1;land;true;hills;7
16983;47;138;1;land;false;plains;7
16984;71;87;1;land;true;hills;7
16985;58;142;1;land;true;hills;7
16986;48;99;1;land;false;plains;7
16987;85;137;1;land;true;hills;7
16988;132;15;1;land;true;plains;7
16989;143;0;1;land;true;hills;7
16990;158;16;1;land;true;plains;7
16991;124;14;1;land;true;plains;7
16992;159;19;1;land;true;plains;7
16993;165;6;1;land;true;plains;7
16994;164;0;1;land;true;hills;7
16995;163;132;1;land;true;forest;7
16996;194;74;1;land;true;forest;7
16997;188;92;1;land;true;forest;7
16998;210;91;1;land;true;forest;7
16999;185;95;1;land;false;forest;7
17000;200;79;1;land;true;forest;7
17001;95;39;1;land;true;hills;7
17002;118;34;1;land;true;forest;7
17003;68;29;1;land;true;forest;7
17004;88;1;1;land;true;forest;7
17005;94;32;1;land;true;forest;7
17006;86;24;1;land;true;forest;7
17007;82;7;1;land;true;hills;7
17008;106;48;1;land;true;forest;7
17009;83;8;1;land;true;hills;7
17010;100;17;1;land;true;forest;7
17011;63;235;1;land;true;hills;7
17012;60;252;1;land;true;plains;7
17013;19;251;1;land;true;desert;7
17014;7;193;1;land;true;hills;7
17015;53;237;1;land;true;hills;7
17016;43;192;1;land;true;hills;7
17017;80;234;1;land;true;hills;7
17018;251;92;1;land;false;forest;3
17019;246;124;1;land;true;plains;3
17020;211;124;1;land;true;plains;3
17021;227;126;1;land;true;hills;3
17022;198;78;1;land;true;hills;3
17023;208;134;1;land;true;hills;3
17024;217;107;1;land;true;plains;3
17025;227;90;1;land;true;hills;3
17026;17;73;1;land;true;hills;3
17027;63;78;1;land;true;hills;3
17028;58;56;1;land;true;plains;3
17029;44;95;1;land;true;plains;3
17030;65;37;1;land;false;forest;3
17031;20;55;1;land;false;plains;3
17032;74;56;1;land;true;forest;3
17033;6;140;1;land;true;plains;3
17034;26;109;1;land;true;hills;3
17035;28;122;1;land;true;plains;3
17036;188;166;1;land;true;hills;3
17037;137;100;1;land;true;hills;3
17038;135;121;1;land;false;forest;3
17039;61;203;1;land;true;mountain;2
17040;121;215;1;land;true;forest;2
17041;92;227;1;land;true;mountain;2
17042;230;10;1;land;true;forest;2
17043;173;6;1;land;true;forest;2
17044;229;11;1;land;true;mountain;2
17045;235;2;1;land;true;forest;2
17046;209;13;1;land;true;forest;2
17047;158;141;1;land;true;forest;2
17048;206;104;1;land;true;forest;2
17049;156;113;1;land;true;mountain;2
17050;214;148;1;land;true;forest;2
17051;175;141;1;land;true;forest;2
17052;217;169;1;land;true;forest;2
17053;187;138;1;land;true;hills;2
17054;219;117;1;land;true;forest;2
17055;198;123;1;land;true;hills;2
17056;24;66;1;land;true;forest;2
17057;23;85;1;land;true;plains;2
17058;16;40;1;land;true;mountain;2
17059;115;88;1;land;false;hills;7
17060;148;80;1;land;false;hills;7
17061;97;71;1;land;false;hills;7
17062;144;100;1;land;false;forest;7
17063;88;89;1;land;false;forest;7
17064;182;186;1;land;false;hills;7
17065;250;212;1;land;false;hills;7
17066;250;232;1;land;false;forest;7
17067;205;176;1;land;false;hills;7
17068;202;228;1;land;false;hills;7
17069;219;181;1;land;true;hills;7
17070;206;161;1;land;true;hills;7
17071;209;231;1;land;true;hills;7
17072;217;219;1;land;true;hills;7
17073;225;217;1;land;true;hills;7
17074;191;152;1;land;true;hills;7
17075;242;97;1;land;true;hills;7
17076;154;71;1;land;true;desert;6
17077;171;69;1;land;true;desert;6
17078;149;105;1;land;true;desert;6
17079;144;125;1;land;true;desert;6
17080;37;211;1;land;true;mountain;7
17081;32;239;1;land;true;plains;7
17082;21;184;1;land;true;mountain;7
17083;17;171;1;land;true;plains;7
17084;22;204;1;land;true;mountain;7
17085;19;244;1;land;true;mountain;7
17086;241;45;1;land;true;plains;7
17087;214;19;1;land;true;mountain;7
17088;231;21;1;land;true;plains;7
17089;232;53;1;land;true;plains;7
17090;46;36;1;land;false;forest;7
17091;37;37;1;land;false;hills;7
17092;19;55;1;land;false;hills;7
17093;0;68;1;land;false;forest;7
17094;70;61;1;land;false;forest;7
17095;34;16;1;land;false;forest;7
17096;63;17;1;land;false;forest;7
17097;101;205;1;land;true;plains;3
17098;146;109;1;land;true;plains;3
17099;72;96;1;land;true;hills;3
17100;87;22;1;land;false;forest;7
17101;95;36;1;land;false;forest;7
17102;91;49;1;land;false;forest;7
17103;141;175;1;land;true;mountain;2
17104;192;200;1;land;true;mountain;2
17105;183;199;1;land;true;plains;2
17106;38;25;1;land;true;hills;6
17107;33;28;1;land;true;hills;6
17108;56;24;1;land;true;forest;6
17109;71;39;1;land;true;hills;6
17110;43;52;1;land;true;hills;6
17111;53;18;1;land;true;plains;6
17112;128;152;1;land;true;plains;2
17113;184;141;1;land;true;plains;2
17114;158;196;1;land;true;plains;2
17115;136;156;1;land;true;plains;2
17116;177;156;1;land;true;hills;2
17117;103;86;1;land;false;forest;7
17118;106;73;1;land;false;forest;7
17119;135;103;1;land;false;forest;7
17120;130;49;1;land;false;forest;7
17121;107;52;1;land;false;forest;7
17122;234;166;1;land;true;plains;7
17123;177;224;1;land;true;plains;7
17124;197;185;1;land;true;plains;7
17125;156;45;1;land;true;plains;7
17126;180;52;1;land;true;hills;7
17127;164;76;1;land;true;plains;7
17128;245;0;1;land;true;mountain;7
17129;109;127;1;land;true;plains;5
17130;120;147;1;land;true;plains;5
17131;94;157;1;land;true;plains;5
17132;64;187;1;land;true;plains;5
17133;19;50;1;land;true;hills;6
17134;9;46;1;land;true;hills;6
17135;25;75;1;land;true;plains;6
17136;0;8;1;land;true;plains;6
17137;166;198;1;land;true;plains;2
17138;122;27;1;land;true;plains;7
17139;0;91;1;land;true;hills;6
17140;25;136;1;land;true;hills;6
17141;23;149;1;land;true;plains;6
17142;210;14;1;land;true;forest;7
17143;123;172;1;land;true;plains;7
17144;67;165;1;land;true;hills;7
17145;156;140;1;land;true;plains;7
17146;211;165;1;land;true;hills;7
17147;36;159;1;land;true;plains;7
17148;223;215;1;land;true;plains;7
17149;254;245;1;land;true;plains;7
17150;194;219;1;land;true;hills;7
17151;89;240;1;land;true;plains;7
17152;39;224;1;land;true;plains;7
17153;190;76;1;land;true;plains;7
17154;100;220;1;land;true;plains;4
17155;142;249;1;land;true;plains;4
17156;223;96;1;land;true;hills;3
17157;117;160;1;land;false;jungle;7
17158;108;197;1;land;false;forest;7
17159;224;69;1;land;true;hills;7
17160;238;62;1;land;true;hills;7
17161;201;193;1;land;true;hills;7
17162;197;143;1;land;true;hills;7
17163;8;80;1;land;true;jungle;7
17164;24;154;1;land;true;plains;3
17165;23;11;1;land;true;plains;3
17166;24;37;1;land;true;hills;3
17167;190;17;1;land;true;plains;7
17168;195;41;1;land;true;plains;7
17169;85;162;1;land;true;plains;2
17170;222;35;1;land;true;plains;7
17171;193;23;1;land;true;plains;7
17172;253;86;1;land;true;hills;7
17173;250;138;1;land;true;hills;7
17174;68;200;1;land;true;plains;6
17175;47;107;1;land;true;plains;6
17176;19;114;1;land;true;plains;2
17177;175;223;1;land;true;forest;2
17178;139;217;1;land;true;hills;4
17179;142;228;1;land;true;hills;4
17180;103;105;1;land;true;hills;3
17181;240;241;1;land;false;forest;7
17182;189;65;1;land;true;plains;2
17183;14;221;1;land;true;forest;7
17184;188;54;1;land;true;forest;7
17185;28;178;1;land;false;plains;7
17186;241;105;1;land;true;plains;2
17187;71;253;1;land;true;plains;6
17188;80;30;1;land;true;plains;7
17189;165;178;1;land;true;forest;7
17190;146;92;1;land;true;forest;7
17191;243;215;1;land;true;forest;2
17192;4;4;1;land;true;forest;7
17193;78;149;1;land;true;forest;7
17194;11;22;1;land;true;plains;2
17195;194;170;1;land;true;plains;7
17196;146;26;1;land;true;forest;7
17197;3;104;1;land;false;jungle;7
17198;237;47;1;land;true;plains;2
17199;52;177;1;land;true;plains;7
17200;230;182;1;land;true;plains;7
17201;132;96;1;land;true;plains;7
17202;67;249;1;land;true;plains;7
17203;105;93;1;land;true;hills;4
17204;154;165;1;land;true;forest;7
17205;46;22;1;land;true;forest;7
17206;203;156;1;land;true;hills;4
17207;16;20;1;land;true;forest;2
17208;65;125;1;land;true;plains;7
17209;216;30;1;land;true;hills;7
17210;55;4;1;land;true;hills;7
17211;144;194;1;land;true;jungle;7
17212;250;60;1;land;true;plains;7
17213;243;89;1;land;true;plains;6
17214;74;239;1;land;true;plains;7
17215;14;164;1;land;true;plains;7
17216;167;241;1;land;true;hills;3
17217;23;104;1;land;true;plains;6
17218;164;212;1;land;true;plains;7
17219;79;138;1;land;true;plains;7
17220;215;18;1;land;true;hills;7
17221;207;123;1;land;true;plains;6
17222;39;216;1;land;true;hills;3
17223;232;135;1;land;true;hills;7
17224;118;238;1;land;false;desert;7
17225;89;62;1;land;true;forest;7
17226;232;223;1;land;true;forest;7
17227;164;53;1;land;true;plains;7
17228;0;236;1;land;true;plains;7
17229;19;77;1;land;true;plains;7
17230;132;142;1;land;false;desert;7
17231;117;70;1;land;false;plains;7
17232;201;195;1;land;false;hills;7
17233;99;250;1;land;false;hills;7
17234;190;109;1;land;true;forest;7
17235;133;230;1;land;true;plains;7
17236;245;135;1;land;true;forest;7
17237;35;229;1;land;false;desert;7
17238;98;43;1;land;true;hills;6
17239;93;246;1;land;true;plains;6
17240;156;81;1;land;false;plains;7
17241;183;157;1;land;true;forest;2
17242;6;10;1;land;true;plains;7
17243;243;186;1;land;true;forest;1
17244;92;81;1;land;true;forest;7
17245;111;125;1;land;true;plains;6
17246;205;10;1;land;true;plains;7
17247;143;184;1;land;true;hills;7
17248;13;68;1;land;true;hills;7
17249;218;51;1;land;false;plains;7
17250;86;129;1;land;true;plains;7
17251;3;11;1;land;false;plains;7
17252;109;158;1;land;true;plains;7
17253;182;227;1;land;true;plains;7
17254;235;110;1;land;true;plains;7
17255;202;33;1;land;true;plains;7
17256;75;104;1;land;true;jungle;7
17257;103;186;1;land;true;forest;7
17258;178;117;1;land;true;plains;2
17259;113;225;1;land;false;jungle;7
17260;189;125;1;land;true;plains;3
17261;209;204;1;land;true;forest;1
17262;2;245;1;land;true;forest;7
17263;8;246;1;land;true;plains;7
17264;133;111;1;land;true;plains;7
17265;8;151;1;land;true;forest;7
17266;153;219;1;land;true;forest;7
17267;51;132;1;land;true;plains;7
17268;190;10;1;land;false;hills;7
17269;213;108;1;land;false;jungle;7
17270;49;221;1;land;true;plains;7
17271;29;138;1;land;true;hills;7
17272;80;243;1;land;false;jungle;7
17273;163;92;1;land;true;plains;2
17274;216;173;1;land;true;plains;4
17275;145;115;1;land;true;plains;7
17276;45;191;1;land;true;forest;1
17277;78;19;1;land;true;plains;2
17278;151;193;1;land;true;plains;2
17279;73;102;1;land;true;plains;7
17280;187;159;1;land;true;hills;7
17281;76;22;1;land;false;plains;7
17282;6;175;1;land;true;forest;7
17283;110;88;1;land;true;desert;6
17284;225;197;1;land;true;plains;7
17285;7;47;1;land;true;desert;4
17286;100;173;1;land;true;plains;7
17287;83;71;1;land;true;plains;5
17288;116;190;1;land;true;desert;4
17289;177;27;1;land;true;plains;7
17290;55;95;1;land;true;plains;7
17291;232;16;1;land;true;plains;5
17292;79;102;1;land;true;plains;7
17293;77;225;1;land;true;plains;7
17294;220;127;1;land;true;desert;6
17295;143;243;1;land;true;hills;7
17296;252;74;1;land;true;forest;7
17297;144;197;1;land;true;forest;5
17298;20;12;1;land;true;plains;3
17299;202;172;1;land;true;forest;7
17300;64;59;1;land;true;desert;7
17301;66;164;1;land;true;plains;3
17302;205;26;1;land;true;plains;7
17303;102;134;1;land;true;plains;7
17304;234;13;1;land;true;plains;2
17305;217;147;1;land;false;plains;7
17306;137;233;1;land;true;forest;6
17307;3;105;1;land;true;plains;6
17308;150;251;1;land;true;plains;3
17309;191;66;1;land;true;plains;3
17310;0;224;1;land;true;plains;7
17311;239;92;1;land;true;plains;6
17312;34;221;1;land;true;desert;7
17313;197;89;1;land;true;plains;5
17314;38;245;1;land;true;hills;4
17315;197;117;1;land;true;plains;2
17316;54;230;1;land;true;forest;7
17317;113;57;1;land;true;plains;7
17318;250;219;1;land;true;plains;6
17319;169;66;1;land;false;plains;7
17320;5;171;1;land;false;plains;7
17321;69;41;1;land;true;hills;7
17322;120;163;1;land;false;plains;7
17323;68;71;1;land;true;plains;7
17324;186;149;1;land;false;plains;7
17325;215;15;1;land;true;forest;6
17326;31;108;1;land;false;forest;7
17327;233;23;1;land;true;forest;7
17328;103;141;1;land;false;forest;7
17329;34;222;1;land;true;plains;6
17330;119;95;1;land;true;plains;6
17331;90;181;1;land;true;hills;7
17332;147;102;1;land;true;plains;7
17333;189;190;1;land;true;plains;7
17334;62;67;1;land;true;hills;7
17335;228;215;1;land;true;plains;7
17336;68;92;1;land;true;plains;7
17337;71;122;1;land;true;plains;7
17338;201;44;1;land;false;plains;7
17339;168;142;1;land;true;plains;7
17340;214;38;1;land;false;forest;7
17341;27;113;1;land;true;plains;6
17342;125;247;1;land;false;desert;7
17343;40;160;1;land;true;forest;7
17344;157;7;1;land;true;plains;7
17345;81;152;1;land;false;hills;7
17346;185;213;1;land;true;plains;2
17347;128;130;1;land;true;plains;7
17348;232;44;1;land;true;plains;7
17349;226;102;1;land;true;forest;7
17350;110;247;1;land;true;forest;6
17351;7;85;1;land;true;desert;4
17352;118;236;1;land;true;plains;7
17353;125;60;1;land;true;desert;6
17354;235;168;1;land;true;plains;3
17355;222;110;1;land;true;plains;7
17356;51;220;1;land;true;plains;7
17357;68;66;1;land;true;plains;2
17358;135;186;1;land;true;plains;2
17359;73;51;1;land;false;plains;7
17360;241;173;1;land;true;forest;1
17361;85;227;1;land;true;forest;7
17362;213;101;1;land;true;jungle;7
17363;131;230;1;land;true;plains;5
17364;50;119;1;land;true;plains;7
17365;38;221;1;land;false;desert;7
17366;126;89;1;land;false;plains;7
17367;120;198;1;land;true;plains;7
17368;160;120;1;land;true;hills;7
17369;244;170;1;land;false;hills;7
17370;55;13;1;land;true;forest;7
17371;39;205;1;land;true;forest;1
17372;133;49;1;land;true;forest;7
17373;152;180;1;land;true;forest;4
17374;228;27;1;land;true;forest;7
17375;147;174;1;land;false;plains;7
17376;63;9;1;land;true;plains;7
17377;235;28;1;land;true;plains;6
17378;34;177;1;land;true;plains;5
17379;20;15;1;land;false;plains;7
17380;57;148;1;land;true;plains;5
17381;184;247;1;land;true;hills;7
17382;196;88;1;land;true;plains;7
17383;234;16;1;land;true;plains;2
17384;205;136;1;land;true;plains;7
17385;102;230;1;land;true;plains;7
17386;114;109;1;land;true;plains;2
17387;93;231;1;land;true;plains;4
17388;140;84;1;land;true;forest;1
17389;34;156;1;land;true;forest;7
17390;49;88;1;land;true;forest;1
17391;24;200;1;land;true;plains;7
17392;87;63;1;land;true;forest;7
17393;77;93;1;land;true;plains;7
17394;43;233;1;land;true;plains;7
17395;121;126;255;sea;false;ocean;0
17396;81;139;255;sea;false;ocean;0
17397;112;99;255;sea;false;ocean;0
17398;134;140;255;sea;false;ocean;0
17399;94;72;255;sea;false;ocean;0
17400;155;95;255;sea;false;ocean;0
17401;129;77;255;sea;false;ocean;0
17402;98;139;255;sea;false;ocean;0
17403;153;77;255;sea;false;ocean;0
17404;72;105;255;sea;true;ocean;0
17405;87;37;255;sea;false;ocean;0
17406;58;43;255;sea;false;ocean;0
17407;27;85;255;sea;true;ocean;0
17408;64;149;255;sea;true;ocean;0
17409;70;142;255;sea;true;ocean;0
17410;80;136;255;sea;true;ocean;0
17411;71;115;255;sea;true;ocean;0
17412;51;87;255;sea;true;ocean;0
17413;97;115;255;sea;false;ocean;0
17414;47;128;255;sea;true;ocean;0
17415;46;112;255;sea;true;ocean;0
17416;48;93;255;sea;true;ocean;0
17417;45;119;255;sea;true;ocean;0
17418;78;23;255;sea;false;ocean;0
17419;86;66;255;sea;false;ocean;0
17420;85;8;255;sea;false;ocean;0
17421;83;51;255;sea;false;ocean;0
17422;80;21;255;sea;false;ocean;0
17423;80;30;255;sea;false;ocean;0
17424;71;42;255;sea;false;ocean;0
17425;61;27;255;sea;false;ocean;0
17426;41;81;255;sea;false;ocean;0
17427;102;65;255;sea;false;ocean;0
17428;37;13;255;sea;false;ocean;0
17429;40;81;255;sea;false;ocean;0
17430;18;45;255;sea;true;ocean;0
17431;29;54;255;sea;false;ocean;0
17432;46;11;255;sea;true;ocean;0
17433;29;33;255;sea;false;ocean;0
17434;106;78;255;sea;false;ocean;0
17435;81;64;255;sea;false;ocean;0
17436;55;61;255;sea;false;ocean;0
17437;94;31;255;sea;false;ocean;0
17438;58;64;255;sea;false;ocean;0
17439;15;52;255;sea;true;ocean;0
17440;13;51;255;sea;false;ocean;0
17441;41;73;255;sea;true;ocean;0
17442;22;41;255;sea;true;ocean;0
17443;103;4;255;sea;false;ocean;0
17444;96;18;255;sea;false;ocean;0
17445;41;0;255;sea;true;ocean;0
17446;78;32;255;sea;false;ocean;0
17447;115;39;255;sea;true;ocean;0
17448;90;20;255;sea;false;ocean;0
17449;106;30;255;sea;false;ocean;0
17450;43;19;255;sea;false;ocean;0
17451;103;31;255;sea;false;ocean;0
17452;43;12;255;sea;false;ocean;0
17453;103;34;255;sea;false;ocean;0
17454;95;10;255;sea;false;ocean;0
17455;2;132;255;sea;false;ocean;0
17456;25;114;255;sea;false;ocean;0
17457;64;72;255;sea;true;ocean;0
17458;18;72;255;sea;false;ocean;0
17459;7;102;255;sea;false;ocean;0
17460;33;71;255;sea;false;ocean;0
17461;60;120;255;sea;false;ocean;0
17462;38;1;255;sea;false;ocean;0
17463;33;50;255;sea;true;ocean;0
17464;31;18;255;sea;false;ocean;0
17465;38;27;255;sea;false;ocean;0
17466;21;4;255;sea;false;ocean;0
17467;12;9;255;sea;false;ocean;0
17468;23;1;255;sea;false;ocean;0
17469;1;34;255;sea;false;ocean;0
17470;9;9;255;sea;false;ocean;0
17471;38;46;255;sea;false;ocean;0
17472;5;42;255;sea;true;ocean;0
17473;20;45;255;sea;false;ocean;0
17474;22;51;255;sea;true;ocean;0
17475;6;51;255;sea;false;ocean;0
17476;22;22;255;sea;false;ocean;0
17477;18;43;255;sea;false;ocean;0
17478;25;48;255;sea;false;ocean;0
17479;21;11;255;sea;false;ocean;0
17480;0;37;255;sea;false;ocean;0
17481;14;21;255;sea;false;ocean;0
17482;26;10;255;sea;true;ocean;0
17483;31;51;255;sea;false;ocean;0
17484;6;26;255;sea;false;ocean;0
17485;107;118;255;sea;false;ocean;0
17486;85;162;255;sea;false;ocean;0
17487;89;147;255;sea;false;ocean;0
17488;99;128;255;sea;false;ocean;0
17489;76;31;255;sea;false;ocean;0
17490;104;66;255;sea;false;ocean;0
17491;99;30;255;sea;false;ocean;0
17492;79;12;255;sea;false;ocean;0
17493;82;45;255;sea;false;ocean;0
17494;100;0;255;sea;false;ocean;0
17495;98;30;255;sea;false;ocean;0
17496;110;28;255;sea;false;ocean;0
17497;89;3;255;sea;false;ocean;0
17498;111;46;255;sea;false;ocean;0
17499;96;38;255;sea;false;ocean;0
17500;31;104;255;sea;false;ocean;0
17501;43;54;255;sea;false;ocean;0
17502;60;111;255;sea;false;ocean;0
17503;36;59;255;sea;false;ocean;0
17504;36;99;255;sea;false;ocean;0
17505;17;66;255;sea;false;ocean;0
17506;39;85;255;sea;false;ocean;0
17507;57;110;255;sea;false;ocean;0
17508;47;68;255;sea;false;ocean;0
17509;16;4;255;sea;false;ocean;0
17510;61;55;255;sea;false;ocean;0
17511;11;14;255;sea;false;ocean;0
17512;59;49;255;sea;false;ocean;0
17513;13;14;255;sea;false;ocean;0
17514;2;35;255;sea;false;ocean;0
17515;12;13;255;sea;false;ocean;0
17516;18;30;255;sea;false;ocean;0
17517;102;42;255;sea;false;ocean;0
17518;154;107;255;sea;false;ocean;0
17519;93;58;255;sea;false;ocean;0
17520;134;90;255;sea;true;ocean;0
17521;152;90;255;sea;false;ocean;0
17522;99;88;255;sea;false;ocean;0
17523;133;51;255;sea;false;ocean;0
17524;147;82;255;sea;true;ocean;0
17525;116;55;255;sea;false;ocean;0
17526;155;66;255;sea;true;ocean;0
17527;122;40;255;sea;false;ocean;0
17528;140;61;255;sea;false;ocean;0
17529;88;109;255;sea;true;ocean;0
17530;117;47;255;sea;false;ocean;0
17531;122;97;255;sea;false;ocean;0
17532;138;40;255;sea;true;ocean;0
17533;149;78;255;sea;false;ocean;0
17534;135;45;255;sea;false;ocean;0
17535;116;53;255;sea;false;ocean;0
17536;124;71;255;sea;false;ocean;0
17537;113;45;255;sea;false;ocean;0
17538;144;103;255;sea;true;ocean;0
17539;55;42;255;sea;false;ocean;0
17540;2;7;255;sea;false;ocean;0
17541;61;29;255;sea;false;ocean;0
17542;7;60;255;sea;false;ocean;0
17543;17;20;255;sea;false;ocean;0
17544;41;27;255;sea;false;ocean;0
17545;47;27;255;sea;false;ocean;0
17546;37;52;255;sea;false;ocean;0
17547;48;47;255;sea;true;ocean;0
17548;21;39;255;sea;false;ocean;0
17549;8;25;255;sea;false;ocean;0
17550;20;26;255;sea;true;ocean;0
17551;28;40;255;sea;false;ocean;0
17552;20;54;255;sea;false;ocean;0
17553;31;60;255;sea;false;ocean;0
17554;27;33;255;sea;false;ocean;0
17555;109;109;255;sea;true;ocean;0
17556;92;117;255;sea;false;ocean;0
17557;103;82;255;sea;true;ocean;0
17558;118;136;255;sea;true;ocean;0
17559;108;79;255;sea;false;ocean;0
17560;126;94;255;sea;true;ocean;0
17561;144;80;255;sea;false;ocean;0
17562;118;126;255;sea;false;ocean;0
17563;88;105;255;sea;false;ocean;0
17564;111;94;255;sea;true;ocean;0
17565;88;102;255;sea;true;ocean;0
17566;148;113;255;sea;false;ocean;0
17567;139;144;255;sea;false;ocean;0
17568;108;110;255;sea;true;ocean;0
17569;78;142;255;sea;false;ocean;0
17570;55;149;255;sea;false;ocean;0
17571;13;102;255;sea;false;ocean;0
17572;69;154;255;sea;false;ocean;0
17573;65;96;255;sea;false;ocean;0
17574;47;135;255;sea;false;ocean;0
17575;85;42;255;sea;false;ocean;0
17576;45;18;255;sea;false;ocean;0
17577;34;8;255;sea;true;ocean;0
17578;41;59;255;sea;true;ocean;0
17579;28;78;255;sea;false;ocean;0
17580;101;51;255;sea;false;ocean;0
17581;60;34;255;sea;false;ocean;0
17582;94;82;255;sea;false;ocean;0
17583;48;77;255;sea;false;ocean;0
17584;55;133;255;sea;true;ocean;0
17585;88;118;255;sea;true;ocean;0
17586;104;136;255;sea;false;ocean;0
17587;59;158;255;sea;true;ocean;0
17588;81;99;255;sea;true;ocean;0
17589;104;109;255;sea;false;ocean;0
17590;62;127;255;sea;true;ocean;0
17591;119;121;255;sea;false;ocean;0
17592;108;133;255;sea;false;ocean;0
17593;101;141;255;sea;true;ocean;0
17594;57;96;255;sea;true;ocean;0
17595;94;85;255;sea;true;ocean;0
17596;80;110;255;sea;true;ocean;0
17597;88;97;255;sea;true;ocean;0
17598;57;106;255;sea;false;ocean;0
17599;112;118;255;sea;true;ocean;0
17600;121;81;255;sea;false;ocean;0
17601;116;102;255;sea;false;ocean;0
17602;57;82;255;sea;true;ocean;0
17603;76;112;255;sea;false;ocean;0
17604;10;99;255;sea;false;ocean;0
17605;24;103;255;sea;true;ocean;0
17606;5;122;255;sea;false;ocean;0
17607;31;109;255;sea;true;ocean;0
17608;68;101;255;sea;true;ocean;0
17609;103;149;255;sea;false;ocean;0
17610;58;108;255;sea;true;ocean;0
17611;93;125;255;sea;false;ocean;0
17612;59;136;255;sea;true;ocean;0
17613;108;70;255;sea;true;ocean;0
17614;57;142;255;sea;true;ocean;0
17615;77;106;255;sea;false;ocean;0
17616;85;71;255;sea;false;ocean;0
17617;115;84;255;sea;false;ocean;0
17618;93;105;255;sea;false;ocean;0
17619;113;124;255;sea;false;ocean;0
17620;100;59;255;sea;false;ocean;0
17621;58;48;255;sea;false;ocean;0
17622;92;14;255;sea;false;ocean;0
17623;45;16;255;sea;false;ocean;0
17624;58;24;255;sea;false;ocean;0
17625;45;52;255;sea;false;ocean;0
17626;88;8;255;sea;false;ocean;0
17627;66;6;255;sea;false;ocean;0
17628;59;47;255;sea;false;ocean;0
17629;84;134;255;sea;true;ocean;0
17630;87;135;255;sea;true;ocean;0
17631;132;103;255;sea;true;ocean;0
17632;113;76;255;sea;true;ocean;0
17633;118;90;255;sea;true;ocean;0
17634;117;119;255;sea;true;ocean;0
17635;104;81;255;sea;true;ocean;0
17636;117;114;255;sea;true;ocean;0
17637;102;89;255;sea;false;ocean;0
17638;134;121;255;sea;true;ocean;0
17639;126;66;255;sea;true;ocean;0
17640;109;74;255;sea;true;ocean;0
17641;38;2;255;sea;false;ocean;0
17642;8;32;255;sea;false;ocean;0
17643;67;44;255;sea;false;ocean;0
17644;36;24;255;sea;false;ocean;0
17645;22;5;255;sea;false;ocean;0
17646;39;17;255;sea;false;ocean;0
17647;70;71;255;sea;false;ocean;0
17648;16;44;255;sea;false;ocean;0
17649;73;104;255;sea;true;ocean;0
17650;132;75;255;sea;true;ocean;0
17651;107;67;255;sea;true;ocean;0
17652;125;125;255;sea;true;ocean;0
17653;44;97;255;sea;false;ocean;0
17654;11;106;255;sea;false;ocean;0
17655;1;135;255;sea;false;ocean;0
17656;42;135;255;sea;false;ocean;0
17657;67;62;255;sea;false;ocean;0
17658;84;64;255;sea;false;ocean;0
17659;25;18;255;sea;true;ocean;0
17660;2;61;255;sea;false;ocean;0
17661;14;29;255;sea;false;ocean;0
17662;23;35;255;sea;false;ocean;0
17663;103;123;255;sea;false;ocean;0
17664;85;55;255;sea;false;ocean;0
17665;146;119;255;sea;true;ocean;0
17666;147;128;255;sea;true;ocean;0
17667;119;128;255;sea;true;ocean;0
17668;109;82;255;sea;true;ocean;0
17669;80;68;255;sea;true;ocean;0
17670;84;60;255;sea;false;ocean;0
17671;152;105;255;sea;false;ocean;0
17672;86;88;255;sea;true;ocean;0
17673;117;91;255;sea;true;ocean;0
17674;135;58;255;sea;true;ocean;0
17675;85;58;255;sea;true;ocean;0
17676;118;46;255;sea;true;ocean;0
17677;84;113;255;sea;true;ocean;0
17678;94;74;255;sea;true;ocean;0
17679;110;87;255;sea;true;ocean;0
17680;106;47;255;sea;true;ocean;0
17681;123;62;255;sea;true;ocean;0
17682;60;78;255;sea;false;ocean;0
17683;95;42;255;sea;false;ocean;0
17684;44;77;255;sea;false;ocean;0
17685;50;69;255;sea;false;ocean;0
17686;91;65;255;sea;false;ocean;0
17687;41;45;255;sea;false;ocean;0
17688;70;12;255;sea;true;ocean;0
17689;66;38;255;sea;true;ocean;0
17690;90;24;255;sea;true;ocean;0
17691;82;2;255;sea;true;ocean;0
17692;105;24;255;sea;false;ocean;0
17693;130;41;255;sea;true;ocean;0
17694;121;31;255;sea;true;ocean;0
17695;87;32;255;sea;true;ocean;0
17696;109;28;255;sea;true;ocean;0
17697;60;74;255;sea;true;ocean;0
17698;82;93;255;sea;false;ocean;0
17699;107;112;255;sea;false;ocean;0
17700;99;123;255;sea;true;ocean;0
17701;86;69;255;sea;true;ocean;0
17702;46;102;255;sea;false;ocean;0
17703;67;126;255;sea;true;ocean;0
17704;61;126;255;sea;false;ocean;0
17705;34;89;255;sea;true;ocean;0
17706;1;9;255;sea;false;ocean;0
17707;61;32;255;sea;false;ocean;0
17708;62;19;255;sea;false;ocean;0
17709;48;9;255;sea;false;ocean;0
17710;15;11;255;sea;false;ocean;0
17711;26;55;255;sea;false;ocean;0
17712;6;19;255;sea;false;ocean;0
17713;5;52;255;sea;false;ocean;0
17714;3;64;255;sea;false;ocean;0
17715;45;37;255;sea;false;ocean;0
17716;10;1;255;sea;false;ocean;0
17717;9;2;255;sea;false;ocean;0
17718;16;54;255;sea;false;ocean;0
17719;35;11;255;sea;false;ocean;0
17720;7;13;255;sea;false;ocean;0
17721;37;42;255;sea;false;ocean;0
17722;36;38;255;sea;false;ocean;0
17723;29;48;255;sea;false;ocean;0
17724;19;10;255;sea;false;ocean;0
17725;35;50;255;sea;false;ocean;0
17726;20;48;255;sea;false;ocean;0
17727;67;141;255;sea;false;ocean;0
17728;77;145;255;sea;true;ocean;0
17729;57;105;255;sea;true;ocean;0
17730;50;139;255;sea;false;ocean;0
17731;45;152;255;sea;false;ocean;0
17732;37;29;255;sea;true;ocean;0
17733;31;56;255;sea;false;ocean;0
17734;0;68;255;sea;true;ocean;0
17735;36;56;255;sea;false;ocean;0
17736;44;84;255;sea;true;ocean;0
17737;31;84;255;sea;false;ocean;0
17738;21;51;255;sea;false;ocean;0
17739;38;66;255;sea;true;ocean;0
17740;30;51;255;sea;false;ocean;0
17741;14;46;255;sea;true;ocean;0
17742;27;75;255;sea;false;ocean;0
17743;31;45;255;sea;false;ocean;0
17744;54;56;255;sea;true;ocean;0
17745;62;41;255;sea;false;ocean;0
17746;44;37;255;sea;false;ocean;0
17747;18;21;255;sea;false;ocean;0
17748;91;62;255;sea;false;ocean;0
17749;87;83;255;sea;false;ocean;0
17750;18;74;255;sea;false;ocean;0
17751;61;38;255;sea;false;ocean;0
17752;48;112;255;sea;false;ocean;0
17753;64;109;255;sea;false;ocean;0
17754;46;150;255;sea;false;ocean;0
17755;116;98;255;sea;false;ocean;0
17756;109;78;255;sea;false;ocean;0
17757;100;150;255;sea;false;ocean;0
17758;107;145;255;sea;false;ocean;0
17759;51;135;255;sea;false;ocean;0
17760;85;75;255;sea;false;ocean;0
17761;51;125;255;sea;false;ocean;0
17762;95;126;255;sea;false;ocean;0
17763;73;47;255;sea;true;ocean;0
17764;36;50;255;sea;true;ocean;0
17765;80;93;255;sea;true;ocean;0
17766;9;77;255;sea;false;ocean;0
17767;14;50;255;sea;false;ocean;0
17768;42;68;255;sea;false;ocean;0
17769;9;52;255;sea;false;ocean;0
17770;26;17;255;sea;false;ocean;0
17771;44;24;255;sea;false;ocean;0
17772;42;36;255;sea;false;ocean;0
17773;24;5;255;sea;false;ocean;0
17774;8;23;255;sea;false;ocean;0
17775;87;19;255;sea;true;ocean;0
17776;157;35;255;sea;true;ocean;0
17777;130;42;255;sea;true;ocean;0
17778;24;23;255;sea;false;ocean;0
17779;38;38;255;sea;true;ocean;0
17780;22;12;255;sea;false;ocean;0
17781;17;18;255;sea;true;ocean;0
17782;9;85;255;sea;true;ocean;0
17783;9;71;255;sea;true;ocean;0
17784;9;33;255;sea;true;ocean;0
17785;15;36;255;sea;false;ocean;0
17786;49;60;255;sea;true;ocean;0
17787;69;67;255;sea;false;ocean;0
17788;69;74;255;sea;false;ocean;0
17789;61;28;255;sea;false;ocean;0
17790;60;55;255;sea;false;ocean;0
17791;16;46;255;sea;false;ocean;0
17792;89;70;255;sea;false;ocean;0
17793;89;26;255;sea;false;ocean;0
17794;59;91;255;sea;false;ocean;0
17795;82;50;255;sea;false;ocean;0
17796;71;35;255;sea;false;ocean;0
17797;56;57;255;sea;false;ocean;0
17798;106;40;255;sea;false;ocean;0
17799;125;16;255;sea;false;ocean;0
17800;105;30;255;sea;false;ocean;0
17801;109;87;255;sea;false;ocean;0
17802;95;79;255;sea;false;ocean;0
17803;57;20;255;sea;false;ocean;0
17804;93;48;255;sea;false;ocean;0
17805;161;101;255;sea;false;ocean;0
17806;115;68;255;sea;false;ocean;0
17807;137;100;255;sea;false;ocean;0
17808;115;55;255;sea;false;ocean;0
17809;120;110;255;sea;false;ocean;0
17810;88;116;255;sea;false;ocean;0
17811;87;118;255;sea;false;ocean;0
17812;93;123;255;sea;false;ocean;0
17813;125;121;255;sea;false;ocean;0
17814;84;23;255;sea;false;ocean;0
17815;71;17;255;sea;true;ocean;0
17816;76;49;255;sea;false;ocean;0
17817;117;23;255;sea;false;ocean;0
17818;51;32;255;sea;false;ocean;0
17819;78;41;255;sea;false;ocean;0
17820;57;60;255;sea;false;ocean;0
17821;62;50;255;sea;false;ocean;0
17822;103;41;255;sea;false;ocean;0
17823;114;51;255;sea;false;ocean;0
17824;78;5;255;sea;false;ocean;0
17825;102;99;255;sea;false;ocean;0
17826;103;110;255;sea;false;ocean;0
17827;119;70;255;sea;false;ocean;0
17828;87;104;255;sea;false;ocean;0
17829;96;64;255;sea;false;ocean;0
17830;68;127;255;sea;false;ocean;0
17831;120;114;255;sea;false;ocean;0
17832;82;62;255;sea;false;ocean;0
17833;117;76;255;sea;false;ocean;0
17834;76;61;255;sea;false;ocean;0
17835;88;78;255;sea;false;ocean;0
17836;91;11;255;sea;false;ocean;0
17837;88;67;255;sea;false;ocean;0
17838;78;38;255;sea;false;ocean;0
17839;77;65;255;sea;false;ocean;0
17840;18;71;255;sea;false;ocean;0
17841;32;47;255;sea;false;ocean;0
17842;19;59;255;sea;false;ocean;0
17843;77;34;255;sea;false;ocean;0
17844;77;84;255;sea;false;ocean;0
17845;146;50;255;sea;false;ocean;0
17846;125;73;255;sea;false;ocean;0
17847;143;57;255;sea;false;ocean;0
17848;81;42;255;sea;false;ocean;0
17849;98;60;255;sea;false;ocean;0
17850;150;53;255;sea;false;ocean;0
17851;7;32;255;sea;false;ocean;0
17852;1;65;255;sea;true;ocean;0
17853;10;34;255;sea;false;ocean;0
17854;20;60;255;sea;false;ocean;0
17855;11;52;255;sea;false;ocean;0
17856;41;7;255;sea;false;ocean;0
17857;46;7;255;sea;false;ocean;0
17858;44;61;255;sea;true;ocean;0
17859;15;25;255;sea;false;ocean;0
17860;26;113;255;sea;false;ocean;0
17861;31;93;255;sea;true;ocean;0
17862;56;116;255;sea;false;ocean;0
17863;47;93;255;sea;false;ocean;0
17864;12;115;255;sea;true;ocean;0
17865;34;93;255;sea;true;ocean;0
17866;16;137;255;sea;false;ocean;0
17867;61;58;255;sea;false;ocean;0
17868;24;66;255;sea;false;ocean;0
17869;30;113;255;sea;false;ocean;0
17870;29;84;255;sea;false;ocean;0
17871;5;104;255;sea;false;ocean;0
17872;79;46;255;sea;false;ocean;0
17873;115;40;255;sea;false;ocean;0
17874;113;25;255;sea;false;ocean;0
17875;101;21;255;sea;false;ocean;0
17876;145;3;255;sea;false;ocean;0
17877;160;33;255;sea;false;ocean;0
17878;159;23;255;sea;false;ocean;0
17879;93;17;255;sea;false;ocean;0
17880;85;15;255;sea;false;ocean;0
17881;114;4;255;sea;false;ocean;0
17882;139;30;255;sea;true;ocean;0
17883;17;103;255;sea;false;ocean;0
17884;75;43;255;sea;false;ocean;0
17885;23;83;255;sea;false;ocean;0
17886;45;48;255;sea;true;ocean;0
17887;60;91;255;sea;false;ocean;0
17888;39;68;255;sea;true;ocean;0
17889;2;42;255;sea;false;ocean;0
17890;15;9;255;sea;false;ocean;0
17891;39;54;255;sea;false;ocean;0
17892;32;6;255;sea;false;ocean;0
17893;20;34;255;sea;false;ocean;0
17894;31;8;255;sea;false;ocean;0
17895;29;14;255;sea;false;ocean;0
17896;23;59;255;sea;false;ocean;0
17897;33;25;255;sea;false;ocean;0
17898;23;57;255;sea;false;ocean;0
17899;37;69;255;sea;false;ocean;0
17900;13;67;255;sea;true;ocean;0
17901;26;16;255;sea;false;ocean;0
17902;51;88;255;sea;true;ocean;0
17903;8;47;255;sea;false;ocean;0
17904;68;48;255;sea;false;ocean;0
17905;21;81;255;sea;true;ocean;0
17906;35;78;255;sea;false;ocean;0
17907;9;18;255;sea;true;ocean;0
17908;67;72;255;sea;false;ocean;0
17909;20;47;255;sea;true;ocean;0
17910;72;34;255;sea;false;ocean;0
17911;68;50;255;sea;false;ocean;0
17912;31;9;255;sea;false;ocean;0
17913;10;7;255;sea;true;ocean;0
17914;76;66;255;sea;false;ocean;0
17915;17;35;255;sea;true;ocean;0
17916;11;19;255;sea;true;ocean;0
17917;26;68;255;sea;true;ocean;0
17918;64;24;255;sea;false;ocean;0
17919;64;130;255;sea;false;ocean;0
17920;95;74;255;sea;false;ocean;0
17921;95;135;255;sea;false;ocean;0
17922;114;75;255;sea;false;ocean;0
17923;8;57;255;sea;false;ocean;0
17924;22;101;255;sea;true;ocean;0
17925;31;58;255;sea;true;ocean;0
17926;41;42;255;sea;true;ocean;0
17927;0;53;255;sea;true;ocean;0
17928;3;93;255;sea;true;ocean;0
17929;0;71;255;sea;false;ocean;0
17930;10;69;255;sea;true;ocean;0
17931;58;85;255;sea;false;ocean;0
17932;54;81;255;sea;false;ocean;0
17933;84;43;255;sea;false;ocean;0
17934;70;54;255;sea;false;ocean;0
17935;62;112;255;sea;false;ocean;0
17936;61;101;255;sea;false;ocean;0
17937;55;49;255;sea;false;ocean;0
17938;94;75;255;sea;false;ocean;0
17939;94;53;255;sea;false;ocean;0
17940;85;110;255;sea;false;ocean;0
17941;95;95;255;sea;false;ocean;0
17942;44;140;255;sea;false;ocean;0
17943;59;76;255;sea;false;ocean;0
17944;6;129;255;sea;false;ocean;0
17945;53;88;255;sea;false;ocean;0
17946;30;81;255;sea;false;ocean;0
17947;6;138;255;sea;false;ocean;0
17948;24;137;255;sea;false;ocean;0
17949;116;108;255;sea;false;ocean;0
17950;138;130;255;sea;false;ocean;0
17951;132;113;255;sea;false;ocean;0
17952;83;91;255;sea;false;ocean;0
17953;124;136;255;sea;false;ocean;0
17954;96;118;255;sea;false;ocean;0
17955;137;142;255;sea;false;ocean;0
17956;76;20;255;sea;false;ocean;0
17957;113;38;255;sea;false;ocean;0
17958;89;25;255;sea;false;ocean;0
17959;71;20;255;sea;false;ocean;0
17960;88;42;255;sea;false;ocean;0
17961;88;29;255;sea;false;ocean;0
17962;65;17;255;sea;false;ocean;0
17963;80;22;255;sea;false;ocean;0
17964;136;44;255;sea;false;ocean;0
17965;66;18;255;sea;false;ocean;0
17966;85;16;255;sea;false;ocean;0
17967;138;0;255;sea;false;ocean;0
17968;104;48;255;sea;false;ocean;0
17969;78;3;255;sea;false;ocean;0
17970;77;22;255;sea;false;ocean;0
17971;103;45;255;sea;false;ocean;0
17972;129;80;255;sea;true;ocean;0
17973;127;102;255;sea;false;ocean;0
17974;62;47;255;sea;true;ocean;0
17975;128;64;255;sea;false;ocean;0
17976;128;103;255;sea;false;ocean;0
17977;111;88;255;sea;false;ocean;0
17978;104;63;255;sea;true;ocean;0
17979;101;49;255;sea;false;ocean;0
17980;115;85;255;sea;true;ocean;0
17981;66;103;255;sea;false;ocean;0
17982;68;106;255;sea;false;ocean;0
17983;123;118;255;sea;false;ocean;0
17984;123;130;255;sea;true;ocean;0
17985;72;91;255;sea;true;ocean;0
17986;49;114;255;sea;true;ocean;0
17987;45;134;255;sea;true;ocean;0
17988;25;126;255;sea;true;ocean;0
17989;39;65;255;sea;true;ocean;0
17990;36;78;255;sea;false;ocean;0
17991;15;77;255;sea;false;ocean;0
17992;27;69;255;sea;false;ocean;0
17993;5;49;255;sea;false;ocean;0
17994;36;43;255;sea;false;ocean;0
17995;8;68;255;sea;false;ocean;0
17996;66;27;255;sea;false;ocean;0
17997;50;25;255;sea;false;ocean;0
17998;63;31;255;sea;false;ocean;0
17999;42;16;255;sea;false;ocean;0
18000;65;15;255;sea;false;ocean;0
18001;79;45;255;sea;false;ocean;0
18002;72;55;255;sea;false;ocean;0
18003;110;67;255;sea;true;ocean;0
18004;91;3;255;sea;false;ocean;0
18005;94;38;255;sea;true;ocean;0
18006;127;47;255;sea;true;ocean;0
18007;144;4;255;sea;true;ocean;0
18008;96;34;255;sea;false;ocean;0
18009;116;1;255;sea;false;ocean;0
18010;95;40;255;sea;true;ocean;0
18011;65;85;255;sea;true;ocean;0
18012;49;89;255;sea;true;ocean;0
18013;69;63;255;sea;true;ocean;0
18014;56;113;255;sea;true;ocean;0
18015;11;59;255;sea;false;ocean;0
18016;54;36;255;sea;false;ocean;0
18017;53;98;255;sea;false;ocean;0
18018;99;99;255;sea;false;ocean;0
18019;111;52;255;sea;false;ocean;0
18020;88;83;255;sea;false;ocean;0
18021;61;82;255;sea;false;ocean;0
18022;75;23;255;sea;false;ocean;0
18023;79;22;255;sea;false;ocean;0
18024;124;37;255;sea;false;ocean;0
18025;108;15;255;sea;false;ocean;0
18026;90;34;255;sea;false;ocean;0
18027;107;17;255;sea;false;ocean;0
18028;119;12;255;sea;false;ocean;0
18029;93;23;255;sea;false;ocean;0
18030;121;12;255;sea;false;ocean;0
18031;149;15;255;sea;false;ocean;0
18032;155;31;255;sea;false;ocean;0
18033;153;36;255;sea;false;ocean;0
18034;159;85;255;sea;false;ocean;0
18035;141;96;255;sea;false;ocean;0
18036;163;82;255;sea;false;ocean;0
18037;113;42;255;sea;false;ocean;0
18038;51;64;255;sea;true;ocean;0
18039;15;43;255;sea;true;ocean;0
18040;25;53;255;sea;true;ocean;0
18041;84;75;255;sea;true;ocean;0
18042;32;64;255;sea;true;ocean;0
18043;32;55;255;sea;true;ocean;0
18044;17;12;255;sea;true;ocean;0
18045;76;25;255;sea;true;ocean;0
18046;71;47;255;sea;false;ocean;0
18047;21;53;255;sea;false;ocean;0
18048;36;41;255;sea;false;ocean;0
18049;10;46;255;sea;false;ocean;0
18050;3;8;255;sea;false;ocean;0
18051;51;19;255;sea;false;ocean;0
18052;25;42;255;sea;false;ocean;0
18053;59;33;255;sea;false;ocean;0
18054;40;0;255;sea;false;ocean;0
18055;44;42;255;sea;false;ocean;0
18056;38;37;255;sea;true;ocean;0
18057;65;37;255;sea;false;ocean;0
18058;66;132;255;sea;false;ocean;0
18059;63;107;255;sea;true;ocean;0
18060;33;125;255;sea;false;ocean;0
18061;46;79;255;sea;true;ocean;0
18062;94;71;255;sea;false;ocean;0
18063;72;78;255;sea;false;ocean;0
18064;21;121;255;sea;false;ocean;0
18065;70;69;255;sea;false;ocean;0
18066;32;46;255;sea;false;ocean;0
18067;31;44;255;sea;false;ocean;0
18068;80;98;255;sea;false;ocean;0
18069;73;79;255;sea;false;ocean;0
18070;51;108;255;sea;false;ocean;0
18071;56;87;255;sea;true;ocean;0
18072;31;121;255;sea;true;ocean;0
18073;38;115;255;sea;false;ocean;0
18074;15;82;255;sea;true;ocean;0
18075;56;92;255;sea;true;ocean;0
18076;125;116;255;sea;false;ocean;0
18077;96;110;255;sea;false;ocean;0
18078;123;81;255;sea;false;ocean;0
18079;69;48;255;sea;true;ocean;0
18080;57;112;255;sea;false;ocean;0
18081;56;76;255;sea;false;ocean;0
18082;88;19;255;sea;false;ocean;0
18083;68;79;255;sea;false;ocean;0
18084;90;60;255;sea;false;ocean;0
18085;99;38;255;sea;false;ocean;0
18086;26;99;255;sea;true;ocean;0
18087;20;110;255;sea;true;ocean;0
18088;8;95;255;sea;true;ocean;0
18089;1;104;255;sea;true;ocean;0
18090;57;145;255;sea;false;ocean;0
18091;61;136;255;sea;true;ocean;0
18092;32;144;255;sea;true;ocean;0
18093;47;91;255;sea;true;ocean;0
18094;24;18;255;sea;false;ocean;0
18095;79;23;255;sea;false;ocean;0
18096;84;25;255;sea;false;ocean;0
18097;63;8;255;sea;false;ocean;0
18098;123;98;255;sea;false;ocean;0
18099;139;64;255;sea;false;ocean;0
18100;143;97;255;sea;false;ocean;0
18101;108;84;255;sea;false;ocean;0
18102;96;70;255;sea;false;ocean;0
18103;106;89;255;sea;false;ocean;0
18104;21;64;255;sea;false;ocean;0
18105;14;92;255;sea;false;ocean;0
18106;9;36;255;sea;false;ocean;0
18107;37;24;255;sea;false;ocean;0
18108;4;64;255;sea;false;ocean;0
18109;61;69;255;sea;false;ocean;0
18110;13;83;255;sea;false;ocean;0
18111;114;10;255;sea;false;ocean;0
18112;54;25;255;sea;false;ocean;0
18113;62;24;255;sea;false;ocean;0
18114;121;21;255;sea;false;ocean;0
18115;70;44;255;sea;false;ocean;0
18116;113;24;255;sea;false;ocean;0
18117;19;77;255;sea;false;ocean;0
18118;70;103;255;sea;false;ocean;0
18119;4;45;255;sea;false;ocean;0
18120;74;50;255;sea;false;ocean;0
18121;42;125;255;sea;false;ocean;0
18122;73;139;255;sea;true;ocean;0
18123;49;79;255;sea;true;ocean;0
18124;98;90;255;sea;true;ocean;0
18125;105;104;255;sea;false;ocean;0
18126;38;72;255;sea;false;ocean;0
18127;58;112;255;sea;false;ocean;0
18128;60;76;255;sea;false;ocean;0
18129;70;96;255;sea;false;ocean;0
18130;48;78;255;sea;false;ocean;0
18131;40;62;255;sea;false;ocean;0
18132;82;97;255;sea;false;ocean;0
18133;86;101;255;sea;false;ocean;0
18134;89;60;255;sea;false;ocean;0
18135;43;102;255;sea;false;ocean;0
18136;33;10;255;sea;true;ocean;0
18137;38;17;255;sea;true;ocean;0
18138;33;3;255;sea;true;ocean;0
18139;57;8;255;sea;true;ocean;0
18140;59;36;255;sea;true;ocean;0
18141;56;46;255;sea;false;ocean;0
18142;24;31;255;sea;true;ocean;0
18143;38;12;255;sea;true;ocean;0
18144;74;17;255;sea;false;ocean;0
18145;96;68;255;sea;false;ocean;0
18146;113;74;255;sea;false;ocean;0
18147;103;38;255;sea;false;ocean;0
18148;104;23;255;sea;false;ocean;0
18149;141;38;255;sea;false;ocean;0
18150;106;63;255;sea;true;ocean;0
18151;116;76;255;sea;false;ocean;0
18152;143;74;255;sea;true;ocean;0
18153;160;55;255;sea;true;ocean;0
18154;28;47;255;sea;true;ocean;0
18155;55;16;255;sea;true;ocean;0
18156;98;44;255;sea;false;ocean;0
18157;83;18;255;sea;false;ocean;0
18158;55;33;255;sea;true;ocean;0
18159;71;148;255;sea;true;ocean;0
18160;17;92;255;sea;false;ocean;0
18161;56;86;255;sea;true;ocean;0
18162;73;124;255;sea;false;ocean;0
18163;51;98;255;sea;false;ocean;0
18164;52;149;255;sea;false;ocean;0
18165;107;93;255;sea;true;ocean;0
18166;109;94;255;sea;false;ocean;0
18167;121;39;255;sea;false;ocean;0
18168;122;34;255;sea;false;ocean;0
18169;50;56;255;sea;false;ocean;0
18170;56;73;255;sea;false;ocean;0
18171;85;29;255;sea;false;ocean;0
18172;84;68;255;sea;false;ocean;0
18173;100;38;255;sea;false;ocean;0
18174;52;4;255;sea;false;ocean;0
18175;25;23;255;sea;false;ocean;0
18176;87;35;255;sea;false;ocean;0
18177;37;37;255;sea;false;ocean;0
18178;126;113;255;sea;false;ocean;0
18179;141;121;255;sea;false;ocean;0
18180;101;99;255;sea;false;ocean;0
18181;102;136;255;sea;false;ocean;0
18182;96;114;255;sea;false;ocean;0
18183;90;136;255;sea;false;ocean;0
18184;132;117;255;sea;false;ocean;0
18185;93;51;255;sea;false;ocean;0
18186;44;14;255;sea;true;ocean;0
18187;76;4;255;sea;true;ocean;0
18188;69;64;255;sea;false;ocean;0
18189;108;4;255;sea;true;ocean;0
18190;92;22;255;sea;false;ocean;0
18191;91;8;255;sea;false;ocean;0
18192;65;2;255;sea;true;ocean;0
18193;88;50;255;sea;false;ocean;0
18194;56;0;255;sea;false;ocean;0
18195;101;27;255;sea;true;ocean;0
18196;82;17;255;sea;false;ocean;0
18197;120;111;255;sea;false;ocean;0
18198;102;133;255;sea;true;ocean;0
18199;147;110;255;sea;false;ocean;0
18200;77;85;255;sea;true;ocean;0
18201;127;120;255;sea;false;ocean;0
18202;78;102;255;sea;true;ocean;0
18203;86;144;255;sea;false;ocean;0
18204;141;77;255;sea;false;ocean;0
18205;89;89;255;sea;false;ocean;0
18206;148;86;255;sea;false;ocean;0
18207;12;8;255;sea;true;ocean;0
18208;49;5;255;sea;true;ocean;0
18209;123;14;255;sea;false;ocean;0
18210;109;10;255;sea;false;ocean;0
18211;78;42;255;sea;false;ocean;0
18212;116;42;255;sea;false;ocean;0
18213;78;14;255;sea;false;ocean;0
18214;81;11;255;sea;false;ocean;0
18215;73;36;255;sea;false;ocean;0
18216;82;28;255;sea;false;ocean;0
18217;107;100;255;sea;false;ocean;0
18218;82;82;255;sea;false;ocean;0
18219;104;27;255;sea;false;ocean;0
18220;84;48;255;sea;false;ocean;0
18221;44;18;255;sea;false;ocean;0
18222;53;21;255;sea;false;ocean;0
18223;18;58;255;sea;false;ocean;0
18224;8;29;255;sea;false;ocean;0
18225;34;77;255;sea;false;ocean;0
18226;49;52;255;sea;false;ocean;0
18227;24;75;255;sea;false;ocean;0
18228;44;120;255;sea;false;ocean;0
18229;38;113;255;sea;true;ocean;0
18230;50;101;255;sea;false;ocean;0
18231;8;62;255;sea;true;ocean;0
18232;31;68;255;sea;false;ocean;0
18233;28;118;255;sea;true;ocean;0
18234;136;108;255;sea;false;ocean;0
18235;155;111;255;sea;false;ocean;0
18236;149;122;255;sea;true;ocean;0
18237;107;128;255;sea;false;ocean;0
18238;108;91;255;sea;true;ocean;0
18239;53;92;255;sea;false;ocean;0
18240;74;119;255;sea;false;ocean;0
18241;117;122;255;sea;true;ocean;0
18242;93;92;255;sea;false;ocean;0
18243;92;97;255;sea;false;ocean;0
18244;102;90;255;sea;false;ocean;0
18245;62;59;255;sea;false;ocean;0
18246;116;81;255;sea;false;ocean;0
18247;71;124;255;sea;true;ocean;0
18248;78;110;255;sea;false;ocean;0
18249;84;108;255;sea;false;ocean;0
18250;86;1;255;sea;false;ocean;0
18251;114;9;255;sea;false;ocean;0
18252;99;46;255;sea;false;ocean;0
18253;82;52;255;sea;false;ocean;0
18254;72;8;255;sea;false;ocean;0
18255;47;35;255;sea;false;ocean;0
18256;62;40;255;sea;false;ocean;0
18257;50;45;255;sea;false;ocean;0
18258;122;25;255;sea;false;ocean;0
18259;124;10;255;sea;false;ocean;0
18260;50;119;255;sea;false;ocean;0
18261;55;114;255;sea;false;ocean;0
18262;48;129;255;sea;false;ocean;0
18263;54;128;255;sea;false;ocean;0
18264;24;100;255;sea;true;ocean;0
18265;32;155;255;sea;true;ocean;0
18266;39;123;255;sea;false;ocean;0
18267;17;138;255;sea;false;ocean;0
18268;32;97;255;sea;false;ocean;0
18269;51;154;255;sea;false;ocean;0
18270;42;59;255;sea;false;ocean;0
18271;36;17;255;sea;false;ocean;0
18272;7;42;255;sea;false;ocean;0
18273;65;86;255;sea;true;ocean;0
18274;11;27;255;sea;true;ocean;0
18275;0;13;255;sea;true;ocean;0
18276;27;9;255;sea;false;ocean;0
18277;53;25;255;sea;false;ocean;0
18278;43;32;255;sea;false;ocean;0
18279;39;45;255;sea;false;ocean;0
18280;81;32;255;sea;false;ocean;0
18281;13;23;255;sea;false;ocean;0
18282;35;15;255;sea;false;ocean;0
18283;39;0;255;sea;false;ocean;0
18284;49;0;255;sea;false;ocean;0
18285;19;44;255;sea;false;ocean;0
18286;73;18;255;sea;false;ocean;0
18287;72;26;255;sea;false;ocean;0
18288;25;27;255;sea;false;ocean;0
18289;45;3;255;sea;false;ocean;0
18290;120;156;255;sea;true;ocean;0
18291;95;129;255;sea;true;ocean;0
18292;132;141;255;sea;true;ocean;0
18293;113;87;255;sea;true;ocean;0
18294;159;156;255;sea;true;ocean;0
18295;31;21;255;sea;true;ocean;0
18296;43;30;255;sea;true;ocean;0
18297;13;35;255;sea;true;ocean;0
18298;14;44;255;sea;true;ocean;0
18299;46;21;255;sea;true;ocean;0
18300;21;138;255;sea;false;ocean;0
18301;67;108;255;sea;false;ocean;0
18302;81;118;255;sea;false;ocean;0
18303;34;103;255;sea;true;ocean;0
18304;20;103;255;sea;false;ocean;0
18305;48;100;255;sea;false;ocean;0
18306;62;94;255;sea;true;ocean;0
18307;113;15;255;sea;true;ocean;0
18308;6;102;255;sea;false;ocean;0
18309;9;105;255;sea;false;ocean;0
18310;22;111;255;sea;false;ocean;0
18311;48;95;255;sea;false;ocean;0
18312;26;60;255;sea;false;ocean;0
18313;54;84;255;sea;false;ocean;0
18314;10;144;255;sea;false;ocean;0
18315;37;87;255;sea;true;ocean;0
18316;41;120;255;sea;true;ocean;0
18317;12;152;255;sea;false;ocean;0
18318;24;83;255;sea;false;ocean;0
18319;13;108;255;sea;false;ocean;0
18320;2;101;255;sea;true;ocean;0
18321;79;77;255;sea;false;ocean;0
18322;60;93;255;sea;false;ocean;0
18323;52;60;255;sea;false;ocean;0
18324;94;62;255;sea;false;ocean;0
18325;38;58;255;sea;false;ocean;0
18326;0;0;255;sea;true;ocean;0
18327;22;1;255;sea;true;ocean;0
18328;26;1;255;sea;true;ocean;0
18329;0;41;255;sea;true;ocean;0
18330;48;5;255;sea;true;ocean;0
18331;38;18;255;sea;true;ocean;0
18332;55;27;255;sea;true;ocean;0
18333;37;17;255;sea;true;ocean;0
18334;33;115;255;sea;true;ocean;0
18335;6;55;255;sea;true;ocean;0
18336;33;80;255;sea;true;ocean;0
18337;38;112;255;sea;true;ocean;0
18338;8;122;255;sea;true;ocean;0
18339;22;91;255;sea;true;ocean;0
18340;66;81;255;sea;true;ocean;0
18341;102;148;255;sea;false;ocean;0
18342;118;82;255;sea;true;ocean;0
18343;108;75;255;sea;false;ocean;0
18344;80;117;255;sea;false;ocean;0
18345;124;78;255;sea;true;ocean;0
18346;82;133;255;sea;false;ocean;0
18347;83;105;255;sea;true;ocean;0
18348;113;95;255;sea;true;ocean;0
18349;84;105;255;sea;true;ocean;0
18350;133;94;255;sea;true;ocean;0
18351;133;137;255;sea;true;ocean;0
18352;128;77;255;sea;true;ocean;0
18353;123;131;255;sea;false;ocean;0
18354;114;113;255;sea;true;ocean;0
18355;80;108;255;sea;true;ocean;0
18356;47;125;255;sea;false;ocean;0
18357;100;54;255;sea;false;ocean;0
18358;74;64;255;sea;true;ocean;0
18359;117;113;255;sea;true;ocean;0
18360;40;132;255;sea;false;ocean;0
18361;31;80;255;sea;false;ocean;0
18362;24;105;255;sea;false;ocean;0
18363;34;82;255;sea;false;ocean;0
18364;50;103;255;sea;false;ocean;0
18365;63;59;255;sea;true;ocean;0
18366;37;16;255;sea;false;ocean;0
18367;23;65;255;sea;false;ocean;0
18368;59;16;255;sea;false;ocean;0
18369;45;39;255;sea;true;ocean;0
18370;15;75;255;sea;false;ocean;0
18371;74;53;255;sea;true;ocean;0
18372;23;37;255;sea;false;ocean;0
18373;15;23;255;sea;false;ocean;0
18374;61;67;255;sea;false;ocean;0
18375;32;34;255;sea;false;ocean;0
18376;40;55;255;sea;false;ocean;0
18377;41;37;255;sea;false;ocean;0
18378;69;40;255;sea;true;ocean;0
18379;36;48;255;sea;false;ocean;0
18380;45;105;255;sea;true;ocean;0
18381;98;103;255;sea;true;ocean;0
18382;46;107;255;sea;true;ocean;0
18383;79;60;255;sea;true;ocean;0
18384;50;41;255;sea;true;ocean;0
18385;79;40;255;sea;true;ocean;0
18386;108;105;255;sea;false;ocean;0
18387;12;118;255;sea;true;ocean;0
18388;29;63;255;sea;false;ocean;0
18389;16;100;255;sea;true;ocean;0
18390;9;107;255;sea;true;ocean;0
18391;22;72;255;sea;false;ocean;0
18392;26;72;255;sea;true;ocean;0
18393;49;131;255;sea;false;ocean;0
18394;4;129;255;sea;true;ocean;0
18395;21;57;255;sea;true;ocean;0
18396;41;98;255;sea;true;ocean;0
18397;19;66;255;sea;true;ocean;0
18398;35;116;255;sea;true;ocean;0
18399;8;132;255;sea;true;ocean;0
18400;28;109;255;sea;false;ocean;0
18401;23;66;255;sea;true;ocean;0
18402;52;57;255;sea;false;ocean;0
18403;33;126;255;sea;true;ocean;0
18404;36;65;255;sea;true;ocean;0
18405;20;71;255;sea;true;ocean;0
18406;17;102;255;sea;true;ocean;0
18407;45;128;255;sea;false;ocean;0
18408;48;130;255;sea;true;ocean;0
18409;107;2;255;sea;false;ocean;0
18410;120;8;255;sea;false;ocean;0
18411;124;64;255;sea;true;ocean;0
18412;80;61;255;sea;true;ocean;0
18413;122;38;255;sea;true;ocean;0
18414;64;50;255;sea;false;ocean;0
18415;83;25;255;sea;false;ocean;0
18416;115;11;255;sea;true;ocean;0
18417;117;62;255;sea;true;ocean;0
18418;57;41;255;sea;true;ocean;0
18419;79;7;255;sea;true;ocean;0
18420;106;4;255;sea;true;ocean;0
18421;58;61;255;sea;true;ocean;0
18422;112;67;255;sea;false;ocean;0
18423;70;24;255;sea;true;ocean;0
18424;61;68;255;sea;true;ocean;0
18425;73;37;255;sea;true;ocean;0
18426;13;88;255;sea;true;ocean;0
18427;59;90;255;sea;true;ocean;0
18428;47;72;255;sea;true;ocean;0
18429;83;65;255;sea;true;ocean;0
18430;61;71;255;sea;false;ocean;0
18431;70;74;255;sea;false;ocean;0
18432;123;45;255;sea;true;ocean;0
18433;73;101;255;sea;false;ocean;0
18434;82;30;255;sea;false;ocean;0
18435;81;71;255;sea;true;ocean;0
18436;71;43;255;sea;true;ocean;0
18437;66;70;255;sea;false;ocean;0
18438;52;54;255;sea;false;ocean;0
18439;48;96;255;sea;false;ocean;0
18440;70;62;255;sea;false;ocean;0
18441;64;33;255;sea;true;ocean;0
18442;104;34;255;sea;true;ocean;0
18443;57;35;255;sea;true;ocean;0
18444;95;2;255;sea;true;ocean;0
18445;66;55;255;sea;true;ocean;0
18446;88;57;255;sea;true;ocean;0
18447;116;35;255;sea;true;ocean;0
18448;100;71;255;sea;false;ocean;0
18449;120;17;255;sea;true;ocean;0
18450;86;72;255;sea;false;ocean;0
18451;72;31;255;sea;true;ocean;0
18452;88;44;255;sea;true;ocean;0
18453;101;87;255;sea;true;ocean;0
18454;62;12;255;sea;false;ocean;0
18455;86;32;255;sea;true;ocean;0
18456;113;70;255;sea;true;ocean;0
18457;109;72;255;sea;true;ocean;0
18458;147;67;255;sea;true;ocean;0
18459;85;81;255;sea;false;ocean;0
18460;150;19;255;sea;true;ocean;0
18461;151;17;255;sea;true;ocean;0
18462;123;77;255;sea;true;ocean;0
18463;131;75;255;sea;false;ocean;0
18464;98;56;255;sea;false;ocean;0
18465;91;18;255;sea;true;ocean;0
18466;80;50;255;sea;false;ocean;0
18467;91;91;255;sea;false;ocean;0
18468;48;18;255;sea;true;ocean;0
18469;25;38;255;sea;true;ocean;0
18470;71;23;255;sea;true;ocean;0
18471;72;52;255;sea;true;ocean;0
18472;105;40;255;sea;true;ocean;0
18473;74;94;255;sea;true;ocean;0
18474;46;35;255;sea;false;ocean;0
18475;54;37;255;sea;false;ocean;0
18476;43;35;255;sea;true;ocean;0
18477;61;81;255;sea;true;ocean;0
18478;75;38;255;sea;true;ocean;0
18479;91;46;255;sea;true;ocean;0
18480;96;33;255;sea;true;ocean;0
18481;27;41;255;sea;false;ocean;0
18482;64;18;255;sea;false;ocean;0
18483;40;24;255;sea;false;ocean;0
18484;28;54;255;sea;false;ocean;0
18485;25;72;255;sea;true;ocean;0
18486;4;118;255;sea;true;ocean;0
18487;38;116;255;sea;true;ocean;0
18488;40;88;255;sea;true;ocean;0
18489;4;130;255;sea;false;ocean;0
18490;68;23;255;sea;false;ocean;0
18491;25;0;255;sea;false;ocean;0
18492;25;3;255;sea;false;ocean;0
18493;61;14;255;sea;false;ocean;0
18494;72;11;255;sea;false;ocean;0
18495;37;28;255;sea;false;ocean;0
18496;106;93;255;sea;false;ocean;0
18497;113;107;255;sea;true;ocean;0
18498;142;61;255;sea;true;ocean;0
18499;154;59;255;sea;false;ocean;0
18500;101;113;255;sea;true;ocean;0
18501;90;48;255;sea;true;ocean;0
18502;103;117;255;sea;true;ocean;0
18503;77;110;255;sea;false;ocean;0
18504;110;105;255;sea;true;ocean;0
18505;117;44;255;sea;true;ocean;0
18506;35;101;255;sea;true;ocean;0
18507;58;94;255;sea;false;ocean;0
18508;8;69;255;sea;false;ocean;0
18509;71;118;255;sea;false;ocean;0
18510;55;105;255;sea;true;ocean;0
18511;74;80;255;sea;false;ocean;0
18512;15;129;255;sea;false;ocean;0
18513;63;68;255;sea;false;ocean;0
18514;55;79;255;sea;true;ocean;0
18515;66;117;255;sea;true;ocean;0
18516;19;123;255;sea;true;ocean;0
18517;61;98;255;sea;true;ocean;0
18518;74;129;255;sea;true;ocean;0
18519;42;81;255;sea;true;ocean;0
18520;74;75;255;sea;true;ocean;0
18521;49;106;255;sea;true;ocean;0
18522;15;72;255;sea;false;ocean;0
18523;48;17;255;sea;false;ocean;0
18524;10;75;255;sea;false;ocean;0
18525;5;61;255;sea;false;ocean;0
18526;158;6;255;sea;false;ocean;0
18527;157;3;255;sea;false;ocean;0
18528;120;19;255;sea;false;ocean;0
18529;114;25;255;sea;false;ocean;0
18530;90;4;255;sea;true;ocean;0
18531;131;65;255;sea;false;ocean;0
18532;114;17;255;sea;true;ocean;0
18533;124;56;255;sea;false;ocean;0
18534;97;13;255;sea;false;ocean;0
18535;161;56;255;sea;false;ocean;0
18536;37;123;255;sea;false;ocean;0
18537;12;148;255;sea;false;ocean;0
18538;35;88;255;sea;false;ocean;0
18539;60;156;255;sea;false;ocean;0
18540;31;151;255;sea;false;ocean;0
18541;6;155;255;sea;false;ocean;0
18542;83;119;255;sea;false;ocean;0
18543;23;93;255;sea;true;ocean;0
18544;47;103;255;sea;true;ocean;0
18545;12;106;255;sea;false;ocean;0
18546;35;84;255;sea;false;ocean;0
18547;73;32;255;sea;true;ocean;0
18548;9;54;255;sea;true;ocean;0
18549;20;55;255;sea;true;ocean;0
18550;62;106;255;sea;true;ocean;0
18551;50;38;255;sea;false;ocean;0
18552;26;54;255;sea;true;ocean;0
18553;116;105;255;sea;true;ocean;0
18554;88;77;255;sea;true;ocean;0
18555;101;93;255;sea;true;ocean;0
18556;95;122;255;sea;true;ocean;0
18557;68;63;255;sea;true;ocean;0
18558;73;118;255;sea;true;ocean;0
18559;38;100;255;sea;false;ocean;0
18560;58;86;255;sea;true;ocean;0
18561;1;49;255;sea;true;ocean;0
18562;9;104;255;sea;true;ocean;0
18563;0;80;255;sea;false;ocean;0
18564;19;81;255;sea;true;ocean;0
18565;33;67;255;sea;false;ocean;0
18566;33;110;255;sea;true;ocean;0
18567;2;109;255;sea;true;ocean;0
18568;35;93;255;sea;false;ocean;0
18569;123;40;255;sea;false;ocean;0
18570;105;17;255;sea;true;ocean;0
18571;127;46;255;sea;false;ocean;0
18572;150;28;255;sea;true;ocean;0
18573;75;21;255;sea;true;ocean;0
18574;92;35;255;sea;true;ocean;0
18575;78;43;255;sea;false;ocean;0
18576;114;15;255;sea;false;ocean;0
18577;124;14;255;sea;true;ocean;0
18578;81;35;255;sea;true;ocean;0
18579;118;43;255;sea;true;ocean;0
18580;85;0;255;sea;false;ocean;0
18581;110;13;255;sea;false;ocean;0
18582;109;4;255;sea;true;ocean;0
18583;116;6;255;sea;false;ocean;0
18584;101;10;255;sea;false;ocean;0
18585;58;31;255;sea;false;ocean;0
18586;50;31;255;sea;false;ocean;0
18587;66;26;255;sea;true;ocean;0
18588;50;35;255;sea;false;ocean;0
18589;91;5;255;sea;true;ocean;0
18590;114;6;255;sea;false;ocean;0
18591;101;18;255;sea;true;ocean;0
18592;84;42;255;sea;false;ocean;0
18593;87;41;255;sea;false;ocean;0
18594;94;40;255;sea;false;ocean;0
18595;96;4;255;sea;false;ocean;0
18596;62;27;255;sea;false;ocean;0
18597;73;62;255;sea;true;ocean;0
18598;72;74;255;sea;true;ocean;0
18599;53;72;255;sea;false;ocean;0
18600;39;107;255;sea;false;ocean;0
18601;55;82;255;sea;true;ocean;0
18602;35;43;255;sea;false;ocean;0
18603;82;70;255;sea;false;ocean;0
18604;28;34;255;sea;false;ocean;0
18605;30;43;255;sea;false;ocean;0
18606;95;92;255;sea;true;ocean;0
18607;39;95;255;sea;true;ocean;0
18608;33;64;255;sea;false;ocean;0
18609;96;43;255;sea;false;ocean;0
18610;53;70;255;sea;false;ocean;0
18611;80;58;255;sea;true;ocean;0
18612;44;45;255;sea;true;ocean;0
18613;91;63;255;sea;false;ocean;0
18614;48;97;255;sea;true;ocean;0
18615;43;46;255;sea;false;ocean;0
18616;71;96;255;sea;true;ocean;0
18617;53;62;255;sea;false;ocean;0
18618;58;57;255;sea;true;ocean;0
18619;56;94;255;sea;false;ocean;0
18620;34;42;255;sea;false;ocean;0
18621;68;0;255;sea;true;ocean;0
18622;84;46;255;sea;true;ocean;0
18623;27;12;255;sea;true;ocean;0
18624;74;41;255;sea;true;ocean;0
18625;74;57;255;sea;true;ocean;0
18626;15;44;255;sea;false;ocean;0
18627;9;0;255;sea;true;ocean;0
18628;37;32;255;sea;true;ocean;0
18629;58;22;255;sea;true;ocean;0
18630;23;42;255;sea;true;ocean;0
18631;26;73;255;sea;true;ocean;0
18632;63;4;255;sea;true;ocean;0
18633;51;23;255;sea;true;ocean;0
18634;97;10;255;sea;false;ocean;0
18635;109;40;255;sea;false;ocean;0
18636;86;29;255;sea;false;ocean;0
18637;39;27;255;sea;false;ocean;0
18638;19;34;255;sea;false;ocean;0
18639;10;5;255;sea;false;ocean;0
18640;1;77;255;sea;false;ocean;0
18641;28;56;255;sea;false;ocean;0
18642;1;42;255;sea;true;ocean;0
18643;8;59;255;sea;true;ocean;0
18644;25;73;255;sea;true;ocean;0
18645;4;29;255;sea;false;ocean;0
18646;27;84;255;sea;true;ocean;0
18647;53;11;255;sea;true;ocean;0
18648;134;84;255;sea;false;ocean;0
18649;147;74;255;sea;false;ocean;0
18650;74;93;255;sea;true;ocean;0
18651;125;52;255;sea;true;ocean;0
18652;82;46;255;sea;false;ocean;0
18653;147;46;255;sea;false;ocean;0
18654;88;73;255;sea;false;ocean;0
18655;110;55;255;sea;true;ocean;0
18656;151;56;255;sea;true;ocean;0
18657;142;72;255;sea;false;ocean;0
18658;158;37;255;sea;false;ocean;0
18659;149;29;255;sea;false;ocean;0
18660;44;51;255;sea;true;ocean;0
18661;8;106;255;sea;true;ocean;0
18662;8;82;255;sea;false;ocean;0
18663;22;79;255;sea;false;ocean;0
18664;1;84;255;sea;true;ocean;0
18665;10;95;255;sea;true;ocean;0
18666;66;65;255;sea;false;ocean;0
18667;6;83;255;sea;false;ocean;0
18668;91;7;255;sea;true;ocean;0
18669;119;15;255;sea;false;ocean;0
18670;153;37;255;sea;false;ocean;0
18671;122;22;255;sea;true;ocean;0
18672;101;3;255;sea;true;ocean;0
18673;40;12;255;sea;true;ocean;0
18674;89;9;255;sea;false;ocean;0
18675;25;13;255;sea;true;ocean;0
18676;97;3;255;sea;false;ocean;0
18677;96;41;255;sea;true;ocean;0
18678;92;34;255;sea;false;ocean;0
18679;52;22;255;sea;false;ocean;0
18680;77;9;255;sea;true;ocean;0
18681;87;12;255;sea;false;ocean;0
18682;101;24;255;sea;true;ocean;0
18683;51;65;255;sea;true;ocean;0
18684;39;24;255;sea;true;ocean;0
18685;47;77;255;sea;true;ocean;0
18686;58;50;255;sea;true;ocean;0
18687;2;87;255;sea;true;ocean;0
18688;11;34;255;sea;true;ocean;0
18689;30;48;255;sea;false;ocean;0
18690;10;74;255;sea;true;ocean;0
18691;30;32;255;sea;true;ocean;0
18692;42;108;255;sea;false;ocean;0
18693;8;36;255;sea;false;ocean;0
18694;5;101;255;sea;true;ocean;0
18695;30;69;255;sea;true;ocean;0
18696;13;86;255;sea;false;ocean;0
18697;41;78;255;sea;true;ocean;0
18698;26;102;255;sea;true;ocean;0
18699;58;51;255;sea;false;ocean;0
18700;95;103;255;sea;true;ocean;0
18701;87;74;255;sea;false;ocean;0
18702;98;87;255;sea;true;ocean;0
18703;38;106;255;sea;true;ocean;0
18704;68;67;255;sea;true;ocean;0
18705;70;102;255;sea;false;ocean;0
18706;97;75;255;sea;false;ocean;0
18707;91;87;255;sea;false;ocean;0
18708;102;47;255;sea;false;ocean;0
18709;50;59;255;sea;false;ocean;0
18710;45;85;255;sea;false;ocean;0
18711;77;36;255;sea;false;ocean;0
18712;103;91;255;sea;false;ocean;0
18713;38;34;255;sea;false;ocean;0
18714;78;91;255;sea;false;ocean;0
18715;49;91;255;sea;false;ocean;0
18716;90;98;255;sea;false;ocean;0
18717;114;26;255;sea;false;ocean;0
18718;100;16;255;sea;false;ocean;0
18719;86;33;255;sea;false;ocean;0
18720;127;1;255;sea;false;ocean;0
18721;125;12;255;sea;true;ocean;0
18722;127;24;255;sea;true;ocean;0
18723;85;17;255;sea;false;ocean;0
18724;95;29;255;sea;false;ocean;0
18725;103;25;255;sea;false;ocean;0
18726;69;38;255;sea;false;ocean;0
18727;121;25;255;sea;false;ocean;0
18728;130;19;255;sea;false;ocean;0
18729;120;15;255;sea;true;ocean;0
18730;75;4;255;sea;true;ocean;0
18731;112;30;255;sea;false;ocean;0
18732;0;139;255;sea;false;ocean;0
18733;17;105;255;sea;true;ocean;0
18734;48;128;255;sea;true;ocean;0
18735;1;140;255;sea;true;ocean;0
18736;103;65;255;sea;false;ocean;0
18737;45;64;255;sea;false;ocean;0
18738;62;44;255;sea;false;ocean;0
18739;37;2;255;sea;false;ocean;0
18740;55;39;255;sea;false;ocean;0
18741;111;50;255;sea;false;ocean;0
18742;36;53;255;sea;false;ocean;0
18743;43;60;255;sea;false;ocean;0
18744;99;66;255;sea;false;ocean;0
18745;43;45;255;sea;false;ocean;0
18746;74;4;255;sea;true;ocean;0
18747;56;15;255;sea;true;ocean;0
18748;94;14;255;sea;true;ocean;0
18749;74;19;255;sea;false;ocean;0
18750;131;55;255;sea;false;ocean;0
18751;96;60;255;sea;false;ocean;0
18752;105;31;255;sea;true;ocean;0
18753;130;47;255;sea;false;ocean;0
18754;133;80;255;sea;true;ocean;0
18755;104;53;255;sea;false;ocean;0
18756;101;37;255;sea;false;ocean;0
18757;149;8;255;sea;false;ocean;0
18758;132;9;255;sea;false;ocean;0
18759;153;40;255;sea;true;ocean;0
18760;102;58;255;sea;true;ocean;0
18761;82;24;255;sea;true;ocean;0
18762;105;52;255;sea;false;ocean;0
18763;80;73;255;sea;false;ocean;0
18764;98;69;255;sea;false;ocean;0
18765;87;64;255;sea;false;ocean;0
18766;84;24;255;sea;false;ocean;0
18767;62;35;255;sea;false;ocean;0
18768;57;5;255;sea;false;ocean;0
18769;54;15;255;sea;false;ocean;0
18770;95;4;255;sea;false;ocean;0
18771;98;22;255;sea;false;ocean;0
18772;51;13;255;sea;false;ocean;0
18773;72;28;255;sea;false;ocean;0
18774;119;73;255;sea;true;ocean;0
18775;94;34;255;sea;true;ocean;0
18776;62;16;255;sea;true;ocean;0
18777;104;25;255;sea;false;ocean;0
18778;92;17;255;sea;true;ocean;0
18779;134;25;255;sea;true;ocean;0
18780;106;55;255;sea;true;ocean;0
18781;77;82;255;sea;true;ocean;0
18782;118;59;255;sea;true;ocean;0
18783;142;31;255;sea;true;ocean;0
18784;142;18;255;sea;true;ocean;0
18785;137;22;255;sea;true;ocean;0
18786;148;22;255;sea;true;ocean;0
18787;103;29;255;sea;true;ocean;0
18788;125;51;255;sea;true;ocean;0
18789;102;20;255;sea;true;ocean;0
18790;123;46;255;sea;true;ocean;0
18791;36;127;255;sea;false;ocean;0
18792;85;85;255;sea;false;ocean;0
18793;49;93;255;sea;false;ocean;0
18794;15;114;255;sea;true;ocean;0
18795;21;96;255;sea;true;ocean;0
18796;15;58;255;sea;false;ocean;0
18797;27;52;255;sea;false;ocean;0
18798;53;35;255;sea;false;ocean;0
18799;47;56;255;sea;false;ocean;0
18800;29;51;255;sea;false;ocean;0
18801;24;25;255;sea;false;ocean;0
18802;9;25;255;sea;false;ocean;0
18803;41;35;255;sea;false;ocean;0
18804;115;76;255;sea;true;ocean;0
18805;101;104;255;sea;true;ocean;0
18806;106;22;255;sea;false;ocean;0
18807;121;46;255;sea;false;ocean;0
18808;101;11;255;sea;false;ocean;0
18809;60;18;255;sea;false;ocean;0
18810;128;47;255;sea;false;ocean;0
18811;115;32;255;sea;false;ocean;0
18812;83;38;255;sea;false;ocean;0
18813;63;108;255;sea;false;ocean;0
18814;63;42;255;sea;false;ocean;0
18815;45;108;255;sea;true;ocean;0
18816;80;70;255;sea;true;ocean;0
18817;55;30;255;sea;true;ocean;0
18818;70;59;255;sea;true;ocean;0
18819;17;3;255;sea;true;ocean;0
18820;34;7;255;sea;true;ocean;0
18821;44;0;255;sea;true;ocean;0
18822;49;41;255;sea;false;ocean;0
18823;53;42;255;sea;true;ocean;0
18824;44;46;255;sea;true;ocean;0
18825;24;52;255;sea;true;ocean;0
18826;69;86;255;sea;true;ocean;0
18827;71;26;255;sea;false;ocean;0
18828;54;11;255;sea;true;ocean;0
18829;29;53;255;sea;false;ocean;0
18830;29;30;255;sea;true;ocean;0
18831;56;20;255;sea;true;ocean;0
18832;72;40;255;sea;false;ocean;0
18833;43;24;255;sea;true;ocean;0
18834;62;58;255;sea;true;ocean;0
18835;22;64;255;sea;false;ocean;0
18836;98;55;255;sea;false;ocean;0
18837;38;90;255;sea;true;ocean;0
18838;38;111;255;sea;true;ocean;0
18839;43;62;255;sea;false;ocean;0
18840;44;93;255;sea;true;ocean;0
18841;32;100;255;sea;true;ocean;0
18842;44;91;255;sea;true;ocean;0
18843;11;116;255;sea;false;ocean;0
18844;9;110;255;sea;false;ocean;0
18845;74;115;255;sea;false;ocean;0
18846;84;152;255;sea;false;ocean;0
18847;76;152;255;sea;false;ocean;0
18848;72;134;255;sea;false;ocean;0
18849;104;135;255;sea;false;ocean;0
18850;39;40;255;sea;true;ocean;0
18851;35;60;255;sea;false;ocean;0
18852;16;1;255;sea;true;ocean;0
18853;33;18;255;sea;true;ocean;0
18854;2;26;255;sea;true;ocean;0
18855;42;51;255;sea;true;ocean;0
18856;27;38;255;sea;true;ocean;0
18857;61;72;255;sea;true;ocean;0
18858;109;34;255;sea;true;ocean;0
18859;102;97;255;sea;true;ocean;0
18860;144;33;255;sea;true;ocean;0
18861;97;17;255;sea;true;ocean;0
18862;118;7;255;sea;true;ocean;0
18863;89;12;255;sea;false;ocean;0
18864;123;30;255;sea;true;ocean;0
18865;150;17;255;sea;false;ocean;0
18866;131;35;255;sea;false;ocean;0
18867;103;39;255;sea;false;ocean;0
18868;49;81;255;sea;true;ocean;0
18869;41;56;255;sea;true;ocean;0
18870;62;82;255;sea;false;ocean;0
18871;57;81;255;sea;true;ocean;0
18872;65;87;255;sea;false;ocean;0
18873;65;113;255;sea;false;ocean;0
18874;12;37;255;sea;true;ocean;0
18875;75;53;255;sea;false;ocean;0
18876;26;40;255;sea;true;ocean;0
18877;44;50;255;sea;false;ocean;0
18878;1;24;255;sea;false;ocean;0
18879;53;53;255;sea;false;ocean;0
18880;50;27;255;sea;false;ocean;0
18881;45;94;255;sea;true;ocean;0
18882;9;73;255;sea;true;ocean;0
18883;59;25;255;sea;false;ocean;0
18884;40;42;255;sea;true;ocean;0
18885;77;96;255;sea;true;ocean;0
18886;79;62;255;sea;false;ocean;0
18887;68;3;255;sea;false;ocean;0
18888;86;73;255;sea;false;ocean;0
18889;67;37;255;sea;false;ocean;0
18890;22;29;255;sea;false;ocean;0
18891;47;36;255;sea;false;ocean;0
18892;42;23;255;sea;false;ocean;0
18893;2;18;255;sea;false;ocean;0
18894;12;15;255;sea;false;ocean;0
18895;32;28;255;sea;false;ocean;0
18896;15;115;255;sea;false;ocean;0
18897;42;112;255;sea;false;ocean;0
18898;31;83;255;sea;false;ocean;0
18899;32;137;255;sea;false;ocean;0
18900;44;57;255;sea;false;ocean;0
18901;76;55;255;sea;false;ocean;0
18902;78;121;255;sea;true;ocean;0
18903;36;104;255;sea;false;ocean;0
18904;110;127;255;sea;false;ocean;0
18905;74;98;255;sea;true;ocean;0
18906;111;70;255;sea;false;ocean;0
18907;104;117;255;sea;false;ocean;0
18908;105;90;255;sea;false;ocean;0
18909;43;112;255;sea;true;ocean;0
18910;105;111;255;sea;false;ocean;0
18911;95;124;255;sea;false;ocean;0
18912;66;74;255;sea;true;ocean;0
18913;76;104;255;sea;false;ocean;0
18914;58;124;255;sea;true;ocean;0
18915;16;62;255;sea;true;ocean;0
18916;23;110;255;sea;true;ocean;0
18917;37;99;255;sea;true;ocean;0
18918;96;48;255;sea;true;ocean;0
18919;79;100;255;sea;true;ocean;0
18920;54;104;255;sea;false;ocean;0
18921;37;47;255;sea;true;ocean;0
18922;112;72;255;sea;false;ocean;0
18923;64;99;255;sea;true;ocean;0
18924;72;94;255;sea;true;ocean;0
18925;46;91;255;sea;false;ocean;0
18926;47;73;255;sea;true;ocean;0
18927;0;18;255;sea;false;ocean;0
18928;27;50;255;sea;false;ocean;0
18929;33;23;255;sea;true;ocean;0
18930;41;25;255;sea;true;ocean;0
18931;17;33;255;sea;true;ocean;0
18932;31;13;255;sea;true;ocean;0
18933;72;32;255;sea;false;ocean;0
18934;67;46;255;sea;false;ocean;0
18935;97;15;255;sea;false;ocean;0
18936;45;49;255;sea;false;ocean;0
18937;40;2;255;sea;false;ocean;0
18938;55;53;255;sea;false;ocean;0
18939;57;19;255;sea;false;ocean;0
18940;74;16;255;sea;false;ocean;0
18941;86;5;255;sea;true;ocean;0
18942;27;0;255;sea;true;ocean;0
18943;43;36;255;sea;true;ocean;0
18944;75;10;255;sea;true;ocean;0
18945;102;6;255;sea;false;ocean;0
18946;119;9;255;sea;false;ocean;0
18947;122;72;255;sea;false;ocean;0
18948;126;47;255;sea;false;ocean;0
18949;84;59;255;sea;false;ocean;0
18950;89;1;255;sea;false;ocean;0
18951;68;7;255;sea;false;ocean;0
18952;143;75;255;sea;false;ocean;0
18953;67;79;255;sea;false;ocean;0
18954;85;44;255;sea;false;ocean;0
18955;33;8;255;sea;true;ocean;0
18956;40;18;255;sea;false;ocean;0
18957;12;11;255;sea;true;ocean;0
18958;19;43;255;sea;false;ocean;0
18959;23;3;255;sea;false;ocean;0
18960;17;8;255;sea;false;ocean;0
18961;1;19;255;sea;true;ocean;0
18962;67;88;255;sea;true;ocean;0
18963;40;79;255;sea;true;ocean;0
18964;87;90;255;sea;true;ocean;0
18965;89;111;255;sea;false;ocean;0
18966;70;117;255;sea;true;ocean;0
18967;83;129;255;sea;true;ocean;0
18968;81;100;255;sea;false;ocean;0
18969;144;45;255;sea;false;ocean;0
18970;97;109;255;sea;true;ocean;0
18971;85;72;255;sea;false;ocean;0
18972;141;39;255;sea;true;ocean;0
18973;118;76;255;sea;false;ocean;0
18974;122;76;255;sea;false;ocean;0
18975;30;103;255;sea;true;ocean;0
18976;17;99;255;sea;false;ocean;0
18977;41;30;255;sea;false;ocean;0
18978;1;68;255;sea;true;ocean;0
18979;13;104;255;sea;true;ocean;0
18980;106;117;255;sea;false;ocean;0
18981;98;95;255;sea;false;ocean;0
18982;65;126;255;sea;false;ocean;0
18983;43;63;255;sea;false;ocean;0
18984;13;69;255;sea;false;ocean;0
18985;52;49;255;sea;false;ocean;0
18986;44;105;255;sea;true;ocean;0
18987;28;84;255;sea;false;ocean;0
18988;60;77;255;sea;false;ocean;0
18989;55;51;255;sea;true;ocean;0
18990;34;85;255;sea;false;ocean;0
18991;16;103;255;sea;false;ocean;0
18992;29;107;255;sea;true;ocean;0
18993;26;45;255;sea;false;ocean;0
18994;40;135;255;sea;true;ocean;0
18995;28;122;255;sea;false;ocean;0
18996;73;63;255;sea;false;ocean;0
18997;91;85;255;sea;false;ocean;0
18998;91;70;255;sea;true;ocean;0
18999;117;102;255;sea;false;ocean;0
19000;7;95;255;sea;false;ocean;0
19001;54;157;255;sea;false;ocean;0
19002;36;106;255;sea;false;ocean;0
19003;57;109;255;sea;false;ocean;0
19004;7;97;255;sea;false;ocean;0
19005;46;157;255;sea;false;ocean;0
19006;70;153;255;sea;false;ocean;0
19007;41;117;255;sea;false;ocean;0
19008;14;111;255;sea;false;ocean;0
19009;17;113;255;sea;false;ocean;0
19010;73;149;255;sea;false;ocean;0
19011;69;108;255;sea;false;ocean;0
19012;23;98;255;sea;false;ocean;0
19013;7;86;255;sea;false;ocean;0
19014;24;87;255;sea;false;ocean;0
19015;19;136;255;sea;false;ocean;0
19016;13;84;255;sea;false;ocean;0
19017;38;32;255;sea;false;ocean;0
19018;17;84;255;sea;true;ocean;0
19019;2;32;255;sea;false;ocean;0
19020;103;68;255;sea;false;ocean;0
19021;123;72;255;sea;true;ocean;0
19022;121;11;255;sea;true;ocean;0
19023;108;59;255;sea;true;ocean;0
19024;122;54;255;sea;false;ocean;0
19025;104;39;255;sea;false;ocean;0
19026;96;11;255;sea;true;ocean;0
19027;236;99;128;lake;false;lakes;0
19028;244;98;128;lake;false;lakes;0
19029;219;104;128;lake;false;lakes;0
19030;236;80;128;lake;false;lakes;0
19031;215;107;128;lake;false;lakes;0
19032;252;118;128;lake;false;lakes;0
19033;250;74;128;lake;false;lakes;0
19034;216;77;128;lake;false;lakes;0
19035;254;143;128;lake;false;lakes;0
19036;210;100;128;lake;false;lakes;0
19037;247;99;128;lake;false;lakes;0
19038;237;95;128;lake;false;lakes;0
19039;218;141;128;lake;false;lakes;0
19040;108;58;128;lake;false;lakes;0
19041;74;55;128;lake;false;lakes;0
19042;104;11;128;lake;false;lakes;0
19043;122;76;128;lake;false;lakes;0
19044;63;5;128;lake;false;lakes;0
19045;65;40;128;lake;false;lakes;0
19046;64;63;128;lake;false;lakes;0
19047;117;62;128;lake;false;lakes;0
19048;88;21;128;lake;false;lakes;0
19049;59;67;128;lake;false;lakes;0
19050;74;15;128;lake;false;lakes;0
19051;107;43;128;lake;false;lakes;0
19052;117;1;128;lake;false;lakes;0
19053;67;74;128;lake;false;lakes;0
19054;83;45;128;lake;false;lakes;0
19055;126;13;128;lake;false;lakes;0
19056;115;30;128;lake;false;lakes;0
19057;67;70;128;lake;false;lakes;0
19058;51;91;128;lake;false;lakes;0
19059;32;130;128;lake;false;lakes;0
19060;76;162;128;lake;false;lakes;0
19061;39;111;128;lake;false;lakes;0
19062;62;147;128;lake;false;lakes;0
19063;90;148;128;lake;false;lakes;0
19064;69;107;128;lake;false;lakes;0
19065;69;110;128;lake;false;lakes;0
19066;52;91;128;lake;false;lakes;0
19067;20;155;128;lake;false;lakes;0
19068;88;122;128;lake;false;lakes;0
19069;39;140;128;lake;false;lakes;0
19070;39;126;128;lake;false;lakes;0
19071;47;129;128;lake;false;lakes;0
19072;81;123;128;lake;false;lakes;0
19073;36;106;128;lake;false;lakes;0
19074;19;101;128;lake;false;lakes;0
19075;31;150;128;lake;false;lakes;0
19076;76;98;128;lake;false;lakes;0
19077;16;166;128;lake;false;lakes;0
19078;15;111;128;lake;false;lakes;0
19079;47;117;128;lake;false;lakes;0
19080;73;100;128;lake;false;lakes;0
19081;42;112;128;lake;false;lakes;0
19082;90;91;128;lake;false;lakes;0
19083;41;155;128;lake;false;lakes;0
19084;88;112;128;lake;false;lakes;0
19085;93;158;128;lake;false;lakes;0
19086;63;138;128;lake;false;lakes;0
19087;26;111;128;lake;false;lakes;0
19088;42;133;128;lake;false;lakes;0
19089;58;95;128;lake;false;lakes;0
19090;19;144;128;lake;false;lakes;0
19091;54;130;128;lake;false;lakes;0
19092;26;92;128;lake;false;lakes;0
19093;72;156;128;lake;false;lakes;0
19094;52;94;128;lake;false;lakes;0
19095;26;94;128;lake;false;lakes;0
19096;35;164;128;lake;false;lakes;0
19097;82;87;128;lake;false;lakes;0
19098;60;156;128;lake;false;lakes;0
19099;92;135;128;lake;false;lakes;0
19100;93;153;128;lake;false;lakes;0
19101;71;162;128;lake;false;lakes;0
19102;71;66;128;lake;false;lakes;0
19103;84;52;128;lake;false;lakes;0
19104;93;82;128;lake;false;lakes;0
19105;100;47;128;lake;false;lakes;0
19106;64;88;128;lake;false;lakes;0
19107;66;101;128;lake;false;lakes;0
19108;103;95;128;lake;false;lakes;0
19109;89;103;128;lake;false;lakes;0
19110;54;68;128;lake;false;lakes;0
19111;53;114;128;lake;false;lakes;0
19112;78;74;128;lake;false;lakes;0
19113;117;119;128;lake;false;lakes;0
19114;57;90;128;lake;false;lakes;0
19115;86;59;128;lake;false;lakes;0
19116;113;96;128;lake;false;lakes;0
19117;93;73;128;lake;false;lakes;0
19118;47;72;128;lake;false;lakes;0
19119;66;86;128;lake;false;lakes;0
19120;53;85;128;lake;false;lakes;0
19121;75;84;128;lake;false;lakes;0
19122;61;85;128;lake;false;lakes;0
19123;90;108;128;lake;false;lakes;0
19124;121;91;128;lake;false;lakes;0
19125;101;101;128;lake;false;lakes;0
19126;76;54;128;lake;false;lakes;0
19127;72;56;128;lake;false;lakes;0
19128;116;60;128;lake;false;lakes;0
19129;114;63;128;lake;false;lakes;0
19130;101;119;128;lake;false;lakes;0
19131;75;115;128;lake;false;lakes;0
19132;93;117;128;lake;false;lakes;0
19133;125;99;128;lake;false;lakes;0
19134;98;105;128;lake;false;lakes;0
19135;94;102;128;lake;false;lakes;0
19136;59;87;128;lake;false;lakes;0
19137;103;56;128;lake;false;lakes;0
19138;59;62;128;lake;false;lakes;0
19139;85;125;128;lake;false;lakes;0
19140;115;20;128;lake;false;lakes;0
19141;103;5;128;lake;false;lakes;0
19142;81;62;128;lake;false;lakes;0
19143;73;35;128;lake;false;lakes;0
19144;86;43;128;lake;false;lakes;0
19145;119;2;128;lake;false;lakes;0
19146;107;1;128;lake;false;lakes;0
19147;127;56;128;lake;false;lakes;0
19148;119;36;128;lake;false;lakes;0
19149;58;60;128;lake;false;lakes;0
19150;110;5;128;lake;false;lakes;0
19151;59;18;128;lake;false;lakes;0
19152;108;33;128;lake;false;lakes;0
19153;67;35;128;lake;false;lakes;0
19154;120;18;128;lake;false;lakes;0
19155;83;13;128;lake;false;lakes;0
19156;107;27;128;lake;false;lakes;0
19157;81;3;128;lake;false;lakes;0
19158;98;59;128;lake;false;lakes;0
19159;79;9;128;lake;false;lakes;0
19160;121;22;128;lake;false;lakes;0
19161;83;63;128;lake;false;lakes;0
19162;71;40;128;lake;false;lakes;0
19163;108;42;128;lake;false;lakes;0
19164;124;2;128;lake;false;lakes;0
19165;80;54;128;lake;false;lakes;0
19166;70;10;128;lake;false;lakes;0
19167;55;26;128;lake;false;lakes;0
19168;118;12;128;lake;false;lakes;0
19169;112;61;128;lake;false;lakes;0
19170;78;64;128;lake;false;lakes;0
19171;72;13;128;lake;false;lakes;0
19172;72;54;128;lake;false;lakes;0
19173;81;57;128;lake;false;lakes;0
19174;57;68;128;lake;false;lakes;0
19175;80;28;128;lake;false;lakes;0
19176;47;83;128;lake;false;lakes;0
19177;91;40;128;lake;false;lakes;0
19178;86;79;128;lake;false;lakes;0
19179;56;32;128;lake;false;lakes;0
19180;117;22;128;lake;false;lakes;0
19181;70;53;128;lake;false;lakes;0
19182;116;62;128;lake;false;lakes;0
19183;103;22;128;lake;false;lakes;0
19184;49;47;128;lake;false;lakes;0
19185;90;67;128;lake;false;lakes;0
19186;55;28;128;lake;false;lakes;0
19187;90;52;128;lake;false;lakes;0
19188;92;36;128;lake;false;lakes;0
19189;69;77;128;lake;false;lakes;0
19190;69;11;128;lake;false;lakes;0
19191;80;34;128;lake;false;lakes;0
19192;122;61;128;lake;false;lakes;0
19193;55;14;128;lake;false;lakes;0
19194;58;66;128;lake;false;lakes;0
19195;64;82;128;lake;false;lakes;0
19196;88;6;128;lake;false;lakes;0
19197;84;36;128;lake;false;lakes;0
19198;113;38;128;lake;false;lakes;0
19199;89;5;128;lake;false;lakes;0
19200;77;28;128;lake;false;lakes;0
19201;99;41;128;lake;false;lakes;0
19202;68;58;128;lake;false;lakes;0
19203;72;77;128;lake;false;lakes;0
19204;125;6;128;lake;false;lakes;0
19205;242;251;128;lake;false;lakes;0
19206;237;254;128;lake;false;lakes;0
19207;249;207;128;lake;false;lakes;0
19208;253;191;128;lake;false;lakes;0
19209;252;211;128;lake;false;lakes;0
19210;240;182;128;lake;false;lakes;0
19211;219;180;128;lake;false;lakes;0
19212;251;222;128;lake;false;lakes;0
19213;226;215;128;lake;false;lakes;0
19214;217;253;128;lake;false;lakes;0
19215;88;14;128;lake;false;lakes;0
19216;112;36;128;lake;false;lakes;0
19217;111;18;128;lake;false;lakes;0
19218;89;12;128;lake;false;lakes;0
19219;82;69;128;lake;false;lakes;0
19220;119;20;128;lake;false;lakes;0
19221;113;70;128;lake;false;lakes;0
19222;100;51;128;lake;false;lakes;0
19223;142;81;128;lake;false;lakes;0
19224;87;66;128;lake;false;lakes;0
19225;121;56;128;lake;false;lakes;0
19226;96;83;128;lake;false;lakes;0
19227;154;12;128;lake;false;lakes;0
19228;69;100;128;lake;false;lakes;0
19229;63;133;128;lake;false;lakes;0
19230;75;66;128;lake;false;lakes;0
19231;43;66;128;lake;false;lakes;0
19232;46;69;128;lake;false;lakes;0
19233;20;102;128;lake;false;lakes;0
19234;81;142;128;lake;false;lakes;0
19235;79;98;128;lake;false;lakes;0
19236;78;92;128;lake;false;lakes;0
19237;14;139;128;lake;false;lakes;0
19238;57;82;128;lake;false;lakes;0
19239;51;92;128;lake;false;lakes;0
19240;71;111;128;lake;false;lakes;0
19241;65;87;128;lake;false;lakes;0
19242;74;74;128;lake;false;lakes;0
19243;38;147;128;lake;false;lakes;0
19244;24;89;128;lake;false;lakes;0
19245;29;87;128;lake;false;lakes;0
19246;16;134;128;lake;false;lakes;0
19247;18;93;128;lake;false;lakes;0
19248;43;101;128;lake;false;lakes;0
19249;45;74;128;lake;false;lakes;0
19250;35;96;128;lake;false;lakes;0
19251;83;70;128;lake;false;lakes;0
19252;20;81;128;lake;false;lakes;0
19253;18;114;128;lake;false;lakes;0
19254;24;127;128;lake;false;lakes;0
19255;3;113;128;lake;false;lakes;0
19256;0;149;128;lake;false;lakes;0
19257;0;104;128;lake;false;lakes;0
19258;2;82;128;lake;false;lakes;0
19259;20;113;128;lake;false;lakes;0
19260;51;150;128;lake;false;lakes;0
19261;15;89;128;lake;false;lakes;0
19262;39;127;128;lake;false;lakes;0
19263;12;129;128;lake;false;lakes;0
19264;1;137;128;lake;false;lakes;0
19265;36;81;128;lake;false;lakes;0
19266;45;3;128;lake;false;lakes;0
19267;29;50;128;lake;false;lakes;0
19268;6;33;128;lake;false;lakes;0
19269;32;34;128;lake;false;lakes;0
19270;4;40;128;lake;false;lakes;0
19271;14;42;128;lake;false;lakes;0
19272;44;48;128;lake;false;lakes;0
19273;26;8;128;lake;false;lakes;0
19274;4;28;128;lake;false;lakes;0
19275;29;63;128;lake;false;lakes;0
19276;40;63;128;lake;false;lakes;0
19277;33;14;128;lake;false;lakes;0
19278;38;7;128;lake;false;lakes;0
19279;15;15;128;lake;false;lakes;0
19280;34;47;128;lake;false;lakes;0
19281;35;56;128;lake;false;lakes;0
19282;3;16;128;lake;false;lakes;0
19283;35;61;128;lake;false;lakes;0
19284;2;60;128;lake;false;lakes;0
19285;22;59;128;lake;false;lakes;0
19286;23;111;128;lake;false;lakes;0
19287;21;52;128;lake;false;lakes;0
19288;2;99;128;lake;false;lakes;0
19289;19;39;128;lake;false;lakes;0
19290;27;47;128;lake;false;lakes;0
19291;12;112;128;lake;false;lakes;0
19292;23;109;128;lake;false;lakes;0
19293;18;49;128;lake;false;lakes;0
19294;28;112;128;lake;false;lakes;0
19295;33;36;128;lake;false;lakes;0
19296;38;60;128;lake;false;lakes;0
19297;21;45;128;lake;false;lakes;0
19298;56;217;128;lake;false;lakes;0
19299;39;233;128;lake;false;lakes;0
19300;5;199;128;lake;false;lakes;0
19301;47;231;128;lake;false;lakes;0
19302;45;248;128;lake;false;lakes;0
19303;15;218;128;lake;false;lakes;0
19304;79;211;128;lake;false;lakes;0
19305;35;243;128;lake;false;lakes;0
19306;70;223;128;lake;false;lakes;0
19307;1;236;128;lake;false;lakes;0
19308;48;77;128;lake;false;lakes;0
19309;53;45;128;lake;false;lakes;0
19310;17;107;128;lake;false;lakes;0
19311;108;84;128;lake;false;lakes;0
19312;156;142;128;lake;false;lakes;0
19313;134;113;128;lake;false;lakes;0
19314;136;95;128;lake;false;lakes;0
19315;128;89;128;lake;false;lakes;0
19316;142;86;128;lake;false;lakes;0
19317;113;123;128;lake;false;lakes;0
19318;116;112;128;lake;false;lakes;0
19319;104;110;128;lake;false;lakes;0
19320;182;40;128;lake;false;lakes;0
19321;128;72;128;lake;false;lakes;0
19322;148;106;128;lake;false;lakes;0
19323;127;37;128;lake;false;lakes;0
19324;141;99;128;lake;false;lakes;0
19325;171;56;128;lake;false;lakes;0
19326;187;41;128;lake;false;lakes;0
19327;192;37;128;lake;false;lakes;0
19328;201;73;128;lake;false;lakes;0
19329;190;104;128;lake;false;lakes;0
19330;21;38;128;lake;false;lakes;0
19331;70;50;128;lake;false;lakes;0
19332;38;41;128;lake;false;lakes;0
19333;25;64;128;lake;false;lakes;0
19334;52;34;128;lake;false;lakes;0
19335;185;223;128;lake;false;lakes;0
19336;187;181;128;lake;false;lakes;0
19337;204;198;128;lake;false;lakes;0
19338;133;195;128;lake;false;lakes;0
19339;175;232;128;lake;false;lakes;0
19340;146;225;128;lake;false;lakes;0
19341;211;223;128;lake;false;lakes;0
19342;134;213;128;lake;false;lakes;0
19343;206;224;128;lake;false;lakes;0
19344;192;228;128;lake;false;lakes;0
19345;213;118;128;lake;false;lakes;0
19346;219;62;128;lake;false;lakes;0
19347;236;64;128;lake;false;lakes;0
19348;69;9;128;lake;false;lakes;0
19349;40;51;128;lake;false;lakes;0
19350;55;35;128;lake;false;lakes;0
19351;84;41;128;lake;false;lakes;0
19352;251;187;128;lake;false;lakes;0
19353;222;176;128;lake;false;lakes;0
19354;242;180;128;lake;false;lakes;0
19355;83;37;128;lake;false;lakes;0
19356;91;89;128;lake;false;lakes;0
19357;47;55;128;lake;false;lakes;0
19358;83;162;128;lake;false;lakes;0
19359;118;92;128;lake;false;lakes;0
19360;117;165;128;lake;false;lakes;0
19361;72;47;128;lake;false;lakes;0
19362;122;137;128;lake;false;lakes;0
19363;156;87;128;lake;false;lakes;0
19364;124;187;128;lake;false;lakes;0
19365;15;45;128;lake;false;lakes;0
19366;39;170;128;lake;false;lakes;0
19367;60;64;128;lake;false;lakes;0
19368;46;163;128;lake;false;lakes;0
19369;179;17;128;lake;false;lakes;0
19370;187;121;128;lake;false;lakes;0
19371;203;24;128;lake;false;lakes;0
19372;248;112;128;lake;false;lakes;0
19373;101;235;128;lake;false;lakes;0
19374;164;61;128;lake;false;lakes;0
19375;159;209;128;lake;false;lakes;0
19376;179;92;128;lake;false;lakes;0
19377;194;146;128;lake;false;lakes;0
19378;229;1;128;lake;false;lakes;0
19379;193;165;128;lake;true;lakes;0
19380;215;62;128;lake;false;lakes;0
19381;60;160;128;lake;false;lakes;0
19382;90;10;128;lake;false;lakes;0
19383;178;187;128;lake;false;lakes;0
19384;160;26;128;lake;false;lakes;0
19385;28;148;128;lake;false;lakes;0
19386;59;238;128;lake;true;lakes;0
19387;54;154;128;lake;false;lakes;0
19388;85;229;128;lake;false;lakes;0
19389;224;62;128;lake;false;lakes;0
19390;214;163;128;lake;false;lakes;0
19391;192;94;128;lake;false;lakes;0
19392;223;246;128;lake;false;lakes;0
19393;215;80;128;lake;false;lakes;0
19394;236;201;128;lake;false;lakes;0
19395;37;129;128;lake;false;lakes;0
19396;22;191;128;lake;false;lakes;0
19397;132;39;128;lake;false;lakes;0
19398;178;147;128;lake;false;lakes;0
19399;196;118;128;lake;false;lakes;0
19400;187;191;128;lake;false;lakes;0
19401;23;8;128;lake;false;lakes;0
19402;70;169;128;lake;false;lakes;0
19403;59;64;128;lake;false;lakes;0
19404;101;141;128;lake;false;lakes;0
19405;198;38;128;lake;false;lakes;0
19406;210;164;128;lake;false;lakes;0
19407;42;12;128;lake;false;lakes;0
19408;58;124;128;lake;false;lakes;0
19409;75;222;128;lake;false;lakes;0
19410;74;45;128;lake;false;lakes;0
19411;45;200;128;lake;false;lakes;0
19412;96;61;128;lake;false;lakes;0
19413;237;192;128;lake;false;lakes;0
19414;226;7;128;lake;false;lakes;0
19415;215;168;128;lake;false;lakes;0
19416;44;65;128;lake;false;lakes;0
19417;134;165;128;lake;false;lakes;0
19418;114;6;128;lake;false;lakes;0
19419;159;177;128;lake;false;lakes;0
19420;152;51;128;lake;false;lakes;0
19421;54;143;128;lake;false;lakes;0
19422;48;252;128;lake;false;lakes;0
19423;86;112;128;lake;false;lakes;0
19424;131;230;128;lake;false;lakes;0
19425;112;113;128;lake;false;lakes;0
19426;70;243;128;lake;false;lakes;0
19427;141;119;128;lake;false;lakes;0
19428;149;14;128;lake;false;lakes;0
19429;220;72;128;lake;false;lakes;0
19430;29;194;128;lake;true;lakes;0
19431;31;85;128;lake;false;lakes;0
19432;12;238;128;lake;false;lakes;0
19433;164;71;128;lake;false;lakes;0
19434;177;217;128;lake;true;lakes;0
19435;190;102;128;lake;false;lakes;0
19436;195;191;128;lake;false;lakes;0
19437;90;15;128;lake;false;lakes;0
19438;65;177;128;lake;false;lakes;0
19439;150;56;128;lake;false;lakes;0
19440;130;183;128;lake;false;lakes;0
19441;184;235;128;lake;false;lakes;0
19442;133;80;128;lake;false;lakes;0
19443;182;222;128;lake;false;lakes;0
19444;210;87;128;lake;false;lakes;0
19445;62;205;128;lake;false;lakes;0
19446;112;51;128;lake;false;lakes;0
19447;70;190;128;lake;false;lakes;0
19448;84;82;128;lake;false;lakes;0
19449;202;216;128;lake;false;lakes;0
19450;229;15;128;lake;false;lakes;0
19451;10;192;128;lake;false;lakes;0
19452;31;41;128;lake;false;lakes;0
19453;193;174;128;lake;false;lakes;0
19454;146;30;128;lake;false;lakes;0
19455;159;181;128;lake;false;lakes;0
19456;227;68;128;lake;false;lakes;0
19457;56;44;128;lake;false;lakes;0
19458;58;170;128;lake;false;lakes;0
19459;96;44;128;lake;false;lakes;0
19460;78;179;128;lake;false;lakes;0
19461;197;230;128;lake;false;lakes;0
19462;237;84;128;lake;false;lakes;0
19463;222;41;128;lake;true;lakes;0
19464;243;95;128;lake;false;lakes;0
19465;147;232;128;lake;false;lakes;0
19466;144;56;128;lake;false;lakes;0
19467;184;244;128;lake;false;lakes;0
19468;136;117;128;lake;false;lakes;0
19469;24;200;128;lake;false;lakes;0
19470;80;84;128;lake;false;lakes;0
19471;89;219;128;lake;false;lakes;0
19472;97;82;128;lake;false;lakes;0
19473;131;101;128;lake;false;lakes;0
19474;99;233;128;lake;false;lakes;0
19475;147;150;128;lake;false;lakes;0
19476;161;36;128;lake;false;lakes;0
19477;35;86;128;lake;false;lakes;0
19478;24;242;128;lake;false;lakes;0
19479;32;93;128;lake;false;lakes;0
19480;96;219;128;lake;false;lakes;0
19481;190;80;128;lake;false;lakes;0
19482;235;182;128;lake;false;lakes;0
19483;195;128;128;lake;false;lakes;0
19484;254;222;128;lake;false;lakes;0
19485;75;63;128;lake;false;lakes;0
19486;85;206;128;lake;true;lakes;0
19487;109;85;128;lake;false;lakes;0
19488;167;202;128;lake;false;lakes;0
19489;109;22;128;lake;false;lakes;0
19490;136;196;128;lake;false;lakes;0
19491;170;63;128;lake;false;lakes;0
19492;168;213;128;lake;false;lakes;0
19493;81;51;128;lake;false;lakes;0
19494;72;133;128;lake;false;lakes;0
19495;54;20;128;lake;false;lakes;0
19496;104;168;128;lake;false;lakes;0
19497;231;9;128;lake;false;lakes;0
19498;211;83;128;lake;false;lakes;0
19499;27;25;128;lake;false;lakes;0
19500;45;111;128;lake;false;lakes;0
19501;157;203;128;lake;false;lakes;0
19502;119;131;128;lake;false;lakes;0
19503;218;250;128;lake;false;lakes;0
19504;155;96;128;lake;false;lakes;0
19505;180;171;128;lake;true;lakes;0
19506;222;2;128;lake;false;lakes;0
19507;243;196;128;lake;false;lakes;0
19508;27;60;128;lake;false;lakes;0
19509;113;118;128;lake;false;lakes;0
19510;135;17;128;lake;false;lakes;0
19511;141;156;128;lake;false;lakes;0
19512;208;43;128;lake;false;lakes;0
19513;22;108;128;lake;false;lakes;0
19514;55;229;128;lake;false;lakes;0
19515;73;119;128;lake;false;lakes;0
19516;126;209;128;lake;false;lakes;0
19517;186;114;128;lake;false;lakes;0
19518;187;194;128;lake;false;lakes;0
19519;30;81;128;lake;false;lakes;0
19520;28;202;128;lake;false;lakes;0
19521;254;80;128;lake;false;lakes;0
19522;215;173;128;lake;false;lakes;0
19523;12;113;128;lake;false;lakes;0
19524;22;232;128;lake;false;lakes;0
19525;167;83;128;lake;false;lakes;0
19526;134;193;128;lake;false;lakes;0
19527;191;71;128;lake;false;lakes;0
19528;244;165;128;lake;false;lakes;0
19529;88;57;128;lake;false;lakes;0
19530;96;120;128;lake;false;lakes;0
19531;82;43;128;lake;false;lakes;0
19532;138;141;128;lake;false;lakes;0
19533;233;15;128;lake;false;lakes;0
19534;3;154;128;lake;false;lakes;0
19535;65;15;128;lake;false;lakes;0
19536;88;135;128;lake;false;lakes;0
19537;94;185;128;lake;false;lakes;0
19538;96;58;128;lake;true;lakes;0
19539;115;210;128;lake;false;lakes;0
19540;122;87;128;lake;false;lakes;0
19541;234;163;128;lake;false;lakes;0
19542;243;42;128;lake;false;lakes;0
19543;35;168;128;lake;false;lakes;0
19544;27;71;128;lake;false;lakes;0
19545;157;154;128;lake;false;lakes;0
19546;179;3;128;lake;false;lakes;0
19547;215;153;128;lake;false;lakes;0
19548;222;4;128;lake;false;lakes;0
19549;45;103;128;lake;false;lakes;0
19550;54;235;128;lake;false;lakes;0
19551;111;130;128;lake;false;lakes;0
19552;111;231;128;lake;true;lakes;0
19553;136;146;128;lake;false;lakes;0
19554;116;253;128;lake;false;lakes;0
19555;152;122;128;lake;false;lakes;0
19556;122;40;128;lake;false;lakes;0
19557;8;89;128;lake;false;lakes;0
19558;45;206;128;lake;false;lakes;0
19559;22;134;128;lake;false;lakes;0
19560;36;251;128;lake;false;lakes;0
19561;182;92;128;lake;false;lakes;0
19562;207;196;128;lake;true;lakes;0
19563;220;105;128;lake;false;lakes;0
19564;216;235;128;lake;false;lakes;0
19565;85;36;128;lake;false;lakes;0
19566;110;133;128;lake;false;lakes;0
19567;150;91;128;lake;false;lakes;0
19568;156;147;128;lake;false;lakes;0
19569;139;253;128;lake;false;lakes;0
19570;175;78;128;lake;false;lakes;0
19571;230;13;128;lake;false;lakes;0
19572;215;155;128;lake;false;lakes;0
19573;107;243;128;lake;true;lakes;0
19574;111;37;128;lake;false;lakes;0
19575;125;222;128;lake;false;lakes;0
19576;122;119;128;lake;false;lakes;0
19577;21;213;128;lake;false;lakes;0
19578;22;82;128;lake;false;lakes;0
19579;21;187;128;lake;false;lakes;0
19580;21;40;128;lake;false;lakes;0
19581;168;199;128;lake;false;lakes;0
19582;215;44;128;lake;false;lakes;0
19583;185;150;128;lake;false;lakes;0
19584;204;62;128;lake;false;lakes;0
19585;19;21;128;lake;false;lakes;0
19586;115;146;128;lake;false;lakes;0
19587;151;37;128;lake;true;lakes;0
19588;29;124;128;lake;false;lakes;0
19589;198;215;128;lake;false;lakes;0
19590;65;122;128;lake;false;lakes;0
19591;47;25;128;lake;false;lakes;0
19592;175;97;128;lake;false;lakes;0
19593;124;228;128;lake;false;lakes;0
19594;235;64;128;lake;true;lakes;0
19595;210;202;128;lake;false;lakes;0
19596;127;133;128;lake;false;lakes;0
19597;57;228;128;lake;false;lakes;0
19598;158;64;128;lake;false;lakes;0
19599;141;179;128;lake;false;lakes;0
19600;31;66;128;lake;false;lakes;0
19601;104;160;128;lake;false;lakes;0
19602;212;28;128;lake;false;lakes;0
19603;234;161;128;lake;false;lakes;0
19604;50;1;128;lake;false;lakes;0
19605;50;82;128;lake;false;lakes;0
19606;153;249;128;lake;false;lakes;0
